"key","text","note"
"# --- equipment stat lines (Equipment/Alchemy panel"
"UpgradeItemRelationDesc/CombatAttack_001","Stab Damage +{0:N0}  Dice +{1:N0}","was: Stabbing someone causing injury + {0:N0} Dice + {1:N0} — duel stat line; noun phrase, no space after +"
"UpgradeItemRelationDesc/CombatAttack_002","Stab Damage +{0:N0}","was: Stabbing someone causing injury plus {0:N0} — duel stat line"
"UpgradeItemRelationDesc/CombatAttack_101","Hidden Weapon Damage +{0:N0}","was: Hidden weapon damage increased by {0:N0} — duel stat line; same form as the others"
"UpgradeItemRelationDesc/CombatAttack_102","Hidden Weapon Hit Rate +{0:N0}","was: Hidden weapon hit rate correction +{0:N0} — duel stat line; 'correction' is a calque"
"UpgradeItemRelationDesc/CombatAttack_103","Hidden Weapon Damage +{0:N0}  Dice +{1:N0}","was: Hidden weapon damage +{0:N0}  Hidden weapon dice roll +{1:N0} — duel stat line; shorter, fits the column"
"UpgradeItemRelationDesc/CombatDefence_001","Brace Damage Reduction +{0:N0}","was: Prepare to reduce the punishment by {0:N0} — duel stat line; 備揍 = Brace (the duel command, as in the combat group)"
"UpgradeItemRelationDesc/CombatDefence_003","Move Speed +{0:N0}%","was: Speed increase by {0:N0}% — duel stat line"
"UpgradeItemRelationDesc/CombatPoison_001","Blood Poison +{0:N0}","was: Venomous Poison + {0:N0} — duel stat line; 血毒 = Blood Poison (as in stat tooltips)"
"UpgradeItemRelationDesc/CombatPoison_002","Nerve Poison +{0:N0}","was: Poison nerve + {0:N0} — duel stat line; 神經毒 = Nerve Poison (paralysis)"
"UpgradeItemRelationDesc/CombatPoison_003","Poison Resistance +{0:N0}","was: Antidote + {0:N0} — duel stat line; 抗毒 is a resistance stat, not an antidote"
"UpgradeItemRelationDesc/CombatPoison_004","Paralysis Resistance +{0:N0}","was: Anti‑Dan + {0:N0} — duel stat line; 抗麻 = Paralysis Resistance"
"UpgradeItemRelationDesc/BattleAttack_001","Melee Damage {0:N0}  Crit Rate {1:P0}","was: Close combat damage {0:N0}  Critical hit rate {1:P0} — battle stat line; wrapped to 2 lines"
"UpgradeItemRelationDesc/BattleAttack_101","Direct Fire Damage {0:N0}  Crit Rate {1:P0}","was: Direct fire damage {0:N0}   Critical hit rate {1:P0} — battle stat line; tripled space"
"UpgradeItemRelationDesc/BattleAttack_201","Projectile Damage {0:N0}  Crit Rate {1:P0}","was: Projectile Damage{0:N0} Blast Rate{1:P0} — battle stat line; missing spaces, 爆擊率 = Crit Rate"
"UpgradeItemRelationDesc/BattleAttack_301","Trap Damage {0:N0}","was: The trap inflicted damage on {0:N0} — battle stat line; was a sentence"
"UpgradeItemRelationDesc/BattleDefence_001","All Health +{0:N0}","was: All health + {0:N0} — battle stat line; case/spacing"
"UpgradeItemRelationDesc/BattleDefence_002","Defense Level +{0:N0}","was: Defensive rank +{0:N0} — battle stat line; glossary 防禦 = Defense"
"UpgradeItemRelationDesc/BattleDefence_003","Health Regen/sec +{0:N0}","was: HP regeneration per second +{0:N0} — battle stat line; glossary 生命 = Health, shorter"
"UpgradeItemRelationDesc/BattleEffect_001","Inflicts {0:N0} status effects","was: Triggered {0:N0} abnormal conditions — battle stat line; present tense"
"UpgradeItemRelationDesc/BattlePoison_001","Status: Poison Level +{0:N0}","was: Abnormal Condition: Poison Level +{0:N0} — battle stat line; shorter prefix"
"UpgradeItemRelationDesc/BattlePoison_002","Status: Paralysis Level +{0:N0}","was: Abnormal Condition: Paralysis Level +{0:N0} — battle stat line; shorter prefix"
"UpgradeItemRelationDesc/BattlePoison_003","Status: Poison Resistance Level +{0:N0}","was: Abnormal Condition: Antidote Level +{0:N0} — battle stat line; 抗毒 = Poison Resistance (same stat name as CombatPoison_003), not an antidote"
"UpgradeItemRelationDesc/BattlePoison_004","Status: Paralysis Resistance Level +{0:N0}","was: Abnormal Condition: Antidote Level +{0:N0} — battle stat line; 抗麻 = Paralysis Resistance (same stat name as CombatPoison_004); was mistranslated as Antidote (duplicate of _003)"
"# --- equipment names (Equipment/Alchemy panel title"
"Equip/Name/Melee_10","Tang Clan Elite Small Sword","was: Tang Clan Elite Junior Sword — weapon name; 小劍 = Small Sword as in the other entries"
"Equip/Name/Melee_11","Fish Knife","was: Fish knife — weapon name; Title Case"
"Special/Name/4001","Fish Knife","was: Fish knife — treasure name; Title Case"
"Equip/Name/Melee_12","Coin Sword","was: Money Sword — weapon name; 金錢劍 is the Daoist coin sword"
"Special/Name/4011","Coin Sword","was: Money Sword — treasure name; matches equipment"
"Equip/Name/Melee_20","Tang Clan Heirloom Small Sword","was: Tang Clan's Inherited Small Sword — weapon name; 傳承 = heirloom"
"Special/Name/4005","Tang Clan Heirloom Small Sword","was: Tang Clan's Inherited Small Sword — treasure name; matches equipment"
"Equip/Name/Melee_22","Liquan Small Sword","was: Liquor Spring Small Sword — weapon name; 瀝泉 is Yue Fei's spear Liquan, not liquor"
"Special/Name/4013","Liquan Spearhead","was: Dripping Spring Spearhead — treasure name; same 瀝泉 as the sword"
"Equip/Name/Knife_12","Sleeve Arrow","was: Hidden arrow — thrown weapon name; 袖裡箭, description already says sleeve arrows"
"Equip/Name/Knife_20","Flying Locust Stone","was: Soaring Radiant Stone — thrown weapon name; 飛蝗石, description explains the locust name"
"Equip/Name/Ball_20","Thunder Fire Bomb","was: Thunder Fire Bullet — projectile name; Trap_10 description calls it Thunder Fire Bomb"
"Equip/Name/Trap_01","Grass Needle","was: Grass needle — trap name; Title Case"
"Equip/Name/Poison_10","Black Narcissus","was: Wu Shui Xian — poison name; 烏水仙 = black narcissus (daffodil-bulb poison)"
"Equip/Name/Medi_02","Chuanxin Longdan Decoction","was: Chuanxinlongdan Soup — medicine name; 湯藥 = decoction, split herb names"
"Misc/Name/4102","Chuanxin Longdan Decoction","was: Chuanxinlongdan Soup — item name; matches equipment entry"
"Equip/Name/Medi_03","Pepper Powder Pill","was: Pepper powder ball — medicine name; 丸 = Pill, Title Case"
"Misc/Name/4103","Pepper Powder Pill","was: Pepper powder ball — item name; matches equipment entry"
"Equip/Name/Cloth_01","Tang Clan Uniform","was: Tang Clan uniform — armor name; Title Case"
"Equip/Name/Cloth_10","Heart-Guard Mirror","was: Heart Mirror — armor name; 護心鏡 is the chest-plate mirror"
"Equip/Name/Cloth_11","Lightweight Uniform","was: Lightweighting — armor name; noun, not a process"
"Equip/Name/Cloth_20","Dense Seams","was: Dense seams — armor name; Title Case"
"Special/Name/4006","Dense Seams","was: Dense seams — treasure name; Title Case"
"Equip/Name/Cloth_21","Paper Armor","was: Paper armor — armor name; Title Case"
"Equip/Name/Cloth_22","Leather Uniform","was: Leather uniform — armor name; Title Case"
"Special/Name/4012","Leather Uniform","was: Leather uniform — treasure name; Title Case"
"# --- equipment descriptions (only garbled sentences) ---"
"Equip/Desc/Melee_01","Standard equipment for each Tang Clan disciple. Its appearance resembles a throwing dart, but in reality, it is a mechanical sword with a hollow blade containing a steel ball. Without training in the Hidden Weapon General Principles, it is difficult to wield.","was: ... Without training in the Hidden Weapon General Manual, it is difficult to wield. — item description; the manual is called Hidden Weapon General Principles everywhere else (Book/Name/1000)"
"Equip/Desc/Knife_01","The hidden weapon most commonly used in the Jianghu. Tang Clan disciples often coat their darts with poison, so even if a single dart fails to kill, it can still subdue the enemy.","was: The most commonly used hidden weapons among Jianghu people are the flying daggers of the Tang Clan disciples, who often coat their blades with poison. Even if a single dart fails to kill, it can still subdue the enemy. — item description; sentence was mis-parsed"
"Equip/Desc/Poison_11","One of the Tang Clan's signature poisons, made from three kinds of sinister cordyceps. It combines blood poison and paralysis toxins, making it extremely potent and well suited to coating blades.","was: The Tang Clan is renowned as one of the poisons, crafted from three types of sinister insect herbs. It combines both blood poison and paralysis toxins, making it extremely potent and suitable for application on weapons to injure enemies. — item description; 'The Tang Clan is one of the poisons' was garbled"
"Equip/Desc/Cloth_11","A new uniform that does away with the inhumane sandbag design. Everyone's step is suddenly much lighter, but its defensive value is close to none.","was: Discarding the new uniform with this inhumane sandbag design, everyone's pace immediately lightened considerably, but the defensive capabilities were nearly nonexistent. — item description; it is the sandbags that are discarded, not the uniform"
"Equip/Desc/Ball_20","A black powder made by mixing sulfur, nitre, mashu, yellow wax, pine resin, and other materials. Once it strikes the ground, it explodes instantly with great power. Not something to play around with.","was: A black powder made by mixing sulfur, gunpowder, mashu, yellow wax, pine resin, and other materials. Once it touches the ground and rubs, it explodes instantly with great power‑it's not something to play around with. — item description; hyphen used as dash, 焰硝 = nitre"
"Equip/Desc/Medi_22","A fragment recipe from the Tang Clan Pharmacopoeia, an essential elixir for any journey. Its cool scent refreshes the mind and clears the head; it relieves summer heat, can be lit for warmth in winter, treats diarrhea when mixed with water, and wards off snakes and mosquitoes when rubbed on the wrists. Of all the world's troubles, this remedy resolves eight or nine in ten.","was: Tang Clan Pharmacopoeia Fragment: Essential magical herbs to carry when going out. Its scent is cool and refreshing; ... For all the world's mysteries, this formula can resolve eight or nine out of ten. — item description; 殘方 = fragment recipe (it is an oil, not herbs), same text as Misc/Desc/4106, missing final period"
"# --- consumable / misc item names (Bag > Miscellaneous list; also the shop rows) ---"
"Misc/Name/0001","Improved Tang Clan Wound Salve","was: Tang Clan's Improved Golden Wound Medicine — item name; same 金創藥 as 0002, consistent term"
"Misc/Desc/0001","Improved Tang Clan Wound Salve","was: Tang Clan's Improved Golden Wound Medicine — item description = name"
"Misc/Name/0002","Tang Clan Wound Salve","was: Tang Clan Golden Healing Ointment — item name; 金創藥 = wound salve, consistent with 0001"
"Misc/Desc/0002","Tang Clan Wound Salve","was: Tang Clan Golden Healing Ointment — item description = name"
"Misc/Name/0004","Stomach Tonic","was: Stomach tonic — item name; Title Case"
"Misc/Name/0005","Ineffective Stomach Tonic","was: Ineffective digestive tonic — item name; same 健胃藥 as 0004"
"Misc/Desc/0005","Ineffective Stomach Tonic","was: Ineffective digestive tonic — item description = name"
"Misc/Name/1001","Time-Worn Broken Box","was: Time deceives the frost and withers the box. — item name; was rendered as a sentence with a period"
"Misc/Desc/1001","Time-Worn Broken Box","was: Time deceives the frost and withers the box. — item description = name"
"Misc/Name/2002","Moutai Liquor","was: Moutai liquor — item name; Title Case"
"Misc/Name/2003","Burning Knife Liquor","was: Burning the blade — item name; 燒刀子 is the liquor 'burning knife', not an action"
"Misc/Name/2004","Storax Wine","was: Su He Xiang Wine — item name; 蘇合香 = storax"
"Misc/Desc/2004","It is said to be a medicinal wine used in the imperial court, brewed together with storax, blending its effects into the wine, capable of soothing the five vital energies, making it extremely precious. This wine was secretly brewed by Fourth Senior Brother and his companions over several months, risking pursuit by the authorities, and they only dared to sell it to acquaintances.","was: It is said to be a medicinal wine used in the imperial court, brewed together with Suhexiang, ... by Fourth Senior Brother and their companions ... — item description; storax to match the name, Fourth Senior Brother is male"
"Misc/Name/2005","Lamb Wine","was: Lamb's wine — item name; Title Case, 羊羔酒"
"Misc/Desc/2005","Originating in the Han and Wei dynasties and flourishing between the Tang and Song dynasties, this high-grade liquor is described in the Dongjing Meng Hua Lu: it has a white and lustrous color, and a smooth and sweet taste. It is made by boiling lamb, costus root, almonds, and other medicinal ingredients until tender, then brewing it with millet. It can strengthen the spleen and stomach, benefit the waist, and greatly replenish vital energy.","was: ... this high‑grade liquor is described in Tokyo Dream of Huazhi: ... boiling lamb, wood fragrance, almonds ... — item description; 《東京夢華錄》 is the Song-era Dongjing Meng Hua Lu, not 'Tokyo'; 木香 = costus root"
"Misc/Name/3002","Mengding Dew Buds","was: Mengding Luyou — item name; 露芽 = dew buds, parallel to Emei Snow Buds"
"Misc/Name/4001","Lesser Dragon Elephant Leopard Pill","was: Dragon Elephant Leopard Power Dan — item name; 子丹 = the lesser pill, 丹 = Pill like the other elixirs"
"Misc/Desc/4106","A fragment recipe from the Tang Clan Pharmacopoeia, an essential elixir for any journey. Its cool scent refreshes the mind and clears the head; it relieves summer heat, can be lit for warmth in winter, treats diarrhea when mixed with water, and wards off snakes and mosquitoes when rubbed on the wrists. Of all the world's troubles, this remedy resolves eight or nine in ten.","was: The Tang Clan Pharmacopoeia's remnants are essential elixirs for any journey. With a refreshing scent, it can invigorate the mind ... — item description; first sentence was garbled (殘方 = fragment recipe), same text as Equip/Desc/Medi_22"
"Misc/Name/5002","Grilled Fish","was: Grilled fish — item name; Title Case"
"Misc/Name/5003","Meat-Filled Steamed Bun","was: Meat‑filled steamed buns — item name; singular, Title Case"
"Misc/Name/5006","Herbal Candied Fruit","was: Traditional Chinese herbal candied fruits — item name; shorter, Title Case"
"Misc/Name/5007","Salted Wild Boar","was: Salted Mountain Pork — item name; 山豬 = wild boar as in the description"
"Misc/Name/5008","Red Bean Bun","was: Red bean bun — item name; Title Case"
"Misc/Name/6002","Calla Lily Stem","was: The stem of the calla lily — item name; noun phrase"
"Misc/Name/7001","Discount Coupon","was: Discount coupon — item name; Title Case"
"Misc/Name/7002","Colored Paper","was: Colored paper — item name; Title Case"
"Misc/Name/7003","Mohele Doll","was: Mo he le — item name; 磨喝樂 = Mohele doll, one spelling everywhere"
"Misc/Desc/7003","The popular toy of the day, called Mohele by the nobility of the capital, a term transliterated from Sanskrit. But back in your rural West Shu, it is simply called a clay child. Dolls made of clay and wood, vividly lifelike.","was: The popular toy these days is referred to as Mohe Le among the nobility in the capital ... it is simply called Ni Hai Er. ... — item description; Mohele spelling, 泥孩兒 = clay child"
"Misc/Name/7102","Listening Cloud Wooden Sword","was: Listening to the Cloudwood Sword — item name; 聽雲 = Listening Cloud (the description's Listening Cloud Sword)"
"Misc/Name/7200","Long Xiang's Loose Silver","was: Long Xiang's broken silver — item name; 碎銀 = loose silver"
"Misc/Desc/7200","Long Xiang's travel money, which was stolen from her.","was: The money that Long Xiang had stolen — item description; the money was stolen from her, not by her; missing period"
"# --- Fourth Senior Brother's shop menu options (dialogue choices that name the same items; kept identical to the Misc names above) ---"
"Story/O_Food_Menu_001_002","Burning Knife Liquor","was: Burning the blade — shop menu option; matches Misc/Name/2003"
"Story/O_Food_Menu_001_003","Storax Wine","was: Su He Xiang Wine — shop menu option; matches Misc/Name/2004"
"Story/O_Food_Menu_001_004","Lamb Wine","was: Lamb's wine — shop menu option; matches Misc/Name/2005"
"Story/O_Food_Menu_001_006","Mengding Dew Buds","was: Mengding Luyou — shop menu option; matches Misc/Name/3002"
"Story/O_Food_Menu_001_007","Meat-Filled Steamed Bun","was: Meat‑filled steamed buns — shop menu option; matches Misc/Name/5003"
"Story/O_Food_Menu_001_013","Chuanxin Longdan Decoction","was: Chuanxinlongdan Soup — shop menu option; matches Misc/Name/4102"
"Story/O_Food_Menu_001_014","Pepper Powder Pill","was: Pepper powder ball — shop menu option; matches Misc/Name/4103"
"Story/O_Food_Menu_001_017","Herbal Candied Fruit","was: Traditional Chinese herbal candied fruits — shop menu option; matches Misc/Name/5006"
"Story/O_Food_Menu_001_018","Salted Wild Boar","was: Salted Mountain Pork — shop menu option; matches Misc/Name/5007"
"Story/O_Food_Menu_001_019","Red Bean Bun","was: Red bean bun — shop menu option; matches Misc/Name/5008"
"# --- treasure / keepsake names (Bag > Treasure list) ---"
"Special/Name/1000","Junior Martial Sister's Sachet","was: Junior Martial Sister's sachet — treasure name; Title Case"
"Special/Name/1001","Eldest Senior Brother's Doodle","was: Big Brother's Doodle — treasure name; 大師兄 = Eldest Senior Brother (as in the dice-header group)"
"Special/Name/1002","Xiahou Lan's Hairband","was: Xiahou Lan's hairband — treasure name; Title Case"
"Special/Name/1003","Shangguan Ying's Hairpin","was: Shangguan Ying's hairpin — treasure name; Title Case"
"Special/Name/1004","Long Xiang's Hairpin","was: Hairpin of Long Xiang — treasure name; same form as the other keepsakes"
"Special/Name/1005","Ye Yunshang's Comb","was: Ye Yunshang's comb — treasure name; Title Case"
"Special/Name/2000","Anti-Tang Alliance Member List","was: List of Members of the Anti‑Tang Clan Alliance — treasure name; shorter"
"Special/Desc/2000","Anti-Tang Alliance Member List","was: List of Members of the Anti‑Tang Clan Alliance — treasure description = name"
"Special/Name/2001","Clockwork Locust","was: Mechanical Grasshopper — treasure name; 機巧飛蝗, shorter"
"Special/Name/2002","Kongtong Mohele Doll","was: Kongtong Mohe Le — treasure name; one Mohele spelling"
"Special/Name/2004","Four Treasures of the Study","was: The Four Treasures of the Study — treasure name; no leading article in a list"
"Special/Name/2006","Zhao Huo Mohele Doll","was: Zhao Huo grinds, drinks, and enjoys — treasure name; 磨喝樂 is the doll, not a verb phrase"
"Special/Desc/2006","Zhao Huo Mohele Doll","was: Zhao Huo grinds, drinks, and enjoys — treasure description = name"
"Special/Name/3111","Jianghu Bulletin, November Issue","was: Jianghu Express, November Issue — treasure name; 江湖快報 is 'Jianghu Bulletin' in the other months"
"Special/Name/3112","Jianghu Bulletin, December Issue","was: Jianghu Express, December Issue — treasure name; 江湖快報 is 'Jianghu Bulletin' in the other months"
"Special/Name/3202","Jianghu Bulletin, February Issue","was: Jianghu Express, February Issue — treasure name; 江湖快報 is 'Jianghu Bulletin' in the other months"
"Special/Name/3211","Jianghu Bulletin, November Issue","was: Jianghu Express, November Issue — treasure name; 江湖快報 is 'Jianghu Bulletin' in the other months"
"Special/Name/3212","Jianghu Bulletin, December Issue","was: Jianghu Express, December Issue — treasure name; 江湖快報 is 'Jianghu Bulletin' in the other months"
"Special/Name/3302","Jianghu Bulletin, February Issue","was: Jianghu Express, February Issue — treasure name; 江湖快報 is 'Jianghu Bulletin' in the other months"
"Special/Name/3311","Jianghu Bulletin, November Issue","was: Jianghu Express, November Issue — treasure name; 江湖快報 is 'Jianghu Bulletin' in the other months"
"Special/Name/3312","Jianghu Bulletin, December Issue","was: Jianghu Express, December Issue — treasure name; 江湖快報 is 'Jianghu Bulletin' in the other months"
"Special/Name/4007","Chain Rocket Blueprint","was: Blueprints for the Continuous Rocket — treasure name; matches 4008 Chain Rocket"
"Special/Name/4009","Paper Armor Blueprint","was: Paper armor blueprint — treasure name; Title Case"
"Special/Name/4010","Fierce Fire Oil Cabinet Blueprint","was: Blueprint for the Oil Fire Cabinet — treasure name; matches the Fierce Fire Oil Cabinet trap"
"Special/Name/6001","Five-Colored Dragon Sand Pill","was: Multicolored Dragon Sand Dan — treasure name; 五彩 = five-colored (five elements), 丹 = Pill"
"Special/Name/6003","Huanxu Pill","was: Xuanxu Pill — treasure name; 還虛 romanises as Huanxu (Xuanxu is not used anywhere else)"
"Special/Desc/6003","Huanxu Pill","was: Xuanxu Pill — treasure description = name"
"Special/Name/6005","Panacea Oil Recipe","was: Universal Healing Oil Recipe — treasure name; the item is called Universal Oil | ruled 20260912 (q23): was Universal Oil Recipe"
"# --- book / manual names (Bag > Books list"
"Book/Name/2006","Confucius Sword","was: Sword of Teacher Kong — book name; 孔夫子 = Confucius"
"Book/Name/2007","Firewood Blade Eight Slashes","was: Chai Dao Eight Slashing Techniques — book name; 柴刀 = firewood blade"
"Book/Name/4002","Very Forceful Kick","was: Great Forceful Kick — book name; its own description calls it 'Very Forceful Kick' twice"
"Book/Name/6010","Death by a Thousand Cuts","was: A thousand blades and ten thousand cuts to kill. — book name; was a sentence with a period"
"Book/Name/7017","Withering and Flourishing Divine Skill, Vol. 1","was: Volume One of Withered and Flourishing Divine Skill — book name; title first; 枯榮神功 = Withering and Flourishing Divine Skill (talent 2111)"
"Book/Desc/7017","Withering and Flourishing Divine Skill, Vol. 1","was: Volume One of Withered and Flourishing Divine Skill — book description = name"
"Book/Name/8004","Notes on Eighteen Exotic Weapon Forging Methods","was: Miscellaneous Notes on Eighteen Unique Weapon Training Methods — book name; 鍛法 = forging (see description), shorter"
"Book/Name/8006","Records of Jianghu Ghosts and Spirits, Continued","was: Jianghu Ghostly Chronicles: Continuation — book name; same title as 8005 plus 續"
"Book/Name/8107","Classic of Difficulties","was: Nanjing — book name; 難經, 'Nanjing' reads as the city"
"Book/Name/8109","Nine Turns Fragment","was: Nine Turns of the Fragmented Scroll — book name; 九轉殘篇 = fragment of the Nine Turns manual"
"Book/Name/9001","Classified Materia Medica","was: Compendium of Materia Medica — book name; 證類本草 is the Classified Materia Medica, the Compendium is a different book"
"Book/Desc/8001","Written by Sun Wu, the Spring and Autumn Military Saint, The Art of War is the earliest military treatise of the Central Plains. Comprising thirteen chapters, it discusses military strategy and summarizes war experiences, profoundly influencing military tactics for generations to come.","was: Written by Sun Wu, the Spring and Autumn Military Saint, *The Art of War* is the earliest military treatise in Central Plains. ... — book description; stray markdown asterisks"
"Book/Desc/0000","It records the messy days you spent in the Tang Clan. You write in it whenever you have time. It's already quite dirty, with a few pages missing - torn off back then in a hurry when you had no paper in the outhouse.","was: Recorded the messy days you spent in the Tang Clan. I write whenever I have time. It's already quite dirty; there are missing pages where I tore off toilet paper in a hurry back then. | Fixes the subjectless opening and the stray switch to first-person 'I' when every other book description addresses the player as 'you'."
"Book/Desc/1000","The Tang Clan disciples each possess a martial arts manual that ranks alongside the 'Poison Classic' as one of the two treasures. Without guidance from mentors to teach the heart techniques and force application, self-study would be immensely challenging, making progress virtually impossible. You have already memorized the opening section, 'On Forgetting Form.'","was: ...self‑study would be immensely challenging... | U+2011 in 'self-study' fixed to ASCII hyphen per GLOSSARY."
"Book/Desc/1010","The secret manual of the Flying Stone Gang is a unique hidden weapon technique taught to the gang leader by a master during their youth. It is said that when practiced to perfection, one can strike the surface of calm water with a flying stone, bouncing it eighty-eight times.","was: ...bouncing it eighty‑eight times. | ASCII hyphen fix."
"Book/Desc/1030","The classic hard qigong of the Songshan Sect is the specialty of the Eighteen Bronze Men of Songshan Temple. The Golden Bell Shield cultivates both internal and external strength, fortifying the muscles and bones externally while solidifying the organs internally. Those who achieve mastery have bodies akin to bronze and iron; even when struck by fists and kicks, they feel neither pain nor discomfort.","was: The classic hard qigong of the Songshan School is the specialty of the Eighteen Bronze Men of Songshan Temple. ... | NOMENCLATURE lists 'Songshan School' as the wrong form of 嵩山派; correct is Songshan Sect."
"Book/Desc/2002","The martial art practiced by Cang Gang disciples active in Fujian. Cang Gang has the Shangguan Family's support behind them, a secret known to all but unspoken. Even their blade technique, the Surging Wave Blade Technique, evolved from the Shangguan family's own blade technique, merely adapted to be performed with oars and boat sculls instead, which if anything draws more attention to its origins. When this technique is employed, it resembles the turbulent waves on the river, continuous and relentless. It presses weak opponents with a series of attacks while conserving energy against stronger ones. If an enemy forcefully resists, they are likely to strike at nothing. Any opening will be quickly exploited by subsequent attacks. This combination of softness and hardness, defense within offense and vice versa, makes it an extremely advanced blade technique. But since you're practicing with oars and paddles, you're bound to learn it wrong.","was: The martial arts practiced by the Chan Clan disciples active in Fujian. The Chan Clan has the Shangguan Family's support behind them, a secret known to all but unspoken. Even their sword technique, Fanzhang Dagong, evolved from Shangguan family blade techniques, using oars and ship paddles instead of swords, paradoxically drawing more attention to their origins.  When this technique is employ"
"Book/Desc/2003","...We should be humble yet strive for self-improvement, remain untroubled in times of hardship, be vigilant during feasts and outings, and face the powerful without fear. This is the essence of the gentleman's sword.","was: ...remain untroubled in times of hardship, be vigilant during feasts and outings, and face the powerful without fear...We should be humble yet strive for self‑improvement... | Only U+2011 in this row ('self-improvement') fixed to ASCII hyphen; verified it's the sole non-ASCII hyphen in the string."
"Book/Desc/2004","A combined-strike technique developed in seclusion by a couple from the Emei Sect and the Tang Clan. One wields a fist while the other wields a sword, complementing each other in harmony like a lute and zither in tune - the more their hearts are as one, the greater its power. You have the manual, but you lack a partner.","was: Emei's joint assault technique developed by practitioners of the Tang Clan through closed‑door research. One uses a fist while the other uses a sword, complementing each other harmoniously like a lute and zither in perfect tune; the more their minds align, the greater the power. You have the secret manual, but you lack a partner. | 峨嵋、唐門俠侶 names a couple from BOTH sects, not 'Emei's technique"
"Book/Desc/2005","It requires the use of both blade and sword to be effective. The name is grandiose, but the moves themselves seem flashy and hollow, relying on momentum for a series of chaotic slashes. Surprisingly, many people fall for this.","was: It requires the use of both blades and sabers to be effective. The name is grandiose, but the moves themselves seem flashy and hollow, relying on momentum for a series of chaotic slashes. Surprisingly, many people fall for this. | 劍 must render as Sword, never saber, per GLOSSARY; also aligns to the 'Blade and Sword' singular-paired convention."
"Book/Desc/2006","This set of swordsmanship was drafted by Confucius himself, incorporating the techniques of mounted archery he also taught his disciples. Later, as Confucius traveled through the various states, he gathered sword techniques from the Seven States and refined them further. After his passing, the technique continued to be honed across the succeeding dynasties, embodying the hexagram's meaning of 'As heaven maintains vigor through movement, a gentleman should constantly strive for self-improvement' - resolute and unyielding, it never ceased to improve. Acting with humility, without contention, without preference, and remaining unyielding in the face of great principles - this is what is known as the sword of modesty and harmony, the gentleman's sword.","was: This set of swordsmanship was drafted by Teacher Kong, incorporating the techniques of mounted archery to be taught to disciples. Later, as Teacher Kong traveled through various states, he gathered sword techniques from the Seven States, continuously refining and improving them. Over the course of several dynasties, he pursued excellence, embodying the hexagram's meaning of As heaven maintain"
"Book/Desc/2009","Passed down by the Eastern Han Daoist Zhang Ling, this is the Qingcheng Sect's unique sword technique, blending in the teachings of Zhengyi Daoism. It emphasizes wielding the sword through qi, seeking the Way within the sword, its path open and upright, to slay demons and subdue evil.","was: Taiping Dao teachings transmitted by Zhang Ling during the Eastern Han dynasty, Qingcheng School's unique sword technique that combines these philosophical studies. It emphasizes controlling the sword with one's qi and seeking the Way within the sword, following a clear and righteous path to slay demons and suppress evil. | 正一道 is Zhengyi Dao, a real and distinct Daoist school from the mistra"
"Book/Desc/2011","Fang Zhentian, the junior alliance leader of Jingjiang Nine Counties, became famous for a unique skill in blade art. Originally, it was a mysterious martial technique that required the use of an iron hammer and nails together. By chance, Fang Zhentian obtained this technique, claiming it was his painstakingly created exclusive martial art. To avoid giving away its secrets, he changed the original mallet techniques into blade techniques, omitting the nail methods altogether. As a result, many of the moves became confusing and had significant flaws.","was: Fang Zhen Tian, the junior alliance leader of Jining Nine Counties, became famous for a unique skill in blade art. Originally, it was a mysterious martial technique that required the use of an iron hammer and nails together. By chance, Fang Zhen Tian obtained this technique, claiming it was his painstakingly created exclusive martial art. To avoid giving away its secrets, he changed the origi"
"Book/Desc/2200","The Mud Cult's Six Paths Dharma King, 'Judge' Zhao Kui's renowned ultimate technique. Its movements resemble those of spirit summoning, astonishing and unfathomable, unleashing chilling winds and a ghostly aura. Although it is a sword manual, it also contains records of talismans and other strange arts, making it quite eerie. In truth, how can righteousness and evil be judged by appearances? It all resides in one's heart! With my righteous spirit strong, why should I worry about the idle gossip of the world? Unfazed, I exude an aura of authority, like Zhong Kui reborn, wielding a three-foot Celestial Master sword, vowing not to rest until I vanquish all demons and evils.","was: ...wielding a three‑foot Heavenly Master sword, vowing not to rest until I vanquish all demons and evils. | 天師 is established elsewhere in this file (Book/Name/2200) as Celestial Master, not Heavenly Master; also fixes a stray U+2011."
"Book/Desc/2301","After a lifetime spent perfecting his swordsmanship, Cangsong Swordsman Ye Yunzhou finally gained enlightenment as he bid farewell to his beloved master on Fengyu Mountain. His sword moved like a rushing thunderbolt, surpassing every swift sword of the Diancang Sect - it turned out to be a sword technique of the Tang Clan all along.","was: After a lifetime of practicing swordsmanship, Ye Yunzhao finally gained enlightenment as he bid farewell to his beneficent master on Fengyu Mountain. His sword moved like a rushing thunderbolt, surpassing all the swift swords of the Diancang clan, revealing the techniques of the Tang Clan. | 蒼松劍客 (his NOMENCLATURE-registered title) was dropped entirely; 葉雲舟 is fixed as Ye Yunzhou, not Ye Yunz"
"Book/Desc/2302","...This sword is the Sword Saint's Fourth Ultimate - 'The soul wanders home, sleeves full of fragrance; spring cries at dawn, do not hold it back.'","was: ...This sword is the fourth ultimate move of the Sword Saint‑The soul wanders back home, fragrant sleeves full, spring cries at dawn, do not hold back. | NOMENCLATURE's pattern for 劍聖第N極招 is 'Sword Saint's [Ordinal] Ultimate'; also cleans up the U+2011 used as a sentence separator. Reverted the proposer's 'the cuckoo cries at dawn' back to a literal 'spring cries at dawn' - the source says 春 "
"Book/Desc/2400","...leaving behind a sword technique consisting of thirty-six forms before retreating from the world...but Li Bai replied, 'Don't ask me - if you ask, you won't be able to learn.' Wu E suddenly had an epiphany...","was: ...leaving behind a sword technique consisting of thirty‑six forms before retreating from the world...but Li Bai replied, Don't ask me; if you do, you won't be able to learn. Wu E suddenly had an epiphany... | ASCII hyphen fix; adds quotation marks around Li Bai's line (already quoted with 「」 in the source) for clarity, since it was otherwise unmarked dialogue mid-paragraph."
"Book/Desc/2401","The original Quanzhen sword technique that the ancient Daoist Hao Datong (Tai-Gu Daoren) brought with him when he founded the Quanzhen Sect's branch on Huashan is recorded in this book. Written by Wang Zhe himself and transcribed into seven volumes by Ma Yu (Dan Yang Zi), these volumes were distributed to his fellow disciples as a keepsake in memory of their master. Cultivating both qi and swordsmanship, it is difficult to learn and hard to master, profoundly deep.","was: The original Quanzhen sword technique brought by Hao Datong of Tai‑Gu Dao Ren when he established the Quanzhen School on Huashan Mountain is recorded in this book. Written by Wang Zhe himself and transcribed into seven volumes by Ma Yu, Dan Yang Zi, these volumes were distributed to his disciples as a memorial to their revered master. Training in both qi cultivation and swordsmanship is diffi"
"Book/Desc/3000","In the Songshan Temple, the monks engage in meditation and ascetic practices, needing to sever the three unwholesome roots: greed, anger, and ignorance, which are the fundamental causes of all worldly afflictions. These afflictions drive people to commit various evil deeds. To attain liberation, one must understand the five aggregates and distance themselves from inverted dreams, thus achieving ultimate nirvana. However, how many in this world can truly accomplish this? At this moment, the Suffering Fist serves as a good temporary solution - practicing it and sweating it out leaves you so exhausted that there's no energy left for wild thoughts.","was: ...At this moment, the practice of suffering fist serves as a good temporary solution; through practicing martial arts and sweating it out, one becomes so exhausted that there is no energy left for wild thoughts. | Capitalizes and aligns the in-text reference with the corrected proper name in Book/Name/3000."
"Book/Desc/3001","Named after Emperor Taizu, Zhao Kuangyin, this martial art emphasizes practical combat techniques with strict routines and agile footwork. Movements are like a cat crouching, shaking the body like a tiger, flowing like a dragon, and swift as lightning. Although it bears the name of the founding emperor, it is in truth a Songshan fist technique.","was: Named after Emperor Taizu Zhao Guangyin, this martial art emphasizes practical combat techniques with strict routines and agile footwork. Movements are like a cat crouching, shaking the body like a tiger, flowing like a dragon, and swift as lightning. Although it bears the name of the founding emperor, it is actually Songshanquan. | Emperor Taizu's personal name is 趙匡胤, Zhao Kuangyin - the ol"
"Book/Desc/3002","The Dao De Jing says: 'Heaven and earth are not benevolent; they treat the myriad things as straw dogs.' The 'dog' in the Dog-Beating Fist is not a real dog, but any enemy in this world - whoever they are, they're treated the same, beaten like a dog. What's there to fear from a mere pup? As long as you believe you'll win and your presence overpowers theirs, even a wolf or a tiger will tuck its tail and run from you.","was: The Dao De Jing says: Heaven and earth are not benevolent; they treat all creatures as straw dogs. Bruised Dog Fist refers to the dog not as a real dog, but rather as any enemy in this world. Whoever it is, they are treated equally, beaten like a dog. A mere pup, what should one fear? As long as one believes they will win and their momentum surpasses the other, even wolves or tigers would hav"
"Book/Desc/3020","The poison techniques of the Five Poisons Cult in Miaojiang are said to rival the Tang Clan's Poison Classic, each excelling in its own way with different pharmacological principles. Borrowing from other disciplines can still provide new insights.","was: The venom techniques of the Five Poisons Sect in Miaojiang are said to be on par with those of the Tang Clan's Venom Classics, each excelling in its own right and employing different pharmacological principles. Borrowing from other disciplines can provide new insights. | 教 always renders as Cult, so 五毒教 is Five Poisons Cult, not Sect; 毒經 is already established (Book/Desc/1000) as Poison Class"
"Book/Desc/4001","One of the renowned hard techniques of the Songshan Sect, based on the kicking post technique, involves practitioners tying sandbags to their legs and alternating kicks against wooden posts for a hundred times per session. Beginners practice three sessions a day: morning, noon, and evening. As their skills deepen, it becomes routine to kick ten or even twenty sessions in a single day. After a hundred days, once the sandbags are removed, their legs become light and agile, with power as fierce as before. The foundation is established, and they can then practice techniques such as flicking, stepping, kicking, smashing, swinging, thrusting, lifting, and sweeping, all of which can be executed effortlessly with their feet.","was: Beginners practice three sessions a day‑morning, noon, and evening. | Stray U+2011 was gluing 'day' and 'morning' together as a false compound instead of introducing a list; a colon resolves the run-on."
"Book/Desc/4002","Originally named 'Wind and Thunder Divine Leg Technique,' it was the signature leg technique of the handsome martial artist Wind God Xie Wuchen, known for his prowess in leg techniques. Unfortunately, during his challenge against the Hungry Ghost Path Dharma King Liu E, he suffered public humiliation with the 'Offending Sword' move. Enraged and overcome by sudden anger, Xie Wuchen vomited blood and lost the battle, forcing him to rename his 'Wind and Thunder Divine Leg Technique' to 'Very Forceful Kick.' Very Forceful Kick is extremely fierce when used, swift in speed, like a gust of wind or thunder striking. It can crack mountain rocks with a single kick and conquer all before it; truly unparalleled in its power.","was: Originally named 'Wind and Thunder Divine Foot Technique,' it was the signature leg technique of the handsome martial artist Wind God Jie Wuchen... | The same description later calls the same technique 'Wind and Thunder Divine Leg Technique' - unifies the earlier 'Foot' mention to 'Leg', matching both the surrounding 腿法 context and the later renaming reference. | ruled 20260912 (q09): was Originally named 'Wind and Thunder Divine Leg Technique,' it"
"Book/Desc/4003","It is said that on a day of leisure, the White Ape Patriarch of Emei Sect went to seek amusement with his mountain friends. Unintentionally, he stumbled upon a scene so shocking and unforgettable that it left an indelible impression. A mountain ape was holding onto a white rabbit, while a snake coiled around the ape's body. An eagle descended from the sky to attack the snake. The white rabbit managed to escape and stepped on the eagle's eye. This scene flashed before their eyes in an instant; all four creatures were greatly startled and scattered in panic. Only the White Ape Patriarch stood there stunned for a moment before returning to his quarters. For three days, he could not eat or drink, lost in thought. Finally, on the third day during breakfast time, he suddenly understood the sequence of events and stood up, demonstrating the Snake, Rabbit, Eagle, Ape Combat in front of all the disciples. Each disciple tried to understand it based on their capabilities; some grasped more than others. However, only one person mastered the Rabbit Shape Fist.","was: It is said that on a day of leisure, White Monkey Patriarch of Emei Sect went to seek amusement with his mountain friends...A monkey was holding onto a white rabbit, while a snake encircled the body of the monkey...demonstrating the Snake Rabbit Eagle Monkey Combat in front of all the disciples. | 白猿 is an ape, not a monkey per NOMENCLATURE (distinct from 猿王 Monkey King); unifies the techniqu"
"Book/Desc/4004","One of the seven legendary techniques of the Wulin Alliance Leader, Great Hero Long Yuan - the Xuanxuan Ruyi Finger. Mysterious and wondrous, deft as an empty hand, it lets him catch an opponent's weapon and probe their pockets bare-handed, never failing. In his youth, Long Yuan used this technique more than once to pilfer people's money, and only once he had matured and taken up the weight of the Wulin's fate did he strike the pickpocketing method from the manual.","was: The Wulin Alliance Leader Great Hero Long Yuan is known for one of his seven world‑renowned techniques: Xuan Xuan Ruyi and Miao Shou Kongkong. With bare hands, he can intercept an opponent's weapon... | 玄玄如意 and 妙手空空 are descriptive idioms characterizing one technique (named in Book/Name/4004), not two separate technique names joined by 'and' as the old text implies. Restored the paragraph's "
"Book/Desc/4005","An ancient manual, written in Sanskrit, lies hidden beneath the Scripture Repository; had it not been for the earthquake, it might have remained unseen forever...","was: An ancient manual, written in Sanskrit, lies hidden beneath the Sutra Repository; had it not been for the earthquake, it might have remained unseen forever... | NOMENCLATURE sets 藏經閣 as Scripture Repository; 'Sutra Repository' wrongly mixes two of its own rejected alternate forms (Sutra Pavilion + Repository Chamber)."
"Book/Desc/4006","...representing the ultimate manifestation of Xingyi Fist. ...","was: ...representing the ultimate manifestation of Xingyi Quan. ... | NOMENCLATURE explicitly bans mixing Quan and Fist in one document; correct form for 形意拳 is Xingyi Fist."
"Book/Desc/4008","The Beggar Sect is skilled in handling snakes. The snake-shaped fist technique of the Beggar Sect not only mimics the movements of a snake but also genuinely fights with live snakes. When executing punches and kicks, it must coordinate with the snakes. Besides striking with beaks, wrapping, and seizing, there is a hidden lethal move. When this technique is perfected, the snakes will suddenly burst from the sleeves to bite their targets unawares!","was: The Beggar Sect is skilled in handling snakes. The snake‑shaped fist technique of the Beggar Sect not only mimics the movements of a snake... | ASCII hyphen fix."
"Book/Desc/4009","Qingcheng is renowned for its seclusion. It boasts thirty-six yin-yang peaks, backed by the snow-capped mountains...After many years of solitary practice, the wealthy merchant took over as Sect Leader and wrote this book. Its every word reflects his joyful spirit from leisurely strolls among the thirty-six peaks...","was: Qingcheng is renowned for its seclusion. It boasts thirty‑six yin‑yang peaks, backed by the snow‑capped mountains...After many years of solitary practice, the wealthy merchant took over as the headmaster and wrote this book. Its every word reflects his joyful spirit from leisurely strolls among the thirty‑six peaks... | Multiple stray U+2011 fixed; 掌門 is always Sect Leader per GLOSSARY/NOMENC"
"Book/Desc/4010","Casual notes from the military career of the Asura Path Dharma King; their content is less about martial arts than about battlefield experience.","was: Dharma King's Asura Path: Casual Notes from His Military Career, the content herein is more about battlefield experiences than martial arts. | Restructures a title-fragment-glued-to-sentence into one coherent sentence; 'Asura Path Dharma King' also matches the established '[Six Paths member] Path Dharma King' pattern used elsewhere in this file (e.g. Hell Path, Hungry Ghost Path)."
"Book/Desc/4020","The lightness skill and leg techniques of the Quanzhen Sect, Xiaoyao You...Every day, disciples of the Quanzhen Sect practice their skills...","was: The lightness skill and leg techniques of the Quanzhen sect, Xiaoyao You...Every day, disciples of the Quanzhen sect practice their skills... | Capitalization consistency: 全真派 is Quanzhen Sect, Title Case."
"Book/Desc/6002","Kongtong Sect · Flying Heaven Gate's secret manual. It is a simplified, introductory version of the 'Immortal Crane's Elusive Fist' that a former sect leader created to teach disciples. It omits the elusive footwork and complex fist forms, focusing solely on lower-body agility training, making it simple and easy to understand.","was: Kongtong School · Flying Heaven Gate's secret manuals. These are simplified versions of the 'Immortal Crane Bewilderment Fist' for initial discipleship instruction. They omit the bewilderment and fist routines, focusing solely on lower‑body agile techniques, making them simple and easy to understand. | 'Kongtong School' corrected to 'Kongtong Sect'; 仙鶴迷蹤拳 fixed to the established Immortal Cra"
"Book/Desc/6003","Kongtong Sect · Flying Heaven Gate's traditional martial art. Their movements are light and nimble, with quick fists and loose footwork, making them exceptionally agile and versatile...However, this fist technique is so complex - consisting of thirty-six paths, seventy-two transformations, and one hundred and eight follow-up moves - that it is very difficult to master. As a result, few within the Flying Heaven Gate ever study it in depth.","was: Kongtong Sect. The flying heaven school of martial arts passed down through the sect. Their agility is light and graceful, with quick punches and loose steps, making them most nimble and versatile...However, this style of fist technique is overly complex, consisting of thirty‑six paths, seventy‑two transformations, and one hundred and eight subsequent moves, making it very difficult to master"
"Book/Desc/6004","The claw technique uniquely created by the once-renowned bizarre thief, Iron-Face Man...he came out into the open and challenged Southern Hero Zhan Zhao to a fair fight...","was: Zheng Ming created the claw technique of the bizarre thief Iron‑Face Man...secretly approaching Southern Hero Zhang Zhao for a fair challenge... | 'Zheng Ming' is a fabricated name - the source has no such person, only 曾經名動一時 ('once renowned for a time') describing Iron-Face Man himself; 展昭 is the classical character Zhan Zhao, not Zhang Zhao."
"Book/Desc/6005","It is said that this is the martial art practiced by Xu Qing, the third of the Five Heroes of Xiankong Island...earning him the nickname Mountain-Burrowing Mouse.","was: It is said that this is the martial art practiced by Xu Qing, the third of the Five Heroes of the Floating Island...earning him the nickname Mountain‑Burrowing Mouse. | 陷空島 means a sunken/hollow island, the opposite of 'Floating Island'; transliterating avoids inventing a coinage for this classical-novel place name not covered by the register."
"Book/Desc/6006","The signature skill of the White Ape Patriarch of the Emei Sect - strictly speaking, also a form of monkey fist, though it diverges significantly from the folk versions of monkey fist. The power emanates from the back and travels through the shoulder to reach the elbow and fingers - this is what is meant by 'connecting the arms.'","was: The signature skill of the White Ape Patriarch of the Emei School is strictly speaking a form of monkey fist, yet it diverges significantly from the folk versions of monkey fist. The power emanates from the back and travels through the shoulder to reach the elbow and fingers, which is known as reach arm. | 'Emei School' corrected to Emei Sect; the closing now matches 'Connecting Arms', establ"
"Book/Desc/6007","Jianghu's foremost beauty, Soul-Stealing Orchid, is renowned for her signature skill. Combining the Snow Mountain Sect's internal skill with the Soul-Stealing Gate's stealth techniques...The four devastating moves - Crumbling Heart, Corroding Bone, Soul Devouring, and Soul-Stealing - grow more vicious with each strike, extremely poisonous.","was: Jianghu's foremost beauty, Soul‑Stealer Youlan, is renowned for her signature skill. Combining the Snow Mountain Sect's internal cultivation with the Soul‑Stealer School's stealth techniques...The four devastating moves‑Crumbling Heart, Corroding Bone, Soul Devouring, and Soul Stealer‑are each more ruthless than the last, extremely poisonous. | 奪魄幽蘭 is fixed as Soul-Stealing Orchid, not 'Soul | ruled 20260912 (q15): was Jianghu's foremost beauty, Soul-Stealing Orchid, is renowned"
"Book/Desc/6008","The martial art move known as the Treading-on-the-Moon Style, created by your Eldest Senior Brother of the Tang Clan, is recorded in the sequel to Ascending Cloud Staircase...Among these moves, the Treading-on-the-Moon Style is an offensive technique...the true meaning of the Treading-on-the-Moon Style is to step on opponents' weapons...","was: The martial art move known as the Treading‑on‑the‑Moon Style, created by your senior brother of the Tang Clan, is recorded in the sequel to Ascending Cloud Staircase...Among these moves, the Treading‑on‑the‑Moon Style is an offensive technique...the true meaning of the Treading‑on‑the‑Moon Style is to step on opponents' weapons... | 大師兄 is specifically Eldest Senior Brother, distinct from the"
"Book/Desc/6009","Your mentor Xiahou Lan combined the essence of the Soul-Stealing and Snow Mountain schools, distilled away the dross, and blended in Crane-Controlling Qigong to finally create this divine skill...its follow-up hidden without form.","was: Your mentor, Xiahou Lan, has mastered the Soul‑Stealer technique, distilling the essence of the two families of the Snowy Mountain, refining it to perfection, and blending it with the Crane Controlling Qi Gong to finally create this divine skill...the follow‑up is hidden in invisibility. | 'The two families of the Snowy Mountain' garbles 奪魄、雪山兩家 (the two schools, Soul-Stealer and Snow Mountai | ruled 20260912 (q15): was Your mentor Xiahou Lan combined the essence of the Soul-Stea"
"Book/Desc/6010","The extremely insane Blade Technique was created by a third-rate blade-wielder burdened with the hatred of having their spouse taken from them...","was: The extremely insane Blade Technique was created by a third‑rate Blade Master burdened with the hatred of having their spouse taken away... | Fixes a stray U+2011; also resolves the odd pairing of 'Master' with 'third-rate', since 刀客 just means a blade-user, not necessarily a master."
"Book/Desc/6011","Along with the Soul-Stealing Gate's Soul-Quelling Skill, the Iron Fist Gate's Wound Fist, and the Mystic Skill Gate's Iron Pipa Skill, this lost Divine Power of the Flying Heaven Gate traces back to the Southern Peak True Scripture. It is the original form behind both the Flying Heaven Kick and the Immortal Crane's Elusive Steps...fierce enough to pierce the Golden Bell Shield with a single toe, gentle enough to seal an opponent's acupoint with the faintest pressure.","was: Soul‑Stealer Iron Fist and Injury Fist from Mystic Skill Iron Guqin Technique are all derived from the lost divine arts mentioned in the Southern Peak True Scripture. The Flying Heaven Kick and the original Crane Shadow Footsteps form the foundation...it can pierce through the Golden Bell Robe with one toe, or block an opponent's acupoint with subtle pressure. | The old text garbles four sepa | ruled 20260912 (q15): was Along with the Soul-Stealer Gate's Soul-Quelling Skill, the "
"Book/Desc/6012","...While the techniques may be considered at most second-rate, they contain the intricate knowledge of both medicine and poison from the Tang Clan...","was: ...While the techniques may be considered at most second‑rate, they contain the intricate knowledge of both medicine and poison from the Tang Clan... | ASCII hyphen fix."
"Book/Desc/7000","A classic underhanded trick of the Jianghu, favored by many a petty scoundrel. When facing an enemy too strong to beat, one can seize the moment to seal off one's own meridians...Or, if a ruthless enemy comes along and sees the body lying there, they might strike twice more without a second thought - turning a fake death into a real one.","was: Classic tricks in the Jianghu often involve many small people. When facing a powerful enemy and unable to match their strength, one might seize an opportunity to seal off their own meridians by force...Moreover, attracting a fierce opponent who, upon seeing them fallen, may immediately strike twice, turning fake death into real death. | 'Many small people' mistranslates 小人 (petty scoundrels),"
"Book/Desc/7001","The Beggar Sect's Everyone-Knows Song Lotus Falls is actually a cultivation chant that focuses on survival skills...","was: The Beggar Sect's Everyone‑Knows Song Lotus Falls is actually a cultivation chant that focuses on survival skills... | ASCII hyphen fix."
"Book/Desc/7002","The Quanzhen Sect promoted its teachings and enlightened the common people by deliberately spreading these external cultivation qi exercises...Villagers and elders everywhere had a copy of these practices, effectively serving as national health exercises...","was: The Quanzhen sect promoted its teachings and enlightened the common people by deliberately spreading external cultivation qi exercises...Every villager, father, and elderly person had a copy of these practices, effectively serving as national health exercises... | Capitalization consistency for Sect; 鄉親父老 is the set phrase for 'the local folk and elders', not a literal enumeration of 'village"
"Book/Desc/7005","The Daoist Azure Dragon's Cry is likened to the Nine Heavens Dragon's Cry, describing a cultivator ascending to transcendence with a clear and resounding exhalation, akin to a dragon's cry piercing through the air.","was: Daoist Azure Dragon's Sigh is likened to the Nine Heavens Dragon's Roar, describing a cultivator ascending to transcendence with a clear and resounding exhalation... | NOMENCLATURE fixes 蒼龍吟 as Azure Dragon's Cry ('Azure Dragon's Sigh' is explicitly listed wrong); unifies both instances of 龍吟 in the sentence to the same word for internal consistency."
"Book/Desc/7006","...It is said that once a man marries, the hard-earned power from practicing will dissipate...","was: ...It is said that once a man marries, the hard‑earned power from practicing will dissipate... | ASCII hyphen fix."
"Book/Desc/7008","Practitioners must stand on one leg, balanced on a post, supporting the pipa with that leg - this is the lightness skill of the Flying Heaven Gate's 'Crane Stance.' To pluck the iron pipa's strings, one must first master the Soul-Stealing Gate's 'Frost Blade Breaking Bamboo Finger.' Next, to set the sound box resonating, one must channel the Mystic Skill Gate's Internal Force to make it vibrate. In battle, one can even snatch up the pipa itself as a weapon, unleashing the Iron Fist Gate's 'Ruyi Smash' to crush an enemy's skull...","was: Practitioners must stand on one leg, supporting the pipa with their leg; this is the lightness skill of the Flying Heaven Gate's Crane Stance. To stir the strings of the Iron Zither, one must first practice the Soul‑Stealer Sect's Frost Blade Breaking Bamboo Finger. Next, to activate the sound box, one must utilize the inner strength of the Mystic Skill Sect to create resonance. In combat, on | ruled 20260912 (q04,q15): was Practitioners must stand on one leg, balanced on a post, sup"
"Book/Desc/7009","The Flying Heaven Gate and the Soul-Stealing Gate are competing to be the face of Kongtong Sect...By employing the Heartburn Seal, they can temporarily accelerate the heartbeat...","was: The Flying Sky Sect and the Soul‑Stealer Sect are competing for the facade of Kongtong Sect...By employing the Burning Heart Fire Seal, they can temporarily accelerate their heartbeat... | 'Flying Sky Sect' corrected to Flying Heaven Gate; 'Soul-Stealer Sect' corrected to Soul-Stealer Gate; 'Burning Heart Fire Seal' is an explicitly rejected form of 焚心火印, whose established name (Book/Name/700 | ruled 20260912 (q15): was The Flying Heaven Gate and the Soul-Stealer Gate are competi"
"Book/Desc/7010","The Heart Method of the now non-existent Snow Mountain Sect is practiced with very special methods...","was: The Heart Method of the now non‑existent Snow Mountain Sect is practiced with very special methods... | ASCII hyphen fix."
"Book/Desc/7011","The Palace Master of Jinxiang Palace painstakingly created this technique, which evolved from the Nangong Heart Method...","was: The leader of Jinxiang Palace, Fei Sha, painstakingly created this technique, which evolved from the Nangong Heart Method... | 'Fei Sha' is a fabricated name - 費煞苦心 is the set idiom 'went to great trouble', not a person's name."
"Book/Desc/7013","...His blade and sword technique was known as Cleaving Star Threads...In that year, Long Yuan commanded the heroes to storm the old Demon Cult's main temple, where he fought alone against the Supreme Bliss Cult Leader...his hidden weapon as the Ruyi Finger; and his internal skill as the Profound Transformation Skill.","was: ...His dao and saber technique was known as Cleaving Star Threads...In that year, Long Yuan commanded the heroes to storm the old Demon Sect's main temple, where he fought alone against Supreme Bliss Sect Leader...his hidden weapon as Wishful Finger; and his internal skill as Profound Transformation Art. | 刀劍 is always Blade and Sword, never dao and saber; 魔教 is Demon Cult, not Sect; 極樂教 is S"
"Book/Desc/7014","The heart method passed down through the Shangguan lineage, one of the Wulin's Three Great Families - the true essence of the Surging Wave Blade Technique...wherever its Internal Force reaches, its power only grows...","was: The heart method of the Shangguan family's three great aristocratic clans, the essence of the surging saber technique...amplifying inner strength even further... | The old text reverses the source: Shangguan is one of the Wulin's Three Great Families, not the possessor of three subordinate clans; 'surging saber technique' corrected to the established Surging Wave Blade Technique; 內力 capitaliz | ruled 20260912 (q04): was The heart method passed down through the Shangguan lineage, "
"Book/Desc/7015","The Qingcheng Sect's Internal Skill Heart Method advocates for non-action in cultivation, guarding emptiness to attain the void...","was: The inner strength heart method of the Qingcheng School advocates for non‑action in cultivation, maintaining emptiness to achieve virtuality... | 'Qingcheng School' corrected to Qingcheng Sect; 內功 is Internal Skill, distinct from 內力 Inner Strength - the two may never borrow each other's words."
"Book/Desc/7016","The Daoist Tiger's Roar Skill is modeled after the fierce roar of a tiger, symbolizing the courage and perseverance of cultivators...","was: Daoist Tiger Roar Technique is modeled after the fierce roar of a tiger, symbolizing the courage and perseverance of cultivators... | Must match the corrected name in Book/Name/7016."
"Book/Desc/7018","The mystical martial arts of the Qingcheng Sect blend the principles of Taiji...","was: The mystical martial arts of the Qingcheng School blend the principles of Taiji... | 'Qingcheng School' corrected to Qingcheng Sect."
"Book/Desc/8003","...They include hiding stones or caterpillars in snowballs, stuffing snowballs into pants - she leaves no stone unturned in her cruel tactics.","was: ...They include hiding stones or caterpillars in snowballs, stuffing snowballs into pants‑she leaves no stone unturned in her cruel tactics. | Stray U+2011 glued two clauses together with no space."
"Book/Desc/8004","Notes written by Lei Qian, the current Iron Fist Gate Leader of Kongtong. Aware of their own limited talent...","was: Notes written by Lei Qian, the current leader of the Kongtong Iron Fist Sect. Aware of their own limited talent... | 鐵拳門 is Iron Fist Gate, and NOMENCLATURE's own pattern for a Gate's leader is '[Gate] Gate Leader' (see 玄功掌門 = Mystic Skill Gate Leader)."
"Book/Desc/8005","...the author's intent was to warn innocent commoners not to be deceived by others...","was: ...the author's intent was to warn innocent civilians not to be deceived by others... | 百姓 is fixed as Commoners; 'civilians' is explicitly listed as a form to avoid."
"Book/Desc/8006","Records of Jianghu Ghosts and Spirits is an anonymous account written with his mouth instead of hands. The document describes how he went from an innocent and healthy child...he managed to escape and took revenge with the Jujube-Pit Dart, honed through hard practice in prison.","was: Jianghu Ghost Domain Record is an anonymous account written with his mouth instead of hands. The document describes how he went from a innocent and healthy child...he managed to escape and took revenge by refining the peach seed spike inside the prison. | Third inconsistent rendering of the same book's title within two adjacent rows; 核棗釘 is fixed as Jujube-Pit Dart, not a peach seed spike; al"
"Book/Desc/8008","...those with great Internal Force can merely fan the air to harm an opponent...What makes them truly remarkable is their graceful bearing - modest, unarrogant, and harmonious in demeanor.","was: ...those with strong internal energy can merely fan the air to harm an opponent...What makes them truly remarkable is their graceful bearing‑modest, unarrogant, and harmonious in demeanor. | 內力 is the register term Inner Strength; also fixes a stray U+2011 glued between two clauses. | ruled 20260912 (q04): was ...those with great Inner Strength can merely fan the air to"
"Book/Desc/8009","...The mother-and-son mandarin duck axe, the mechanical saw, and the grappling hook with flying claws are all included.","was: The mother‑and‑son mandarin duck axe, the mechanical saw, and the grappling hook with flying claws are all included. | ASCII hyphen fix."
"Book/Desc/8010","The hand-copied manuscript of Nangong Zhi, Founding Patriarch of the Nangong family and Wulin Alliance Leader...often used as a model for Nangong family members to practice calligraphy.","was: Nangong Gaozu, hand‑copied manuscript by Alliance Leader Nangong Zhi of the Wulin Alliance...often used as a model for Nangong clan members to practice calligraphy. | 'Nangong Gaozu' misreads 南宮高祖, a title for Nangong Zhi himself, as if it names a second, separate person; 'Nangong clan' corrected to Nangong family (Clan is reserved for the Tang Clan)."
"Book/Desc/8011","Not only does the book cover the various weapons and tools of the Fire Mountain Sword Pavilion...utilizing the geothermal heat from Fire Mountain, which is more authentic and rigorous...","was: Not only does the book cover the various weapons and tools of the Fire Flame Mountain Sword Pavilion...utilizing the geothermal heat from Fire Flame Mountain, which is more authentic and rigorous... | Same place established in NOMENCLATURE as Fire Mountain Sword Pavilion; 'Fire Flame Mountain' is its explicitly rejected form."
"Book/Desc/8100","A Heart Method of the Mud Cult's Heavenly Path, in the manner of the Demon Cult. A cultivation qigong evolved from medical texts...while also tonifying qi and nourishing blood - extremely effective, with the power to restore yang and reverse yin decline.","was: Mud Cult's Heavenly Path Demon Sect Heart Method. A cultivation qi gong evolved from medical texts...while also tonifying qi and nourishing blood‑extremely effective with the ability to restore yang and counteract yin. | 魔教 is Demon Cult, not Sect; also clarifies the confusing noun pileup and fixes a stray U+2011 that had glued two clauses together."
"Book/Desc/8101","This medical classic, written by the Medicine King Sun Simiao, is a monumental work that encompasses both empirical and theoretical prescriptions...The opening chapter, 'Great Physicians and Sincere Intent,' discusses medical ethics...","was: The Medical Classic written by the Medicine King Sun Simiao is a monumental work that encompasses both empirical and theoretical prescriptions...The opening chapter, Great Physicians and Sincere Intent, discusses medical ethics... | 'The Medical Classic' wrongly reads as this book's actual title (its real title, verified, is 'Essential Formulas for Emergency Treatment' in Book/Name/8101); low"
"Book/Desc/8102","...but this book was compiled by later scholars from the Shanghan Lun and the Jingui Yaolue.","was: ...but this book was compiled from the Shang Huan Lun and the Jin Gu Yao Lue. | 傷寒論 transliterates to Shanghan Lun, not Shang Huan Lun; 金匱要略 transliterates to Jingui Yaolue, not Jin Gu Yao Lue; also restores 後人 ('later scholars'), dropped by the old text."
"Book/Desc/8104","...observing that a bowl of water contains eighty-four thousand insects, which represent poison...","was: ...observing that a bowl of water contains eighty‑four thousand insects, which represent poison... | ASCII hyphen fix."
"Book/Desc/8105","...This book is a hand-copied edition by Wei Ju, with delicate handwriting...","was: ...This book is a hand‑copied edition by Wei Ju, with delicate handwriting... | ASCII hyphen fix."
"Book/Desc/8107","The full title is Huangdi's Eighty-One Difficulties Classic, a renowned medical work...","was: The full title is Huangdi's Eighty‑One Difficulties Classic, a renowned medical work... | ASCII hyphen fix."
"Book/Desc/8108","This book includes popular paper-folding schemes from ancient to modern times, such as paper boxes, boats, frogs, cranes, fish, flowers, swords, and cloud-ladders. The illustrations are detailed, and the instructions are clear. With this book, anyone can become a paper-folding warrior.","was: This book includes popular paper‑folding schemes from ancient to modern times, such as paper boxes, boats, frogs, cranes, fish, flowers, swords, and cloud‑ladders. The illustrations are detailed, and the instructions are clear. With this book, anyone can become a paper‑folding warrior. | Three instances of U+2011 fixed to ASCII."
"Book/Desc/8109","...one of the Three Treasures of the Supreme Bliss Cult. ...","was: ...one of the Three Treasures of Supreme Bliss Sect. ... | 極樂教 is fixed as Supreme Bliss Cult; 教 is always Cult, never Sect."
"Book/Desc/9001","An important medical text from the Song Dynasty, it records illustrated catalogs of many kinds of medicinal herbs.","was: Important medical texts from the Song Dynasty recorded multiple illustrations of herbal plants. | Fixes a subject-verb number/tense mismatch ('texts' plural with past-tense 'recorded') that read as a garbled historical fragment rather than a description of the book's contents, and matches the present-tense convention used for book descriptions throughout this file."
"Book/Name/1000","Hidden Weapon General Principles","was: Tang Clan Hidden Weapon General Principles | NOMENCLATURE pins this exact row to 'Hidden Weapon General Principles' with no Tang Clan prefix."
"Book/Name/2005","Heaven-Slaying Black Wing Twin Dragon Sword","was: Heaven‑Slaying Black Wing Twin Dragon Sword | ASCII hyphen fix."
"Book/Name/2009","Three-Five Demon-Slaying Sword","was: Three‑Five Demon‑Slaying Sword | ASCII hyphen fix (two instances)."
"Book/Name/3000","Suffering Fist","was: Sorrowful Fist | The technique's own description (Book/Desc/3000) already calls it 'suffering fist' - a technique must keep one English name across every mention within the corpus."
"Book/Name/3002","Dog-Beating Fist","was: Dog Punch | NOMENCLATURE explicitly lists 'Dog Punch' as the wrong form of 揍狗拳; correct is Dog-Beating Fist."
"Book/Name/4001","Vajra Leg","was: Diamond Leg | NOMENCLATURE explicitly lists 'Diamond Leg' as the wrong form of 金剛腿; correct is Vajra Leg."
"Book/Name/4004","Xuanxuan Ruyi Finger","was: Xuanxuan Wish Fulfilling Finger | NOMENCLATURE keeps 如意 as pinyin 'Ruyi' as a Buddhist/Daoist term of art; this technique's own description (Book/Desc/4004) already uses 'Ruyi'."
"Book/Name/4009","Qingfeng Thirty-Six Techniques","was: Qingfeng Thirty‑Six Techniques | ASCII hyphen fix."
"Book/Name/6003","Immortal Crane's Elusive Fist","was: Crane's Mysterious Footsteps Fist | NOMENCLATURE explicitly splits 仙鶴迷蹤步 (Elusive Steps) from 仙鶴迷蹤拳 (Elusive Fist) to prevent exactly this collision."
"Book/Name/6007","Soul-Stealing Phantom Claw","was: Soul‑Stealer Phantom Claw | NOMENCLATURE fixes 奪魄幽靈爪 as Soul-Stealing Phantom Claw; 'Soul-Stealer Phantom Claw' is its explicitly listed wrong form."
"Book/Name/6008","Ascending Cloud Step · Moon Gazing","was: Dengyun Ta, Wangyue | Was left entirely in pinyin despite being made of meaningful characters; translated using the GLOSSARY's ' · ' separator for a paired name."
"Book/Name/6011","Barefoot Divine Power","was: Barefoot Divine Skill | NOMENCLATURE's collision-split rule: 神通 (an attained faculty, like 赤腳神通) is Divine Power; 神功 (a named art) is Divine Skill."
"Book/Name/7000","Turtle Breathing Skill","was: Turtle Breathing Technique | Per the suffix convention in NOMENCLATURE, 功 (with no individual register entry) renders as Skill, not Technique."
"Book/Name/7005","Dragon's Cry Skill","was: Dragon's Roar Technique | NOMENCLATURE/GLOSSARY explicitly list 'Dragon's Roar Technique' as the wrong form of 龍吟功; correct is Dragon's Cry Skill."
"Book/Name/7016","Tiger's Roar Skill","was: Tiger Howl Skill | GLOSSARY and NOMENCLATURE fix 虎嘯功 as Tiger's Roar Skill; 'Tiger Howl Skill' is the explicitly rejected form."
"Book/Name/8011","Fire Mountain Forging Manual","was: Fire Flame Mountain Forging Manual | NOMENCLATURE fixes this location as Fire Mountain (Sword Pavilion); 'Flame Mountain' is its explicitly listed wrong form."
"Equip/Desc/Ball_01","Made from nitre, sulfur, and charcoal. Light the fuse and throw it - the ensuing sparks injure with a crack of thunder.","was: Synthesized from nitre, sulfur, and carbon, ignite the fuse and throw it, using thunder‑like sparks to injure people. | Fixes a broken construction (a passive participle clause abruptly followed by an imperative verb, 'Synthesized from..., ignite the fuse'); charcoal is the correct classical gunpowder ingredient here rather than 'carbon'. Also fixes the stray U+2011 hyphen."
"Equip/Desc/Cloth_01","The old-style uniforms of the Tang Clan disciples, including wrist guards, have poor mobility, so few disciples wear them. Sandbags are intentionally sewn into the uniforms to help disciples get used to carrying weight, thereby training their physique.","was: The old‑style uniforms of the Tang Clan Disciples, including wrist guards, have poor mobility, so few disciples wear them. Sandbags are intentionally sewn into the uniforms to help disciples get used to carrying weight, thereby training their physique. | Fixes the stray U+2011 hyphen and lowercases 'disciples' mid-sentence to match sentence-case description style used throughout this file."
"Equip/Desc/Cloth_20","The blue robe has a tear; an indigo garment comes to mend it. A torn garment patched with fabric from the master's robe - look closely and the blue and indigo are impossible to tell apart. It would not be an exaggeration to call it a Snow Mountain Sect disciple's uniform.","was: The blue robe has a tear, the blue garment comes to mend it. A torn garment mended with fabric from the master's robe; if you don't look closely, the blue and indigo hues are indistinguishable. It's not an exaggeration to say it's the uniform of the Snow Mountain Sect disciples. | 青 and 藍 are two distinct colors and the whole point of the line (it echoes the 'blue surpasses indigo' idiom, whi"
"Equip/Desc/Cloth_21","Made by mixing extremely tough tree bark with cotton, soaking it in Tang Clan tincture, and beating it repeatedly into shape. Though it is paper, it is layered so many times that it becomes remarkably sturdy, growing even tougher when wet. Neither a sharp blade nor a flying arrow can easily pierce it, and it is far lighter than ordinary iron armor.","was: Mixing the highly flexible tree bark with cotton, soaking it in Tang Clan medicine, and repeatedly beating it to form. Although it's paper, it's layered and exceptionally sturdy, becoming more flexible when wet. It cannot be easily pierced by sharp blades or arrows, and it's significantly lighter than ordinary iron armor. | Old's opening is a sentence fragment ('...and repeatedly beating it t"
"Equip/Desc/Cloth_22","Ye Yunshang studied the Qingcheng Sword Technique and redesigned the uniform for you, sewing cowhide into it at every vital point. It does not impede movement, yet effectively guards against mishaps.","was: Ye Yunshang studied the Qingcheng sword technique and revised the uniform for you. Sewing cowhide at various vital points does not impede movement but effectively prevents accidents. | Ye Yunshang matches NOMENCLATURE row 154; 劍法 = Sword Technique stays Title Case even mid-sentence per GLOSSARY/NOMENCLATURE style rule 6 - old had it lowercase."
"Equip/Desc/Knife_10","An olive-shaped hidden weapon, also known as a pit nail or jujube-pit arrow, is typically thrown by hand to injure people. Some experts can hold it in their mouth and launch it with a breath of Internal Force.","was: An olive‑shaped hidden weapon, also known as a nucleus nail or date kernel arrow, is typically thrown by hand to injure people. Some experts can hold it in their mouth and shoot it using inner strength. | 核 is a fruit pit, not a nucleus, matching NOMENCLATURE's note on 核棗釘 (Jujube-Pit Dart, row 216/62); aligned 棗 to jujube and fixed the stray U+2011 hyphen. | ruled 20260912 (q04): was An olive-shaped hidden weapon, also known as a pit nail or j"
"Equip/Desc/Medi_01","A medicinal powder made by quenching and calcining venomous insects and arsenic ore in vinegar seven times. It has a pungent, hot taste and a smell of garlic. Ordinary people who take it suffer burning in all five viscera, but Tang Clan disciples take it to invigorate the blood and dispel dampness and cold.","was: A medicinal powder made from venomous insects and toxic sand, quenched and calcined seven times with vinegar, has a pungent, hot taste and a garlic odor. Ordinary people who take it would experience burning in all five internal organs, but Tang Clan disciples can take it to invigorate blood and dispel dampness and cold. | 毒砂 is arsenopyrite/arsenic ore, matching the item's own name (Arsenic P"
"Equip/Desc/Medi_02","This decoction, brewed from Andrographis, Gentian, and other herbs, is bitter beyond what an ordinary person can bear - its potency has turned toxic. Commoners who drink it suffer heart palpitations and headaches, while Tang Clan disciples use it to clear heat and quench thirst.","was: The decoction made by boiling herbs such as Chuanshenlian and Longdan is extremely bitter, beyond the tolerance of ordinary people. Its potency has become toxic; common people who take it experience palpitations and headaches, while Tang Clan disciples use it to clear heat and quench thirst. | 'Chuanshenlian' mistransliterates 穿心蓮 (correctly Andrographis/Chuanxinlian); aligned 龍膽 to Gentian t"
"Equip/Desc/Medi_05","Patriarch Xiyi rested high on Mount Hua, slept and never woke, attaining enlightenment while sleeping. Gathering spirit as medicine, taking stillness and calmness as fire, heart and breath united, returning to simplicity and purity.","was: Master Xiyi rested high on Mount Hua, slept and never woke, attaining enlightenment while sleeping. Gathering spirit as medicine, taking stillness and calmness as fire, heart and breath united, returning to simplicity and purity. | GLOSSARY's Titles section (row 313) restricts 'Master' to one's own teacher (師父), not a generic/legendary figure - so 'Master Xiyi' was itself off-register. 老祖 fun"
"Equip/Desc/Melee_10","A newly developed weapon based on the diagram, with the steel ball design removed and the blade forged extremely thin. It is kept sheathed for everyday use and lashed out with a soft-whip technique in battle, catching the enemy by surprise - it too is a type of hidden weapon.","was: A newly developed weapon based on the diagram, with the steel ball design eliminated and the blade crafted to be extremely thin, stored for regular use and launched with a soft whip technique when in battle, which is also a type of hidden weapon. | Splits the run-on and fixes the dangling 'which' (old made the throwing motion 'a type of hidden weapon' instead of the item). Meaning preserved, "
"Equip/Desc/Melee_11","An Eastern fish-killing knife with an unusual shape, yet extremely sharp.","was: An Eastern fish‑killing knife with an unusual shape, yet extremely sharp. | Replaces stray U+2011 hyphen with ASCII '-' per GLOSSARY/NOMENCLATURE style rule."
"Equip/Desc/Melee_12","A Daoist ritual implement for exorcism, not something anyone would use in a fight - except you. Held upside down, it becomes an unexpectedly vicious blunt weapon.","was: Daoist talismans used for exorcism are never wielded in combat, except for you. When held upside down, it becomes an unexpectedly brutal blunt weapon. | 法器 is singular; old's plural 'talismans' disagreed with its own later singular pronoun 'it'. Meaning otherwise unchanged."
"Equip/Desc/Melee_21","The dagger Xiaomei loves to use was crafted by the former Iron Fist Gate Leader, who personally guided Xiao Zhu in making it for her. 'Jade Sky Divine' is the highest praise for the noble character of the plum blossom.","was: The dagger Xiao Mei loves to use was crafted by the former master of Iron Fist, who personally taught Xiao Zhu to create it for Xiao Mei. Yuxiao Shen is the highest praise for the noble character of plum blossoms. | NOMENCLATURE row 158 fixes Xiaomei as one word; 鐵拳門 = Iron Fist Gate (row 90) takes 'Gate Leader' by the same pattern as Mystic Skill Gate Leader (row 333); 玉霄神 echoes the item's "
"Equip/Desc/Melee_22","The famous spear King Yue loved in life, steeped in a hero's blood, can proclaim righteous valor, crush invaders, and restore the realm. Heaven's mandate will guide it to the next hero's hands.","was: The famous spear loved by Yue Wang in life, soaked in the hero's blood, can illuminate the righteous spirit, breaking the enemy and restoring the rivers and mountains. Heaven's mandate will guide it to the next hero's hands. | Verified the duplicate row Special/Desc/4013 (same zh-TW text) already renders 岳王爺 as 'King Yue' - this row was the outlier calling him 'Yue Wang', which reads as a per"
"Equip/Desc/Melee_30","Recast from a lost design, this ancestral short sword is the progenitor of the Tang Clan's small swords. Its form defies illusion and reality, its bearing neither hard nor soft; held in the hand it seems a sword yet is not, and let loose it spins and darts through the air. The Jianghu legend of immortals commanding swords through the air is, it is said, a misunderstanding born of this very blade.","was: Recreated according to a lost diagram, this ancestral master's short sword is the progenitor of the Tang Clan's small blades. Its form has no distinction between illusion and reality, its posture neither hardness nor softness. Held in the palm, it seems like a sword yet is not a sword; when released, it spins and darts about. The legend of the divine sword technique of the celestial sword mas"
"Equip/Desc/Poison_01","As recorded in the Tang Clan's Poison Classic, this classic starter formula is based on Red-Banded Snake venom. Though its toxicity is fierce, it is not incurable.","was: As recorded in the Tang Clan's Poison Scripture, this is a classic introductory formula based on Crimson Forged Snake Venom. Though its toxicity is fierce, it is not incurable. | 經 for a secular text is Classic, not Scripture (Sutra/Scripture reserved for Buddhist texts, suffix table row 53); the same 唐門毒經 is already correctly 'Poison Classic' at row 47 (Poison_10) in this same file, so this "
"Equip/Desc/Poison_10","According to the Tang Clan Poison Classic, this basic paralytic poison is made from the bulb of the yellow narcissus and wild aconite. Tang Clan disciples often coat their hidden weapons with it to hunt wild game.","was: According to the Tang Clan Poison Classic, the basic paralyzing poison is made from the bulb of the yellow water lily and Aconitum. Tang Clan disciples often apply this poison to their hidden weapons to hunt wild game. | 水仙 is narcissus/daffodil, not water lily (a different plant); this also ties back to the item's own established name (烏水仙 = Black Narcissus)."
"Equip/Desc/Poison_20","Developed by a female Tang Clan senior unrivaled in both medicine and poison, this incense is lethal to ordinary people, yet nourishing to any Tang Clan member whose body carries pepper powder - a marvel in its own right. The incense burned in Zhengxin Hall is exactly this one.","was: A poison incense developed by a female senior of the Tang Clan, this incense is lethal to ordinary individuals but beneficial to Tang Clan members who possess pepper powder, an extraordinary remedy. The incense burned in the Zhengxin Hall is precisely this one. | Restores 醫毒雙絕 ('unrivaled in both medicine and poison'), which the old patch dropped entirely, and clarifies 身具胡椒粉 as pepper powder"
"Equip/Desc/Trap_01","Forged into a grass-like shape and painted green, these poison needles are placed on the ground, making them difficult to detect. By the time the danger is noticed, it is often already too late. This trap is installed on-site wherever one of our melee disciples falls in battle.","was: Forged into a grass‑like shape and painted green, the poison needles are placed on the ground, making them difficult to detect. Often, by the time one realizes the danger, they have already been ensnared. This trap is installed on‑site at the location where our frontline disciples fall in battle. | 近戰 = Melee (GLOSSARY row 95); old's 'frontline' does not match the fixed term. Also fixes two s"
"Equip/Desc/Trap_11","It has a similar transforming mechanism to the Fourth Senior Brother's Mechanism Box, and once installed, it spins and sprays fire.","was: It has a similar transforming mechanism to the Fourth Senior Brother's casket, and after installation, it will spin and spray fire. | 篋笥/機關篋笥 is the established item Mechanism Box (GLOSSARY row 83, NOMENCLATURE row 278); 'casket' both misreads as a coffin and drops the established name."
"Equip/Name/Knife_01","Throwing Dart","was: Throwing Darts | NOMENCLATURE row 275 fixes 脫手鏢 as Throwing Dart, singular."
"Equip/Name/Medi_01","Southern Blister-Beetle Arsenic Powder","was: Southern Mantis Stone Powder | NOMENCLATURE row 288 fixes 南蝥礜石散 as Southern Blister-Beetle Arsenic Powder (蝥 = blister beetle, 礜石 = arsenopyrite); 'Mantis Stone' is the listed wrong form."
"Equip/Name/Medi_04","Docile Draught","was: Sweetwater | NOMENCLATURE row 291 fixes 乖乖水 as Docile Draught (a knockout drug, not a sweet drink), though it flags this itself as a judgment call for a human to revisit. Followed per the instruction that a consistent register beats local improvements; noted here per that same instruction."
"Equip/Name/Trap_11","Fierce Fire Oil Pump","was: Fierce Fire Oil Cabinet | NOMENCLATURE row 292 fixes 猛火油櫃 as Fierce Fire Oil Pump (a real Song-dynasty flamethrower; 櫃 is its pump housing); 'Cabinet' is the listed wrong form."
"Misc/Desc/0000","Test Clutter","was: Test clutter | Desc duplicates the Name field's source text verbatim; matches the Title Case convention already shown by unflagged sibling rows in this file (Misc/Name+Desc 2006, 6001, 7300)."
"Misc/Desc/0003","Wolfsbane Powder","was: Wolf Poison Powder | Same registered term as the Name row."
"Misc/Desc/0004","Stomach Tonic","was: Stomach tonic | Identical source text to the Name row; mirrors per the file's established convention for such pairs."
"Misc/Desc/2001","Fourth Senior Brother brought back cheap wine from the tavern at the foot of the mountain, watering it down and marking up the price to sell to his fellow disciples. Drinking it can improve one's mood, but too much isn't very healthy.","was: Fourth Senior Brother brought back cheap wine from the tavern at the foot of the mountain, diluting it with water to sell to the brothers. Drinking it can improve one's mood, but too much isn't very healthy. | 抬價 ('marked up the price') was dropped in the old text - it's half the joke; 'fellow disciples' matches the registered Disciple term better than vague 'the brothers'."
"Misc/Desc/2002","Produced in Guizhou, this sauce-flavored Daqu baijiu has a rich and aromatic scent. One bottle is enough for two drinking sessions, and it's quite strong and excellent.","was: Produced in Guizhou, this sauce‑flavored Daqu baijiu has a rich and aromatic scent. One bottle is enough for two drinking sessions, and it's quite strong and excellent. | Confirmed U+2011 non-breaking hyphen in 'sauce-flavored'; GLOSSARY requires ASCII '-' only."
"Misc/Desc/2003","It is unseasoned, with a strong alcoholic aroma, like a fire burning, hence its name. It is the Commoners' drink, the drink of all people under heaven.","was: It is unseasoned, with a strong alcoholic aroma, like a fire burning, hence its name. It is the people's drink, the drink of all the people in the world. | GLOSSARY/NOMENCLATURE fix 百姓 as 'Commoners', not 'the people'."
"Misc/Desc/3001","A famous tea produced in Lu County, Sichuan. It is always the first to be harvested in the region and is brewed on New Year's Eve each year, served as the tea for the New Year's Eve dinner. This tea is purchased for your own enjoyment during leisure time.","was: A famous tea produced in Luzhou County, Sichuan. It is always the first to be harvested in the region and is brewed on New Year's Eve each year, served as the tea for the New Year's Eve dinner. This tea is purchased for your own enjoyment during leisure time. | 瀘縣 (Luxian County) is a county under the city of Luzhou, not 'Luzhou County' itself; follows the register's own place-plus-translated"
"Misc/Desc/3002","The famous tea produced at the top of Mount Meng in Sichuan. Mengding Shihua is the top tea of the previous dynasty, and Mengshan tea is also known as Immortal Tea, which has been offered as tribute for generations. This tea is purchased for your own enjoyment during leisure time.","was: The famous tea produced at the top of Mount Meng in Sichuan. Mengding Shihua is the top tea of the previous dynasty, and Mengshan tea is also known as Xian tea, which has been offered as tribute for generations. This tea is purchased for your own enjoyment during leisure time. | 仙 = Immortal is the established rendering elsewhere in the register (Fire Dragon Immortal Monarch, Apricot Blossom "
"Misc/Desc/3003","This famous tea from Sichuan, produced in the misty depths of Emei Mountain, has a fresh and rich aroma. The brewed tea is bright and elegant, also known as Snow Fragrance or Qingming Fragrance. This tea is meant for you to enjoy leisurely.","was: This famous tea from Sichuan, produced in the misty depths of Emei Mountain, has a fresh and rich aroma. The tea soup is bright and elegant, also known as Snow Fragrance or Qingming Fragrance. This tea is meant for you to enjoy leisurely. | 'Tea soup' is a literal mistranslation of 茶湯 that reads as an actual soup in English; it means the brewed tea/liquor."
"Misc/Desc/4001","The secret elixir of the Kongtong Iron Fist Gate, Dragon-Elephant Leopard Strength Pill, is said to grant the power of dragons and elephants, capable of opening up the heavens and the earth. This particular pill is made from the residue at the bottom of the furnace, while the main pill was consumed by Xiao Zhu.","was: The secret elixir of the Kongtong Iron Fist Sect, Dragon Elephant Leopard Strength Pill, is said to grant the power of dragons and elephants, capable of opening up the heavens and the earth. This particular pill is made from the residue at the bottom of the furnace, while the main pill was consumed by Xiao Zhu. | 鐵拳門 is registered as 'Iron Fist Gate', never 'Sect'; hyphenates the pill name to"
"Misc/Desc/4101","The medicinal powder made from poisonous insects and toxic sand, refined with vinegar through seven cycles, has a spicy and hot taste, with a garlic-like odor. When an ordinary person consumes it, it burns their insides, but when a Tang Clan Disciple takes it, it can invigorate the blood and dispel dampness and cold.","was: The medicinal powder made from poisonous insects and toxic sand, refined with vinegar through seven cycles, has a spicy and hot taste, with a garlic‑like odor. When an ordinary person consumes it, it burns their insides, but when a Tang Clan Disciple takes it, it can invigorate the blood and dispel dampness and cold. | Confirmed U+2011 non-breaking hyphen in 'garlic-like'; ASCII '-' only."
"Misc/Desc/4102","The medicinal decoction made by simmering herbs like Chuanxinlian and Gentian is extremely bitter, something that most people cannot tolerate. The potency of the medicine has already turned it into poison; ordinary people who consume it experience heart palpitations and headaches, while Tang Clan Disciples take it to clear heat and quench thirst.","was: The soup medicine made by simmering herbs like Chuanxinlian and Longdan is extremely bitter, something that most people cannot tolerate. The potency of the medicine has already turned it into poison; ordinary people who consume it experience heart palpitations and headaches, while Tang Clan Disciples take it to clear heat and quench thirst. | 'Longdan' aligned to 'Gentian' to match the item's"
"Misc/Desc/4103","Pepper powder mixed with mashed yam, roasted into balls. It's poisonous, but delicious.","was: Mix the pepper powder with the yam paste, roast it into balls. It's poisonous, but delicious. | Description was phrased as an imperative recipe instruction instead of describing the item."
"Misc/Desc/4105","Patriarch Xiyi reclined on Mount Hua, falling into a deep sleep from which he did not awaken, attaining enlightenment in his slumber. He took willpower as medicine and embraced tranquility as fire, with heart and breath interdependent, returning to his true essence.","was: The Ancestor Xi Yi reclined on Mount Hua, falling into a deep sleep from which they did not awaken, attaining enlightenment in their slumber. They took willpower as medicine and embraced tranquility as fire, with heart and breath interdependent, returning to their true essence. | 老祖 leading a name matches the register's 祖師=Patriarch pattern (cf. Patriarch Wuxiang); singular they/their replace"
"Misc/Desc/4500","Also known as Zitan incense, this incense is used by Daoists during rituals to invite deities, perform ceremonies, and conduct rites. The formula for Qingcheng's Agarwood incense was uniquely developed by the current Sect Leader, Zou Bo. When burned, it has the effect of nurturing one's personality and enhancing the practice of cultivation.","was: Also known as Zitan incense, this incense is used by Taoists during rituals to invite deities, perform ceremonies, and conduct rites. The formula for Qingcheng Xiang Zhen incense was uniquely developed by the current sect leader, Zou Bo. When burned, it has the effect of nurturing one's personality and enhancing the practice of cultivation. | NOMENCLATURE mandates 'Dao-' spellings, never 'Tao"
"Misc/Desc/5003","In the Song Dynasty, steamed buns with filling are distinguished from baozi by the thickness of the skin and the amount of filling. Steamed buns can come in various flavors, but this one is a pork bun, as Fourth Senior Brother has a fondness for rich, fatty pork, leaving his mouth glistening with oil. It is very fragrant and often makes those around him drool while he eats.","was: In the Song Dynasty, steamed buns with filling are distinguished from dumplings by the thickness of the skin and the amount of filling. Steamed buns can come in various flavors, but this one is a pork bun, as Fourth Senior Brother has a fondness for rich, fatty pork, leaving his mouth glistening with oil. It is very fragrant and often makes those around him drool while he eats. | 包子 is baozi,"
"Misc/Desc/5006","The dessert invented by Tang Fang's sister is a candied treat made with Fritillaria, loquat leaves, licorice, white peony, honey, balloon flower, and Cordyceps sinensis gel. It not only has the effects of clearing heat and stopping bleeding, often used to treat symptoms like sore throat and cough, but it is also very delicious, a perfect tool for deceiving children. Second Senior Brother once got a cavity because of it during his childhood.","was: The dessert invented by Tang Fang's sister is a candied treat made with Fritillaria, loquat leaves, licorice, white peony, honey, balloon flower, and Cordyceps sinensis gel. It not only has the effects of clearing heat and stopping bleeding, often used to treat symptoms like sore throat and cough, but it is also very delicious, a perfect tool for deceiving children. Second Senior Brother once"
"Misc/Desc/5007","The wild boar meat, marinated with Tang Clan's Red Cinnabar Sand salt, has a spicy and savory flavor, with a chewy texture and a primitive, rustic taste, but it is poisonous.","was: The wild boar meat, marinated with Tang Clan's red refining sand salt, has a spicy and savory flavor, with a chewy texture and a primitive, rustic taste, but it is poisonous. | NOMENCLATURE gives 赤煉砂 = Red Cinnabar Sand; 'red refining sand' is the explicitly avoided form."
"Misc/Desc/6002","Calla Lily Stem","was: The stem of the calla lily | Identical source text to the Name row; mirrors the file's established convention for such pairs (cf. unflagged Misc/Name+Desc 2006, 6001, 7300)."
"Misc/Desc/7001","Discount Coupon","was: Discount coupon | Identical source text to the Name row; mirrors its fix."
"Misc/Desc/7100","The wooden sword that Ye Yunzhou carved at the request of the children from the Outer Fort was poorly done, resembling something chewed by a dog, and was an eyesore.","was: The wooden sword that Ye Yunzhao carved at the request of the children from the outer fortress was poorly done, resembling something chewed by a dog, and was a sight to behold. | 葉雲舟 is registered as 'Ye Yunzhou' ('Ye Yunzhao' is the flagged wrong pinyin); 外堡 = 'Outer Fort'; 慘不忍睹 means 'too pitiful to look at', the opposite of the idiom 'a sight to behold'."
"Misc/Desc/7101","At the request of the children from the Outer Fort, Ye Yunzhou carved wooden swords. With practice, they naturally grasped the technique and became a bit more skilled, able to carve straight sword shapes.","was: At the request of the children from the outer fortress, Ye Yunzhao carved wooden swords. With practice, they naturally grasped the technique and became a bit more skilled, able to carve straight sword shapes. | 葉雲舟 = 'Ye Yunzhou' per the register; 外堡 = 'Outer Fort'."
"Misc/Desc/7102","Ye Yunzhou recently crafted a wooden sword at the request of the children from the Outer Fort. Not only did they learn to use tools, but they also took the time to carve decorative patterns, shaping it into the form of the Listening Cloud Sword.","was: Ye Yunzhao recently crafted a wooden sword at the request of the children from the outer fortress. Not only did they learn to use tools, but they also took the time to carve decorative patterns, shaping it into the form of the Listening Cloud Sword. | 葉雲舟 = 'Ye Yunzhou' per the register; 外堡 = 'Outer Fort'."
"Misc/Name/0000","Test Clutter","was: Test clutter | Title Case required for an item Name field per GLOSSARY house style."
"Misc/Name/0003","Wolfsbane Powder","was: Wolf Poison Powder | NOMENCLATURE exact match; 狼毒 is the Stellera plant, not 'wolf poison'."
"Misc/Name/3003","Emei Snow Bud","was: Emei Snow Buds | NOMENCLATURE fixes this as singular; 'Buds' is the explicitly avoided plural."
"Misc/Name/4101","Southern Blister-Beetle Arsenic Powder","was: Southern Mantis Stone Powder | NOMENCLATURE gives this exact compound verbatim; the old rendering loses both real ingredients (蝥 blister beetle, 礜石 arsenopyrite)."
"Misc/Name/4104","Docile Draught","was: Sweetwater | NOMENCLATURE lists 乖乖水 = Docile Draught with 'Sweetwater' as the avoided form (a knockout drug, not a sweet drink); following the register per task instruction even though the register itself flags this term as unsettled."
"Misc/Name/4106","Panacea Oil","was: Universal Oil | NOMENCLATURE gives 萬靈油 = Panacea Oil; 'Universal Oil' is the explicitly avoided form."
"Special/Desc/1001","No idea what it's supposed to be, but it's funny enough to keep for now.","was: I have no idea what I'm drawing, but it's really funny, so I'll keep it for now. | Verified: old quote matches file. Item is Eldest Senior Brother's doodle, not the speaker's own drawing; 'what I'm drawing' wrongly implies self-authorship. New wording preserves meaning without that error."
"Special/Desc/1004","Long Xiang's jade hairpins, of which there are two pairs, came from a jade dragon statue that was tribute from the Great Song to the Jin Kingdom. Her father, Long Yuan, was ashamed of it in his youth and, in anger, broke off a dragon horn to escape. Later, he fashioned it into hairpins and gifted them to his daughter.","was: Long Xiang's jade hairpins, of which there are two pairs, came from a jade dragon statue that was tribute from the Song Dynasty to the Jin Kingdom. Her father, Long Yuan, was ashamed of it in his youth and, in anger, broke off a dragon horn to escape. Later, he fashioned it into hairpins and gifted them to his daughter. | Verified: old quote matches file. NOMENCLATURE requires 'the Great Song"
"Special/Desc/2001","The palm-sized toy crafted with exquisite skill can make sounds and jump, featuring various speeds and sound effects. It cannot be used as a Hidden Weapon, as it will break.","was: The palm‑sized toy crafted with exquisite skill can make sounds and jump, featuring various speeds and sound effects. It cannot be used as a Hidden Weapon, as it will break. | Verified: old text contains U+2011 (confirmed via byte inspection). ASCII hyphen fix only, meaning unchanged."
"Special/Desc/4001","A uniquely shaped yet extremely sharp Eastern fish-slicing knife.","was: A uniquely shaped yet extremely sharp Eastern fish‑slicing knife. | Verified: old text contains U+2011 (confirmed via byte inspection). ASCII hyphen fix only."
"Special/Desc/4004","The dagger that Xiaomei loves to use was crafted by the Iron Fist Gate's former Sect Leader, who personally guided Xiao Zhu in making this weapon for Xiaomei. The Jade Sky God is the highest praise for the noble character of the plum blossom.","was: The dagger that Xiao Mei loves to use was crafted by the Iron Fist's former leader, who personally guided Xiao Zhu in making this weapon for Xiao Mei. The Jade Sky God is the highest praise for the noble character of the plum blossom. | Verified: old quote matches file. NOMENCLATURE fixes dialogue-form 'Xiao Mei' to one-word 'Xiaomei', and the Kongtong branch keeps its full name 'Iron Fist Ga"
"Special/Desc/4006","The green robe had a tear, and blue fabric came to patch it up. The tattered garment was sewn together with fabric from the master's robe; if one didn't look closely, the shades of blue and green would blend together, making it not an exaggeration to say it resembled the uniform of a disciple from the Snow Mountain Sect.","was: The blue robe had a tear, and the blue clothing came to patch it up. The tattered garment was sewn together with fabric from the master's robe; if one didn't look closely, the shades of blue and green would blend together, making it not an exaggeration to say it resembled the uniform of a disciple from the Snow Mountain Sect. | Verified: old quote matches file. 青衫 (green robe) and 藍衣 (blue cl"
"Special/Desc/4007","Unprecedented dangerous weapon blueprints. Xiao Zhu, consumed by hatred, created this object, and upon calming down, even she herself felt a sense of timidity about it. It is unclear whether bringing this thing into the world is right or wrong.","was: Unprecedented dangerous weapon blueprints. Xiaozhu, consumed by hatred, created this object, and upon calming down, even they felt a sense of timidity about it. It is unclear whether bringing this thing into the world is right or wrong. | Verified: old quote matches file. 她本人 is female 'she', not 'they'; 'Xiao Zhu' (two words) matches this file's other mentions of her (e.g. Desc/4004), fixing"
"Special/Desc/4010","The Hidden Weapons designed for mass destruction can spray fire to harm enemies; however, they are ineffective against masters of the Wulin. Yet, in the chaos of battle, they can achieve remarkable results, startling horses and beasts, creating confusion, and intimidating the enemy forces, leading to further chaos.","was: The hidden weapons designed for mass destruction can spray fire to harm enemies; however, they are ineffective against masters of the Wulin. Yet, in the chaos of battle, they can achieve remarkable results, startling horses and beasts, creating confusion, and intimidating the enemy forces, leading to further chaos. | Verified: old quote matches file. Capitalization matches this same file's ow"
"Special/Desc/4011","This ritual implement, used by Daoist priests to ward off evil spirits, is never meant for combat, except by you. When held upside down, it becomes an unexpectedly brutal blunt weapon.","was: The talismans used by Taoist priests to exorcise evil spirits are never meant for combat, except by you. When held upside down, it becomes an unexpectedly brutal blunt weapon. | Verified: old quote matches file. 法器 describes a single ritual implement (the sword itself), not plural 'talismans'; NOMENCLATURE requires 'Daoist', never 'Taoist' (see 鐵冠道人 = Iron Crown Daoist)."
"Special/Desc/5001","It records the secret recipe for the exceptionally delicious Beggar's Chicken, Wang Erzhuang's specialty - and the chief culprit behind Long Xiang never being able to give up chicken legs for the rest of her life.","was: It recorded the secret recipe for the exceptionally delicious Beggar's Chicken, which was Wang Erzhuang's specialty. This led to Long Xiang being unable to escape the culprit of the chicken leg for the rest of their life. | Verified: old quote matches file. The recipe/item itself is 罪魁禍首 (the chief culprit) behind Long Xiang's chicken-leg habit, not something she escapes; also corrects 'their"
"Special/Desc/6001","The multicolored dragon sand pill, personally gifted by the Green-Faced Heavenly King of the Lingnan Sect, represents the Five Elements. Taken separately, each pill is lethal. However, if consumed in the correct order and at the right time, they can interact beneficially, channeling their medicinal power for your own use. Long Yuan lost one pill, causing the cycle of mutual restraint to become unmanageable, so he could only send it to you in hopes of luck; if you die, it's your own doing.","was: The five‑colored dragon sand pill, personally gifted by the Green‑Faced Heavenly King of the Lingnan Sect, represents the five elements. Taken separately, each pill is lethal. However, if consumed in the correct order and at the right time, they can interact beneficially, transforming their medicinal power for one's own use. Long Yuan lost one pill, causing the cycle of mutual restraint to be"
"Special/Desc/6002","The Nine Springs Pill recipe taken from the Supreme Bliss Cult by Long Yuan. It is said that with each deeper level of mastery in the Nine Cycles of Reincarnation technique, one must face a significant life-and-death trial. At that time, one must rely on this Nine Springs Pill to be reborn from death and undergo a transformation. You can take it to practice alchemy, but the consequences after consumption are your own responsibility.","was: The Nine Springs Elixir recipe taken from the Supreme Bliss Sect by Long Yuan. It is said that with each deeper level of mastery in the Nine Cycles of Reincarnation technique, one must face a significant life‑and‑death trial. At that time, one must rely on this Nine Springs Elixir to be reborn from death and undergo a transformation. You can take it to practice alchemy, but the consequences a"
"Special/Desc/6004","The venerable Master Xiyi reclined on Mount Hua, falling into a deep sleep from which he never awoke, attaining enlightenment in his slumber. This pill recipe is merely a supplementary medicine; if one were to also acquire the heart mantra, it would combine to form the Sleeping Skill.","was: The venerable Master Xiyi reclined on Mount Hua, falling into a deep sleep from which they did not awaken, attaining enlightenment in their slumber. This elixir formula is merely a supplementary medicine; if one were to acquire the heart mantra, it would combine to form the Sleeping Skill. | Verified: old quote matches file. Master Xiyi (希夷老祖) is a male historical Daoist figure ('老祖' = venera"
"Special/Desc/6005","Its true name is Universal Spirit-Connecting Efficacious Ointment. Legend has it that it can heal the dead, restore flesh and bones, cure all ailments, and neutralize all poisons. It can be applied externally when mixed with water, and taken internally to calm toxins. A lick can relieve summer heat and stop diarrhea. When ground into powder and ignited, it can also repel mosquitoes, ranking alongside Pepper Powder Poison as one of the two great medicines of the Tang Clan. Unfortunately, ever since the Tang Clan Pharmacopoeia was burned, the recipe has long been lost.","was: Its true name is Universal Spirit‑Connecting Efficacious Ointment. Legend has it that it can heal the dead, restore flesh and bones, cure all ailments, and neutralize all poisons. It can be applied externally when mixed with water, and taken internally to calm toxins. A lick can relieve summer heat and stop diarrhea. When ground into powder and ignited, it can also repel mosquitoes, ranking a"
"Special/Name/6002","Nine Springs Pill Recipe","was: Nine Springs Elixir Formula | Verified: old quote matches file. GLOSSARY: 丹 = Pill (avoid Elixir), and 丹方 = Recipe (avoid Formula), consistent with the file's other 丹方 fixes (6003/6004)."
"_Misc/Name/4101","Life-Sustaining Pill","was: Life‑Sustaining Pill | Confirmed U+2011 non-breaking hyphen; register also spells this exact term 'Life-Sustaining Pill'."
