"key","text","note"
"# ---- Combat HUD: command labels (action cards"
"CombatAction/action","Command","was: Instruction — vertical tag left of the action cards"
"CombatAction/curse","Verbal Attack","was: Verbal attack — action card name, Title Case"
"CombatAction/attack","Stab","was: Stab someone — action card name, short"
"CombatAction/block","Brace","was: Prepare to be beaten — action card name, short"
"# ---- Action card tooltips (? button) ----"
"CombatInfo/curse","Verbal Attack: Words that wound. Saps the enemy's morale, weakens their Ultimate and makes them wary of acting rashly. May sometimes enrage them.","was: Mouth Attack: A means of verbal control that can undermine... — tooltip, header matches card name"
"CombatInfo/stab","Stab: Wound with your blade; forcibly suppresses Verbal Attack. Depending on your temperament, drawing blood may send you into a panic.","was: Stabbing: Using a weapon to inflict harm... — tooltip, header matches card name, fixes ambiguous 'their own panic'"
"CombatInfo/weapon","Hidden Weapon: The Tang Clan's signature art. Throws hidden weapons to deal damage and build up ailments; interrupts Verbal Attack and Stab.","was: Hidden Weapon: A signature skill of the Tang Clan... disrupt actions — tooltip, 'disrupt actions' mistranslated 捅人"
"CombatInfo/ultimate","Ultimate: Spends a great deal of Qi to deal tremendous damage. <color=#FF0000>Interrupts Stab and Hidden Weapon.</color>","was: Ultimate: Consumes a large amount of energy... — tooltip, Qi term, punctuation"
"CombatInfo/block","Brace: Steel yourself for the blow. Reduces damage, with an extra chance to dodge hidden weapons or parry blades.","was: Prepare for a beating: Get mentally ready... — tooltip, header matches card name"
"CombatInfo/level0","The ordinary you.","was: Ordinary you — realm tooltip, punctuation"
"CombatInfo/costMp","Qi Cost: {0}","was: Consumption of energy: {0} — action card cost line, Qi term, shorter"
"CombatInfo/restoreMp","Restores Qi: {0}","was: Restore Qi: {0} — action card gain line"
"CombatInfo/actionDodge","Dodge {0:P0}","was: Evade {0:P0} — action card stat, glossary term Dodge"
"CombatInfo/combo","{0}-Hit Combo","was: {0} Combo Attack — combo counter"
"CombatInfo/displayHp","HP {0}","was: Blood {0} — floating damage/heal number"
"CombatInfo/miss","Miss","was: Missed Hit Rate — floating combat text"
"CombatInfo/parrySuccess","Parried","was: Successfully defended — floating combat text"
"CombatInfo/dodgeSuccess","Dodged","was: Avoidance Success — floating combat text"
"CombatInfo/enemyAttackIntension","The enemy seems ready to strike.","was: The enemy seems to be stirring restlessly — narration line"
"CombatInfo/getAngry","Enraged","was: Feeling anger — floating status text"
"CombatInfo/collapse","Exhausted","was: Exhaustion — floating status text"
"CombatInfo/catchWeapon","Caught the hidden weapon","was: Catch the hidden weapon — floating message after the event"
"CombatInfo/poison1","Poison buildup: {0}\nAt 50, inflicts Poison Lv1.","was: Toxicity accumulation value: {0} accumulates to 50, causing 'Poison Level 1' abnormal state. — status bar tooltip, short"
"CombatInfo/poison2","Poison buildup: {0}\nAt 100, inflicts Poison Lv2.","was: Toxicity accumulation value: {0} accumulates to 100, causing 'Poison Level 2' abnormal status. — status bar tooltip"
"CombatInfo/poison3","Poison buildup: {0}\nAt 150, inflicts Poison Lv3 and resets the buildup.","was: Toxicity accumulation value: {0} accumulates to 150, causing 'Poison Level 3' abnormal state, after which... — status bar tooltip"
"CombatInfo/paralyzed1","Paralysis buildup: {0}\nAt 50, inflicts Paralysis Lv1.","was: Paralysis accumulation value: {0}. When accumulated to 50, it causes the 'Paralysis Level 1' abnormal status. — status bar tooltip"
"CombatInfo/paralyzed2","Paralysis buildup: {0}\nAt 100, inflicts Paralysis Lv2.","was: Paralysis accumulation value: {0} accumulates to cause 'Paralysis Level 2' abnormal status at 100. — status bar tooltip"
"CombatInfo/paralyzed3","Paralysis buildup: {0}\nAt 150, inflicts Paralysis Lv3 and resets the buildup.","was: Paralysis accumulation value: {0}. When it accumulates to 150, it causes the 'Paralysis Level 3'... — status bar tooltip"
"CombatInfo/buff_2","Skill","was: Skills — buff type tag (86px), singular like the other tags"
"CombatInfo/staminaLevel","Realm {0}","was: Realm‧{0} — realm label under the name, ASCII separator"
"# ---- Named combat actions (skill-name casing / mistranslations only) ----"
"CombatAction/block_003","Lime Powder","was: Lime powder — action name, Title Case"
"CombatAction/block_005","Withdraw Stance","was: Reeling in the momentum — action name 收勢"
"CombatAction/curse_002","Jujube-Pit Dart","was: Nuclear Date Nail — action name 核棗釘 (mistranslation)"
"CombatAction/curse_004","Azure Dragon's Cry","was: Canglong Yin — action name 蒼龍吟, translated like Lion's Roar / Tiger's Roar"
"CombatAction/curse_005","Tiger's Roar","was: Tiger Roar — action name, parallel to Lion's Roar"
"CombatAction/attack_003","Sword Dance","was: Sword dance — action name, Title Case"
"CombatAction/attack_007","Lash","was: Draw someone — action name 抽人 (mistranslation)"
"CombatAction/ultimate_015","Third Ultimate","was: Third Extreme Technique — consistent with First/Second Extreme Move | ruled 20260912 (q13): was Third Extreme Move"
"# ---- Combat character names / titles (casing"
"CombatCharacter/Name/0000","Mountain Bandit","was: Mountain bandit — enemy name, Title Case"
"CombatCharacter/Name/bandit1","Mountain Bandit","was: Mountain bandit — enemy name, Title Case"
"CombatCharacter/Name/beggar1","Beggar Sect Disciple","was: Beggar Sect disciple — enemy name, Title Case"
"CombatCharacter/Name/trainee331","Songshan Disciple","was: Songshan disciple — enemy name, Title Case"
"CombatCharacter/Name/ranger_girl1","Jianghu Heroine","was: Jianghu heroine — enemy name, Title Case"
"CombatCharacter/Name/trainee_girl1","Tang Clan Female Disciple","was: Tang Clan female disciple — enemy name, Title Case"
"CombatCharacter/Name/soldier1","Imperial Soldier","was: Officials and soldiers — enemy name 官兵 (single combatant)"
"CombatCharacter/Name/ranger4","Young Lord Hero","was: Young Lord Xia — enemy name 公子俠, parallel to Passerby Hero (俠 = Hero)"
"CombatCharacter/Name/cow_horse","Ox-Head and Horse-Face","was: Ox Head and Horse Face — enemy name, standard hyphenated form"
"CombatCharacter/Title/special2","Former Alliance Leader","was: Former Wulin Leader — title 前武林盟主, glossary term Alliance Leader"
"CombatCharacter/Title/special6","Eagle Man","was: Eagle Person — title 鷹人"
"CombatCharacter/Title/waiter1","Thousand-Faced Demon","was: Thousand Faced Demon — title, hyphen"
"# ---- Battle (action mode) skills ----"
"BattleSkill/Name/brother4","It's All My Money","was: It's all my money — skill name, Title Case"
"BattleSkill/Name/player_1","Decisive Strike","was: Decisive strike — skill name, Title Case"
"BattleSkill/Name/player_shield_1","Qi Shield","was: Energy shield — skill name 護體氣罩, Qi term"
"BattleSkill/Name/special3","Breakthrough of Cloud Pass · Thunder Shakes the Nine Heavens","was: Breakthrough of Cloud Pass. Thunder Shakes the Nine Heavens. — skill name, separator instead of periods"
"BattleSkill/Desc/brother1","Fires Coin Darts at random targets over a wide area around you, then throws three indiscriminate Thunder Fire Bombs.","was: Execute a Money Dart random lock-on attack over a large area, then finally launch three undifferentiated thunderfire bombs. — skill description | glossary: Thunder Fire Bomb (item name) | 2026-09-12 ruling: 金錢鏢 = Coin Dart (matches BattleSkill/Name/girl9); was 'Money Darts'"
"BattleSkill/Desc/brother2","Throws poison around you and at random enemies, leaving a lingering, indiscriminate poison effect.","was: Launch poison within the self area and random enemies, causing a non-discriminatory poisoning status effect... — skill description"
"BattleSkill/Desc/brother4","Pulls in all the money on the field, then throws elixirs and a huge indiscriminate cannonball.","was: Absorb all the money on the field, then launch elixirs and indiscriminate massive artillery shells. — skill description"
"BattleSkill/Desc/sister1_1","Creates three clones that lock onto random enemies with small-area attacks.","was: Generate three clones, randomly target enemies for a small area attack. — skill description"
"BattleSkill/Desc/special3","Six overwhelming straight-line attacks along a fixed path.","was: Perform six straight-line range overwhelming attacks along a fixed path. — skill description"
"BattleSkill/Desc/girl4","Two powerful medium-area attacks on the spot.","was: Perform two medium-range powerful attacks in place — skill description, punctuation"
"BattleSkill/Desc/player_1","Two forward attacks on the spot while invincible.","was: Perform two forward attacks while in the invincible state. — skill description"
"BattleSkill/Desc/player_shield_1","Grants invincibility for 8 seconds.","was: Gain invincibility status, lasts 8 seconds — skill description, punctuation"
"BattleSkill/Desc/player_block","Become invincible and knock enemies back.","was: Enter an invincible state and repel enemies — skill description, punctuation"
"# ---- Enemy team / faction names ----"
"EnemyTeam/000","Free-for-All","was: Chaos erupted — team name 混戰 (noun, used as '<team> Team +N')"
"EnemyTeam/003","White Shark Gang","was: Bai Shao Gang — team name 白鯊幫, translated like Flying Stone Gang"
"EnemyTeam/201","Mountain Bandits","was: Mountain bandit — team name, plural group"
"EnemyTeam/300","Imperial Soldiers","was: Officials and soldiers — team name 官兵 (glossary: Imperial Soldier(s); the label renders as '<team> Team +N')"
"EnemyTeam/301","Jin Army","was: Golden Army — team name 金兵 (the Jin dynasty's army)"
"EnemyTeam/900","Commoners","was: Common people — team name 百姓"
"CombatAction/weapon","@table","label shows the served table text (@table): the scene layer has another line for this Chinese"
"CombatInfo/actionHitRate","Hit Rate {0:0%}","was: Hit Rate {0:P0} — P0 renders a space before % in this culture ('74 %')"
"CombatTalking/S0023_02_01_005","You... you little brat, what are you trying to do? I am the Seven-Bag Elder. How dare you disrespect me!","was: (untranslated in the patch) | U+2011 hyphen fixed to ASCII; literal word-order 'dare you show disrespect to me' recast as natural indignant line, no meaning change."
"CombatTalking/S0023_02_01_008","What's going on? Is the Beggar Sect having an internal conflict?","was: (untranslated in the patch) | Source ends in 內訌了？ (a question); old flattened it to a statement. Beggar Sect matches NOMENCLATURE."
"CombatTalking/S0105_01_01_001","Damn it, you're courting death. Don't you know who I am? I'm Chao He!","was: (untranslated in the patch) | 我晁和 is the speaker naming himself; old wrongly turned it into calling the listener 'Chao He'. Chao He matches register."
"CombatTalking/S0105_01_01_002","With one command, a few hundred of Chao He's soldiers will beat you to death!","was: (untranslated in the patch) | Adds the possessive so 'Chao He' reads as the person, not a unit name; 打死 accurately rendered as 'beat to death'."
"CombatTalking/S0202_02_01_001","Good lad, how dare you provoke our young lady? Surround him! Surround him!","was: (untranslated in the patch) | 好小子 addresses one person; old's plural 'them' was wrong. 'my family's young lady' was stilted."
"CombatTalking/S0202_02_01_002","Wait, I'm just trying to give you some friendly advice!","was: (untranslated in the patch) | 慢著 is the interjection 'Wait!', not an instruction to slow down."
"CombatTalking/S0202_02_01_003","I don't care about that! The people our young lady wants to beat have never been innocent! Everyone, grab his hands and feet and make him a punching bag for her!","was: (untranslated in the patch) | Unifies 大小姐 as 'young lady' to match row 772; 沙包 used of a person is the idiom 'punching bag', not literal sandbag."
"CombatTalking/S0202_02_01_004","Sister Ying, don't hit...","was: (untranslated in the patch) | Chinese em-dashes were left untranslated; ASCII ellipsis is the natural equivalent for cut-off speech."
"CombatTalking/S0202_02_01_006","Sister Ying, hit him! It's his own fault for not giving me my candied hawthorn!","was: (untranslated in the patch) | 誰讓他不... is the idiom 'it's his own fault for...', not a literal question; 'Sister Ying' matches the form used one line earlier."
"CombatTalking/S0702_01_001","Must the two of us really come to blows?","was: (untranslated in the patch) | 'Clash by weapons' is not idiomatic English for 兵戎相見."
"CombatTalking/S0702_01_005","...","was: (untranslated in the patch) | Chinese ellipsis-plus-period left untranslated; ASCII-only punctuation required."
"CombatTalking/S0702_01_006","...","was: (untranslated in the patch) | Chinese ellipsis-plus-period left untranslated; ASCII-only punctuation required."
"CombatTalking/S9904_01_02_001","Hahaha, Junior Brother, don't get so worked up!","was: (untranslated in the patch) | 師弟 is 'Junior Brother' (matches the register's Senior/Junior Brother pattern), not the generic 'disciple'."
"CombatTalking/G0005_02_02_002","I never said I wanted to marry her!","was: (untranslated in the patch) | Generic 'I would never say that' loses the specific content (marriage, 娶) the previous line set up."
"CombatTalking/0000_03_001","I'm going to take it seriously.","was: (untranslated in the patch) | Restores the missing terminal period."
"CombatTalking/A0002_01_001","Ha, not bad. Since this is the last time, I won't hold back!","was: (untranslated in the patch) | 真不客氣 here means 'I won't go easy on you', not 'bold'."
"CombatTalking/1321_02_01_001","Oh! You told me to go easy, yet you're going all out yourself? How outrageous!","was: (untranslated in the patch) | 你讓我放水 means 'you told me to hold back' (accusation of hypocrisy), not 'you let me off the hook' (forgiveness) — confirmed against the Chinese."
"CombatTalking/1325_01_001","Senior, please show mercy - this is a misunderstanding!","was: (untranslated in the patch) | U+2011 hyphen replaced with ASCII."
"CombatTalking/1325_01_002","Senior Brother, Junior Brother, we're here to help you!","was: (untranslated in the patch) | 師弟 is the male term 'Junior Brother', mistranslated as 'Sister'."
"CombatTalking/1326_01_001","Ah! Damn it... avenge me...","was: (untranslated in the patch) | Chinese six-dot ellipsis and stray trailing period replaced with standard ASCII ellipsis."
"CombatTalking/1328_01_001","If you've got the guts, come on!","was: (untranslated in the patch) | Matches the conditional-challenge phrasing already used for 有本事你就來 at row 839; old stated it as fact instead of a taunt."
"CombatTalking/1328_01_003","Don't tell me this guy is actually trying to kill me!","was: (untranslated in the patch) | 該不會...吧 is a rhetorical 'surely not...?' expressing alarmed disbelief, not a flat assertion."
"CombatTalking/Special835_001","You're nothing but a dog raised by the Tang Clan, a particularly ugly mixed-breed dog!","was: (untranslated in the patch) | ASCII hyphen fix, confirmed U+2011 present in file."
"CombatTalking/Special835_002","You just go ahead and be proud, you piece of trash - you'll never amount to anything in your life!","was: (untranslated in the patch) | ASCII hyphen; 'in your life' reads more naturally than 'in your lifetime'."
"CombatTalking/Special835_005","Scum who borrows a tiger's might, if you've got the guts, kill me with one stroke - not brave enough, are you? Coward.","was: (untranslated in the patch) | ASCII hyphen; 有種的一刀殺了我 is a conditional taunt ('if you dare'), not old's flat 'a brave one would'; 不敢是吧 taunts nerve/courage, confirmed against context."
"CombatTalking/S0208_02_01_001","Get out of here, Mr. Zhao! This has nothing to do with you! You insist on getting involved - do you not care if it turns into a war between the Great Song and the Kingdom of Dali?","was: (untranslated in the patch) | ASCII hyphen; untangles the double-negative into the plain rhetorical question 難道...也無所謂嗎 actually asks."
"CombatTalking/S0208_02_01_002","How could this possibly turn into that?","was: (untranslated in the patch) | 'Evolve into that way' is not natural English for 演變成那樣."
"CombatTalking/S0208_02_01_003","Even if she were clever, she couldn't have foreseen that you once spoke carelessly, claiming to be a descendant of the Great Song's Zhao family, which Duan Zhixiu took seriously and has kept in mind ever since.","was: (untranslated in the patch) | 大宋 is fixed in NOMENCLATURE as 'the Great Song', not 'Song Dynasty'."
"CombatTalking/S0208_02_01_005","If you insist on courting death, then experience this Young Lord's newly learned left-hand sword technique!","was: (untranslated in the patch) | ASCII hyphen fix, confirmed U+2011 present in file."
"CombatTalking/S0208_02_02_001","Disciple, this little miss has caused you to suffer humiliation, and you wish she were dead, don't you? Don't worry, your master will settle this for you.","was: (untranslated in the patch) | 師父來給你作主 is the master referring to himself in third person; old flipped it into the disciple being addressed as 'master'."
"CombatTalking/S0208_02_02_003","What's going on here? Isn't that stubborn old Daoist priest only tough when he's at home?","was: (untranslated in the patch) | 道士 is 'Daoist [priest]', not 'hermit'; matches register's Dao- spelling convention."
"CombatTalking/S0208_02_02_004","This person has been playing possum this whole time, hiding his true strength!","was: (untranslated in the patch) | 扮豬吃老虎 is a set idiom for feigning weakness; old's literal rendering was nonsense (NOMENCLATURE rule 5)."
"CombatTalking/S0208_02_02_005","Haha, Xiu'er, did you see that? So-called trump cards and ultimate moves are meant to stay hidden until the critical moment, so they can catch people off guard - that's the only way they work. Before he catches his breath, let's kick him while he's down...","was: (untranslated in the patch) | 秀兒 is Duan Zhixiu's pet name (段智秀, established earlier in this same scene at row 811) — 秀 = Xiu, not 'Xiao'er'; also fixes stray U+2011 hyphens and the untranslated trailing ── ."
"CombatTalking/S0208_02_02_007","This mountain path has long been in disrepair! Are you trying to get yourself killed?","was: (untranslated in the patch) | 'Is long in disrepair' is not grammatical English."
"CombatTalking/S0208_02_02_008","Oh! You all... stop shaking it, I'm about to fall!","was: (untranslated in the patch) | 別晃 refers to shaking the walkway itself (context: row 823's damaged 棧道), not just 'don't move'."
"CombatTalking/S0208_02_02_012","You might as well shout for help and see if anyone comes. Set against the lively laughter from the courtyard, it'll only make plain how bleak your fates are, you two little ones.","was: (untranslated in the patch) | ASCII hyphen removed; untangles the dangling 'echoing...to highlight' clause into two clear sentences without changing content."
"CombatTalking/S0209_01_01_001","So profound... Is this the Qingcheng Sect's mystic qigong?","was: (untranslated in the patch) | 'Sect' capitalized to match the proper-noun form 'Qingcheng Sect' in NOMENCLATURE; 玄門 is 'mystic/Daoist', not 'secret'."
"CombatTalking/S0209_01_02_001","This surge of True Qi feels like the Nangong Family's Heart Protection Technique.","was: (untranslated in the patch) | 真氣 = True Qi, 南宮世家 = Nangong Family (Clan reserved for Tang Clan), 護心訣 = Heart Protection Technique — all explicit NOMENCLATURE entries."
"CombatTalking/S0209_01_03_001","This is the Withering and Flourishing Divine Skill of the Duan Family of Dali!","was: (untranslated in the patch) | 'Clan' is reserved for the Tang Clan; other lineages take 'Family' per NOMENCLATURE."
"CombatTalking/S0208_05_01_001","So profound... Is this the Qingcheng Sect's mystic qigong?","was: (untranslated in the patch) | Duplicate of row 826; same fix applies."
"CombatTalking/S0208_05_01_003","At this moment, I share one pulse and one breath with Yunshang; our hearts are connected through that same pulse.","was: (untranslated in the patch) | 雲裳 is Ye Yunshang (used correctly elsewhere, e.g. row 822); old garbled it as 'Yun Chang'."
"CombatTalking/S0208_05_02_001","This surge of True Qi feels like the Nangong Family's Heart Protection Technique.","was: (untranslated in the patch) | Duplicate of row 827; same fix applies."
"CombatTalking/S0208_05_03_001","This is the Withering and Flourishing Divine Skill of the Duan Family of Dali.","was: (untranslated in the patch) | Duplicate of row 828; same fix applies."
"CombatTalking/1814_01_02_001","Junior Brother Zou, once I've killed you, I'll strip your bones and make a robe from your flesh. Then I'll take your identity and seize control of Qingcheng. From this day on, there will be no more righteous Qingcheng left in this world!","was: (untranslated in the patch) | 鄒 romanizes as Zou (cf. register's Zou Bo), not 'Zhou'; 師弟 is 'Junior Brother', not 'Junior Disciple'; old's 'with your identity taking over' didn't parse as English."
"CombatTalking/1814_01_02_003","Sect Leader Zou, be careful, he's deliberately trying to provoke you!","was: (untranslated in the patch) | 鄒 = Zou, not 'Zhou'; 掌門 is 'Sect Leader' per GLOSSARY, never 'Master'."
"CombatTalking/1814_01_03_001","You heretic, behold my Qingcheng Ultimate: Celestial Master Sword Technique!","was: (untranslated in the patch) | 邪魔歪道 is direct address to the opponent; 絕招 is registered simply as 'Ultimate' (no redundant 'Technique'); ASCII hyphen/colon fix."
"CombatTalking/1814_01_03_002","Senior Brother!","was: (untranslated in the patch) | 師兄 is the plain title 'Senior Brother'; old fabricated a name 'Shi' from the syllable 師."
"CombatTalking/1814_01_03_003","!?","was: (untranslated in the patch) | Fullwidth Chinese punctuation left untranslated; ASCII required."
"CombatTalking/1814_01_03_005","Sect Leader Zou!","was: (untranslated in the patch) | 掌門 is 'Sect Leader', never 'Master' (GLOSSARY)."
"CombatTalking/1814_01_04_001","You little imp Zhao, why aren't you screaming or running? Hehehe. Isn't this getting more and more fun? Don't fall apart on me too easily now, hm?","was: (untranslated in the patch) | 小鬼 is a mocking epithet ('little imp/brat') to translate, not part of a name — matches the same word already translated at row 795 in this file."
"CombatTalking/1814_01_05_001","You and Little Miss Ye are very much in love, happy, I presume? Have you ever imagined a beautiful future after surviving? Haha. None of that will happen though, because this old man will personally ruin it for you.","was: (untranslated in the patch) | 老夫 is the speaker's self-deprecating/arrogant 'this old man', not a capitalized name/title."
"CombatTalking/1814_01_06_001","When I kill you, I'll also make a coat out of your skin. Ugly as you are, you still have your uses. For example... wearing your skinned face as a mask while I strangle Little Miss Ye - how does that sound?","was: (untranslated in the patch) | It's a coat made of the victim's own human skin, not animal 'fur'; final clause tightened into one coherent threat."
"CombatTalking/1814_02_01_001","Hah! You two, no, three little brats, how dare you be so reckless! I am Patriarch Wuxiang! When you were still children, I was already killing people!","was: (untranslated in the patch) | NOMENCLATURE explicitly fixes 無相祖師 as 'Patriarch Wuxiang', not 'Wuxiang Patriarch'; 唔哦哦 is a menacing snarl, not the villain's own dismay ('Oh no!')."
"CombatTalking/1814_02_03_001","Die! I won't even leave your ashes behind - vanish completely!","was: (untranslated in the patch) | Old was a comma splice that didn't parse as a command; recast as two clear imperatives without changing the content (total annihilation)."
"CombatTalking/1814_02_03_004","Attack!","was: (untranslated in the patch) | Context is a battle order to subordinates (followed by 'Kill him!' / 'Yes!'), so this reads as the command 上吧 actually is, not passive encouragement; also restores missing terminal punctuation."
"BattleDialog/Ch_2_4_9_1_001","The Tang Clan has indeed aligned with the Demon Cult!","was: The Tang Clan has indeed aligned with the Demon Sect! | 魔教 = Demon Cult per NOMENCLATURE.md (教=Cult, 派=Sect); patch's 'Demon Sect' was wrong."
"BattleDialog/Ch_2_4_9_1_002","You people of the Tang Clan, you're blind as a bat! The Demon Cult is clearly here to harm you!","was: You people of the Tang Clan, you're blind as a bat! The Demon Sect is clearly here to harm you! | Same 魔教 = Demon Cult register fix."
"BattleDialog/Ch_2_4_9_1_005","That Zhao bastard is a mole! Kill him!","was: That Zhao surname gray grandson is an internal traitor! Kill him! | 灰孫子 is Northern-Mandarin insult slang, not a literal 'gray grandson'; 'mole' is the natural English word for 內奸 (inside spy). 'Bastard' is already the corpus's register for this kind of insult (row 7, 王八蛋)."
"BattleDialog/Ch_2_4_9_1_006","The heat's on - let's scram!","was: The wind is strong, it's pulling! | 風緊扯乎 is jianghu/underworld cant for 'trouble - flee', not a literal wind statement; genre-over-literalism per GLOSSARY."
"BattleDialog/Ch_2_4_9_2_001","Despicable scum, how dare you come to the Tang Clan and cause trouble!","was: Despicable scum, dare to come to the Tang Clan and cause trouble! | Restores the missing subject in 'dare to come'; natural English exclamation for 敢來."
"BattleDialog/Ch_2_4_9_2_003","I urge you to kill yourselves right now - that way you can avoid the torment of my Second Senior Brother!","was: Urge you to commit suicide immediately, you can also avoid the torment of my Second Senior Brother! | Restores missing first-person subject and fixes the comma splice; Second Senior Brother matches NOMENCLATURE.md (二師兄)."
"BattleDialog/Ch_2_4_9_2_004","You Mud Cult folks, I don't know what you're up to, but stay out of the way!","was: Mud Cult's, I don't know what your intentions are, don't get in the way! | 泥教 = Mud Cult per NOMENCLATURE.md; fixes the dangling possessive 'Mud Cult's,' and joins the run-on clauses naturally."
"BattleDialog/Ch_2_4_9_3_003","Yes, the Tang Clan are truly our brethren in the Demon Cult! Let's join forces and crush the righteous factions together!","was: Yes, the Tang Clan is like my fellow sect members in the Demon Sect. Let's unite and overthrow the righteous factions together! | 魔教 = Demon Cult; 同胞 is 'kin/brethren' not 'fellow sect members'; 就是 ('truly are') was hedged into 'is like' in the patch."
"BattleDialog/Ch_2_4_9_3_005","Haha, it's too dark - the righteous and the Tang Clan can't tell each other apart, and they've ended up in one big brawl!","was: Haha, it's too dark, the righteous and the Tang Clan couldn't tell each other apart, and ended up fighting in a group! | 打成一團 is an idiom for a chaotic brawl, not literally 'fighting in a group'."
"BattleDialog/Ch_2_4_9_3_006","First, deal with the Six Great Sects' running dogs!","was: First, deal with the Six Major Sects' running dogs! | 六大派 has no NOMENCLATURE.md entry; standardized to match its only other occurrence in this file (row Ch_2_4_9_3_002, already 'Six Great Sects'), per the one-term-one-term rule."
"BattleDialog/Ch_2_4_9_4_003","That Zhao bastard is a mole! Kill him!","was: That Zhao surname gray grandson is an internal traitor! Kill him! | Duplicate line of Ch_2_4_9_1_005; same verified fix applied for consistency."
"BattleDialog/Ch_2_4_9_4_004","The heat's on - let's scram!","was: The wind is strong, it's pulling! | Duplicate line of Ch_2_4_9_1_006; same verified idiom fix applied for consistency."
"BattleDialog/Ch_2_4_9_4_005","Ouch! Get lost, Demon Cult!","was: Oh no, get out of the way, Demon Sect! | 魔教 = Demon Cult; 滾開 is rude 'get lost/scram' not neutral 'get out of the way'; 哎唷 is a pain/reaction exclamation ('ouch'), not 'oh no'."
"BattleDialog/Ch_2_4_9_5_001","The Tang Clan are truly cowards - they even need the Six Great Sects to send people to protect them!","was: The Tang Clan are truly cowards, they even need six major dispatched people to protect them! | Corrects the patch's mis-parse of 六大派遣人 (as 六大 + 派遣人 rather than 六大派 + 遣人), and aligns with 'Six Great Sects' used elsewhere in this file."
"BattleDialog/Ch_2_4_9_5_002","I was going to deal with the Tang Clan later, but since you've come here to die, that's a different matter!","was: I was going to deal with the Tang Clan later, but if you all come to your own death, that's a different matter! | 'come to your own death' was an unnatural literal rendering of 自己來送死."
"BattleDialog/Ch_2_4_9_5_004","Haha, it's too dark - the righteous and the Tang Clan can't tell each other apart, and they've ended up in one big brawl!","was: Haha, it's too dark, the righteous and the Tang Clan couldn't tell each other apart, and ended up fighting in a group! | Duplicate line of Ch_2_4_9_3_005; same verified idiom fix applied for consistency."
"BattleSkill/Brother1/Dialog_1_1","Who dares to touch my Junior Brother!","was: Who dares to touch my junior disciple! | 師弟 has no NOMENCLATURE.md entry. Accepted with a correction: 'Junior Brother' (not the proposer's 'Junior Martial Brother') because that exact phrase already appears twice elsewhere in the corpus (CombatTalking/E102, 1806_01_01_001) and matches the register's Senior-Brother naming family, which never inserts 'Martial' - better to converge on an atteste"
"BattleSkill/Brother1/Skill_1","Hidden Weapon General Principles","was: Tang Clan Hidden Weapon General Principles | zh matches the exact 6-char string NOMENCLATURE.md fixes as 'Hidden Weapon General Principles' (Book/Name/1000); same string reappears at Name/brother1 so both must agree. Verified against file row 2."
"BattleSkill/Brother1/Skill_1_2","Clan","was: Door | Second character of 唐門 in the per-char title-reveal cutscene (confirmed via SkillDialogPanel.cs, which types out each key's full string as its own on-screen slot). Suffix table fixes 門 = Clan specifically for 唐門, not the standalone 'Door'."
"BattleSkill/Brother1/Skill_1_3","Hidden","was: Dark | First half of 暗器 = 'Hidden Weapon' (GLOSSARY); 暗 in this compound is 'Hidden', not literal 'Dark'."
"BattleSkill/Brother1/Skill_1_4","Weapon","was: Vessel | Second half of 暗器 = 'Hidden Weapon'; 器 here is 'Weapon', not generic 'Vessel'."
"BattleSkill/Brother1/Skill_1_5","General","was: Total | First half of 總綱, which the suffix table fixes as 'General Principles'; 總 = 'General' here, not 'Total'."
"BattleSkill/Brother1/Skill_1_6","Principles","was: Rope | Second half of 總綱 = 'General Principles'; 綱 = 'Principles' in this compound, not 'Rope'."
"BattleSkill/Desc/girl9","Perform a Coin Dart attack in a straight line.","was: Perform a Money Dart attack in a straight line. | Same fix as Name/girl9, for corpus consistency. Verified against file row 23."
"BattleSkill/Name/brother1","Hidden Weapon General Principles","was: Tang Clan Hidden Weapon General Principles | Identical zh string to Skill_1 above; register fixes it as 'Hidden Weapon General Principles' everywhere it occurs. Verified against file row 10."
"BattleSkill/Name/girl9","Coin Dart","was: Money Dart | 金錢鏢 is fixed as Coin Dart (parallel to 金錢劍 Coin Sword), not 'Money Dart'. Verified against file row 22."
"CombatAction/attack_005","Soul-Stealing Phantom Claw","was: Soul‑Stealer Phantom Claw | Verified via hex dump the old text used U+2011; NOMENCLATURE fixes this exact name and lists 'Soul-Stealer Phantom Claw' as wrong."
"CombatAction/attack_006","Snow Mountain Flying Goose Claw","was: Snow Mountain Flying Swan Claw | 鴻 is a wild goose, not a swan; NOMENCLATURE fixes this exact name."
"CombatAction/block_001","One-Toe Divine Power","was: One‑Toe Divine Skill | Verified via hex dump the old text used U+2011; register fixes 神通 = Divine Power (distinct from 神功 Divine Skill) and requires ASCII hyphen."
"CombatAction/ultimate_001","Heavenly Ladle Demon-Subduing Sword","was: Heavenly Gang Subduing Demon Sword | 天罡 refers to the Big Dipper's stars, not a 'gang'; NOMENCLATURE fixes this exact name. Length is comparable to the unmodified old text and to other long sibling names in this box."
"CombatAction/ultimate_009","Wind-Thunder God Kick","was: Wind Thunder God Foot | 神 renders consistently as 'Divine' elsewhere in this same file (Vajra Divine Spear Finger, Divine Thunder at ultimate_010); 'God Foot' broke that one-term-one-translation consistency. | ruled 20260912 (q20): was Wind Thunder Divine Foot"
"CombatAction/ultimate_012","Same-Boat Sword Technique","was: Tongzhou Sword Technique | 同舟 ('in the same boat') is a meaningful compound, not a name, so per NOMENCLATURE rule 2 it must be translated rather than left as pinyin -- the exact mistake the register calls out for 蒼龍吟/Canglong Yin. Flagged as a judgment call for a human to refine wording."
"CombatAction/ultimate_013","First Ultimate","was: First Extreme Move | 極招 takes the same 'Ultimate' as 絕招 per NOMENCLATURE (cf. 'Sword Saint's First Ultimate')."
"CombatAction/ultimate_014","Second Ultimate","was: Second Extreme Move | Same fix as ultimate_013, keeping the First/Second/Third set parallel."
"CombatAction/weapon_001","Acupoint Striking Rope","was: Acupoint Striking and Threading | NOMENCLATURE gives this exact translation for 打穴娟索 (娟索 is the rope weapon)."
"CombatAction/weapon_002","Vajra Divine Spear Finger","was: Vajra Divine Spear Technique | 指 = Finger per the suffix table; NOMENCLATURE fixes this exact name over the generic '...Technique'."
"CombatCharacter/Name/big_shock1","Xu Dajing","was: Xu Daqing | Verified against file. 鯨 is jing (whale), not qing; confirmed the identical characters 大鯨 are already rendered 'Dajing' in this same file at CombatCharacter/Name/big_trainee1 (唐大鯨 = Tang Dajing), so consistency requires 許大鯨 = Xu Dajing."
"CombatCharacter/Name/big_trainee_girl_1","Tang Jiaojiao","was: Tang Jiao Jiao | Verified against file and NOMENCLATURE People table: 唐嬌嬌 = Tang Jiaojiao is the canonical form; 'Tang Jiao Jiao' is explicitly listed as the wrong split form."
"CombatCharacter/Name/fairy1","Immortal Maiden","was: Fairy Mistress | Verified against file. NOMENCLATURE states the general rule '仙 = Immortal, not Fairy' (from the Apricot Blossom Immortal entry); 姑 as 'maiden/lady' avoids the unwarranted 'Mistress' connotation. Correctly flagged by the proposer as a judgment call since 仙姑 itself isn't individually listed."
"CombatCharacter/Name/hero1","Jianghu Young Hero","was: Jianghu Hero | Verified against file and NOMENCLATURE: 少俠 = Young Hero, a fixed distinction from 大俠 Great Hero; dropping 'Young' loses that register distinction."
"CombatCharacter/Name/ranger3_1","Luoyang Great Hero","was: Luoyang Hero | Verified against file and NOMENCLATURE: 大俠 = Great Hero (distinct from 少俠 Young Hero). Dropping 'Great' loses a register distinction, so the fuller form is correct and not a length risk for this field."
"CombatCharacter/Name/sister1","Tang Moling","was: Tang Meling | Verified against file and NOMENCLATURE: 唐默鈴 = Tang Moling is canonical (patch's own story text already says 'Mo ling'); 'Tang Meling' is the listed wrong form."
"CombatCharacter/Name/special207","Venerable Golden Crow","was: Jinwu Shangren | Verified against file and NOMENCLATURE: 金烏上人 = Venerable Golden Crow is the canonical form (上人=Venerable, 金烏=sun-crow); the register itself flags the pairing as not fully settled but instructs following it for consistency, which the proposal already notes."
"CombatCharacter/Name/special212_1","Patriarch Wuxiang","was: Wuxiang Patriarch | Verified against file and NOMENCLATURE: 無相祖師 = Patriarch Wuxiang, with 祖師 (Patriarch) leading the name; 'Wuxiang Patriarch' is the listed wrong order."
"CombatCharacter/Name/special2_1","???","was: ？？？ | Verified the full-width ？？？ appears in the file exactly as quoted. GLOSSARY mandates ASCII punctuation only; this placeholder pattern recurs across many files (CharacterLocalization.tsv etc.) and should be ASCII everywhere."
"CombatCharacter/Name/special3","Ye Yunzhou","was: Ye Yunzhao | Verified against file and NOMENCLATURE: 葉雲舟 = Ye Yunzhou (舟 is zhou); 'Ye Yunzhao' is the listed wrong pinyin."
"CombatCharacter/Name/special801","Tan Badao","was: Tan Ba Dao | Verified against file. 譚霸刀 is not individually listed, but NOMENCLATURE's general transliteration rule ('two-syllable given names join up') applies: surname Tan + given name Badao."
"CombatCharacter/Name/special820","Third Fragrance","was: Di San Xiang | Verified against file; not in the register, so judged on internal consistency. This same file already translates a comparable nickname-type Name row rather than transliterating it (special813: 畫中仙 = 'Painting Immortal'), which supports reading 第三香 as a numbered courtesan-style sobriquet (第 = ordinal prefix) rather than a personal name to transliterate. Accepted as a reasonable,"
"CombatCharacter/Name/special999","Ruisheng","was: Rui Sheng | Verified against file. Confirmed the same file already renders a standalone two-character given name joined (CombatCharacter/Name/special829, 南溪 = Nanxi), so 瑞笙 = Ruisheng follows the same established in-file pattern."
"CombatCharacter/Name/special999_0","???","was: ？？？ | Same ASCII-punctuation fix as special2_1, verified against the file."
"CombatCharacter/Name/trainee221","Soul-Stealing Disciple","was: Soul‑stealer Disciple | Verified against file - old text does use the non-ASCII U+2011 hyphen as claimed. NOMENCLATURE consistently renders 奪魄 as 'Soul-Stealing' (Soul-Stealing Orchid, Soul-Stealing Phantom Claw), and GLOSSARY requires ASCII '-' only."
"CombatCharacter/Name/trainee301","Diancang Disciple","was: Dian Cang Disciple | Verified against file and NOMENCLATURE, which explicitly calls out this exact wrong split: 'Dian Cang appears 11 times and is wrong every time.'"
"CombatInfo/hp","The magical power that sustains the heartbeat.","was: The magical power that sustains the heartbeat | Sibling tooltip rows (mp, dice) in this same file already end in a period; this one was missing it."
"CombatInfo/level1","Gathering momentum, the unusual you. Your offense and defense have slightly increased.","was: Gathering momentum, the unusual you. Both offense and defense have slightly increased. | Matches the 'Your offense and defense' phrasing already used verbatim in the unedited level2 row; no meaning change."
"CombatInfo/level2","Dedicating yourself to martial arts, you are in excellent condition. Your offense and defense have greatly increased.","was: Dedicating yourself to Martial Arts, you are in excellent condition. Your offense and defense have greatly improved. | 武學 is generic martial arts here, not a proper noun, so mid-sentence lowercase is correct; 'increased' matches the verb used across the tiered set."
"CombatInfo/level3","You have reached a state of transcendence, extraordinary and holy. Your offense and defense have dramatically increased.","was: You have reached a state of transcendence, extraordinary and holy. Your offensive and defensive capabilities have significantly increased. | 微幅/大幅/超幅 is an escalating three-step scale; 'significantly' no longer read stronger than level2's 'greatly', so the top tier needed a stronger word to preserve the escalation."
"CombatTalking/1100_01_001","Junior Brother, don't be reckless and court death. Wait until I've dealt with this one, then I'll come help you.","was: Disciple, don't be reckless and court death. Wait until I kill this person, then come to help you. | 師弟 standardized to Junior Brother, paralleling the register's Second/Third/Fourth Senior Brother pattern (師弟 itself has no individual NOMENCLATURE.md row, but this closes a real four-way in-file inconsistency and doesn't contradict anything listed - worth adding to the register). Restores the "
"CombatTalking/1100_04_002","Our Gang Leader intended to abduct Miss Shangguan, but the plan came up empty. They raided the ship, but she wasn't there.","was: Our sect leader intended to abduct Lady Shangguan, but ended up missing. They raided the ship, but the person wasn't there. | 幫主=Gang Leader and 姑娘=Miss per the register's Titles table; 撲空 means the attempt failed, not 'ended up missing.'"
"CombatTalking/1100_04_003","The idiot from the Cang Gang said they withheld the grain meant for Anji Hall. Damn it, isn't that starving the poor? Our Gang Leader cut off their nipples.","was: The idiot from the Cang Bang said they withheld the grain intended for Anji Temple. Damn it, that's not letting the poor eat? The leader of the Cang Bang cut off their breasts. | 滄幫=Cang Gang and 幫主=Gang Leader per register; 'Anji Hall' matches the patch's own rendering two rows later at 1100_04_008; 乳頭=nipples, not breasts."
"CombatTalking/1100_04_005","Our Gang Leader ordered us to cut off the nipples of Cang Gang disciples and sew them onto their shoulders.","was: The gang master ordered us to cut off the breasts of Cang Sect disciples and sew them onto their shoulders. | 幫主=Gang Leader (never 'gang master'), 滄幫=Cang Gang (never Sect), 乳頭=nipples - all per register."
"CombatTalking/1100_04_008","Deliver the stolen grain directly to the poor people at Anji Hall. The Gang Leader disembarked halfway to have some rice noodle soup.","was: Deliver the stolen grain directly to the poor people at Anji Hall. The Gang Master disembarked halfway to have some rice noodle soup. | 幫主=Gang Leader; 'Gang Master' is the register's explicitly listed wrong form."
"CombatTalking/1103_01_001","Junior Brother, I'll help you too!","was: Brother, I'll also help you! | Same 師弟 standardization as 1100_01_001."
"CombatTalking/1103_01_002","How's it going? How did you end up fighting with your sister-in-law?","was: How's it going? How did you end up fighting with your sister‑in‑law? | ASCII hyphen replaces the forbidden U+2011 per house style."
"CombatTalking/1103_01_003","Hurry and call all the brothers from the Daren branch to help! This ugly boy was caught in the act of committing adultery with his sister-in-law, and they want to kill me to silence me!","was: Hurry and call all the brothers from the Daren branch to help! This ugly boy was caught in the act of committing adultery with his sister‑in‑law, and they want to kill me to silence me! | Same U+2011-to-ASCII fix."
"CombatTalking/1103_01_006","Junior Brother, what are you doing here? Hey, isn't this Junior Sister Tang Ru?","was: Disciple, what are you doing here? Hey? Isn't this Tang Ru, the junior sister? | Corrected from the proposal: 師弟 standardizes to Junior Brother, but bare 師妹 (unlike 小師妹) is just a generic descriptor for this one-off character Tang Ru. NOMENCLATURE.md reserves the exact Title Case epithet 'Junior Martial Sister' for Tang Moling specifically; reusing it verbatim for a different character risks "
"CombatTalking/1103_01_007","Eldest Senior Brother, help us!","was: Hey, Senior Brother, help us out! | 大師兄 is the register's fixed Eldest Senior Brother, not a generic Senior Brother."
"CombatTalking/1103_01_008","Honestly, there's no dealing with you two.","was: I really can't help you | 真拿你們沒辦法 is the resigned idiom 'there's no doing anything with you,' not a refusal - the old line reads as the opposite of the help that follows. Added terminal period."
"CombatTalking/1211_02_001","Huh... my body feels strange, not responding well? Yes, it's the poison that Second Senior Brother administered earlier!","was: How... my body feels strange, not responding well? Yes, it's the poison that Second Senior Brother administered earlier! | Same 怎麼='Huh' fix as 1214_02_001; 二師兄 correctly kept as Second Senior Brother per NOMENCLATURE.md."
"CombatTalking/1214_02_001","Huh, my body feels strange.","was: How, my body feels strange | Verified old/zh match the file exactly. 怎麼 here is a confused exclamation, not literal 'How'; matches the parallel fix in 1211_02_001. Added missing terminal period."
"CombatTalking/1218_01_001","Brothers, don't panic! We've already taken the Huang Lian Detoxifying Pills bought from the apothecary. Even if it's not the right treatment, it should have some effect, right? I think!","was: Brothers, don't panic! We've already taken the Huang Lian Detoxifying Pills bought from the pharmacy. Even if it's not the right treatment, it should have some effect, right? I think! | 藥房/藥鋪=Apothecary per register's Places table; 'Pharmacy' is the listed wrong form."
"CombatTalking/1219_01_001","Watch me! Five Tigers' Gate-Cutting Blade!","was: Watch me! Five Tigers' Gate‑Cutting Blade! | ASCII hyphen replaces U+2011."
"CombatTalking/1219_01_002","Despicable! Isn't the Emei Sect known for its Fist and Palm techniques? Yet you're wielding blades!","was: Despicable! The Emei Sect isn't known for using fist and palm techniques? You're using knives! | 拳掌=Fist and Palm (Title Case per GLOSSARY) and 刀=Blade (never 'knives') per register."
"CombatTalking/1301_01_001","Three against one is rather unfair. Tang Clan Brother, let me help you.","was: Three against one is also too unfair, Brother of the Tang Clan, I'll help you. | 未免太 is an intensifier ('rather too'), mistranslated as 'also'; 'Tang Clan Brother' follows the register's established sect-first compound pattern (Tang Clan Disciple, Tang Clan Sect Leader)."
"CombatTalking/1301_01_002","--Thank you, Brother!","was: ──Thank you, Sir Brother! | Leading dash converted to ASCII; 兄台 already renders as 'Brother' at 1317_01_001 in this same file, so 'Sir Brother' is dropped for consistency."
"CombatTalking/1301_01_003","A handsome young man in a white robe has arrived! I hate people who look better than me! You'll both die together!","was: A handsome young man in a white robe has arrived! I hate people who look better than me! Let's die together! | 一起受死 is a threat directed at the listener(s), not an invitation to a joint suicide."
"CombatTalking/1301_01_004","The suddenly appearing white-clad youth attracted the enemy's hatred!","was: The suddenly appearing white‑clad youth attracted the enemy's hatred! | ASCII hyphen replaces U+2011."
"CombatTalking/1304_02_001","Woof woof woof woof! (Bite)","was: Wang wang wang wang! (Bite) | 汪汪 is a dog's bark; 'Wang' reads as a surname rather than a bark sound."
"CombatTalking/1304_02_003","A'Niu, run fast! I'll take care of this guy!","was: Ah Niu, run fast! I'll take care of this guy! | Matches the apostrophe convention this same file already uses for A'Huo (1407_02_001) and A'Qian (S_1623_01_001)."
"CombatTalking/1306_01_002","How dare you say that! What did you mean by cursing my mother like that! I didn't choose to be a beggar - why insult my family!","was: How dare you say that! What's the meaning behind you suddenly greeting my mother! I didn't volunteer to be a beggar, why do you insult my family! | 問候 here is the sarcastic Chinese idiom for cursing someone's mother, not a literal 'greeting' - the mistranslation loses the insult the next line reacts to."
"CombatTalking/1306_01_003","How dare you think you can insult my Junior Martial Sister however you please!","was: How could my junior martial sister be the one to allow you to insult her at will! | 小師妹 is the register's fixed Title Case Junior Martial Sister; also untangles an awkward passive construction."
"CombatTalking/1306_01_004","You two must be out of your minds! As if a few little hits from me meant all that! What nonsense!","was: You two must be crazy! It's better if I do those few moves, having so much meaning! What nonsense! | 最好是 is a sarcastic denial ('as if...'), not a literal claim - the old rendering does not parse as English."
"CombatTalking/1308_01_001","How far behind am I now, compared to Eldest Senior Brother's strength? If Eldest Senior Brother wanted to beat me up, how would he attack?","was: How far behind am I compared to Senior Brother in terms of strength? If Senior Brother intends to beat me up, how would he attack? | 大師兄 is Eldest Senior Brother per register, not a generic Senior Brother."
"CombatTalking/1313_01_001","This person isn't much to look at, but their skills are surprisingly tough. I'd better be careful not to get overconfident and slip up! I'll try to make it last eleven or twelve rounds, then call it off - that way at least I won't lose face.","was: This person isn't particularly handsome, but his skills are formidable. I need to be careful, don't fall into a trap! Try to make it last eleven or twelve rounds. Then both sides can stop, at least not losing face. | 陰溝裡翻船 is the idiom for tripping up through one's own overconfidence, not falling into a trap set by someone else."
"CombatTalking/1317_01_002","Tang Clan? The Tang Clan are lackeys of the Demon Cult - I'll kill every one I see!","was: Tang Clan? The Tang Clan are the followers of the Demon Sect; I'll kill one whenever I see one! | 魔教=Demon Cult per register; 'Demon Sect' is the listed wrong form."
"CombatTalking/1318_01_001","I'm a Tang Clan disciple here to study - stop!","was: I am from the Tang Clan coming to study here, stop! Hey! | Untangles the run-on literal word order; 'disciple' matches the near-identical parallel line 1317_01_001, which explicitly has 唐門弟子."
"CombatTalking/1318_01_002","Save it - everyone who came here to study already went to Jiangling. You think you can still fool me?","was: Stop pulling that stunt, everyone who went abroad for study has gone to Jiangling; can you still fool me? | 留學 here means studying at another sect within this world, not 'abroad' - there is no such concept in this setting, and the old text introduces an anachronism."
"CombatTalking/1318_02_001","I only arrived in Qingcheng later. Ask Daoist Shentu if you don't believe me!","was: I only arrived in Qingcheng later. Ask Shen Tu Daoist if you don't believe me! | 申屠 is a compound surname joined as one word per register; reordered to the Title Name pattern used elsewhere (Sect Leader Wei)."
"CombatTalking/1318_02_002","Enough chatter, wretched creature - your demise is inevitable!","was: Cut the chatter‑speak, wretched creature, your demise is inevitable! | ASCII hyphen; 'chatter-speak' is not standard English."
"CombatTalking/1318_03_002","Hey! Hey! Hey! Still claiming you're not a demon from the Hell Path!","was: Hey! Hey! Hey! Still claiming you're not a demon from the Hell's Path! | 地獄道=Hell Path per register; 'Hell's Path' is the listed wrong form."
"CombatTalking/1319_01_001","Base brute, your words are crude and uncultured. Sister Yunshang, when you're near vermilion, you turn red; you shouldn't associate with such people.","was: Base brute, your words are crude and uncultured. Cloud Robe Younger Sister, when you're near vermilion, you turn red; you shouldn't associate with such people. | 雲裳 is part of the named character Ye Yunshang; names transliterate rather than translate, so 'Cloud Robe' is wrong."
"CombatTalking/1319_02_001","Audacious ruffian - how dare you raise your hand against people in Qingcheng, right in front of this old Daoist!","was: Audacious ruffian, dare you commit violence in front of the old hermit in Qingcheng! | 老道 is a Daoist priest's humble self-reference, not a generic 'hermit.'"
"CombatTalking/1406_01_001","...!","was: ……！ | Chinese punctuation was copied verbatim into the English column instead of being converted to ASCII."
"CombatTalking/1407_02_001","A'Huo, do you really want to die? Fight back, you fool!","was: A'Huo, do you really want to die? Fight back you fool! | Missing comma before direct address."
"CombatTalking/1505_01_01_001","You think I came looking for trouble for no reason? Heh, of course it's to find out whether your Eldest Senior Brother is really dead, or just faking it.","was: You think I came to cause trouble without any reason? Haha, of course it's to investigate whether your master's elder brother is really dead or just pretending. | 你們大師兄 is 'your (all of you's) Eldest Senior Brother,' not 'your master's elder brother' - the patch misparsed 你們+大師兄 as 你的師+兄."
"CombatTalking/1505_01_02_001","Today, I've already become the Tang Clan's ideal son-in-law. In a few days, once I become Sect Leader, I'll marry the Kongtong Four Maidens, then return your Junior Martial Sister to you.","was: Today, I have first become the bridegroom of the Tang Clan. After a few days, when I become the Clan Leader, I will marry the Kongtong Four Maidens, and then return your Junior Martial Sister to you. | 掌派人=Sect Leader per register - 'Clan' is reserved for 唐門 itself, not the leadership title; also fixes the clunky 'have first become.'"
"CombatTalking/1505_01_02_002","You'll regret ever saying that!","was: You'll regret saying this sentence! | 'this sentence' is an odd literal rendering of 這句話."
"CombatTalking/1505_01_02_003","...","was: ……。 | Chinese ellipsis/period copied verbatim instead of converted to ASCII."
"CombatTalking/1505_01_02_004","Damn, it backfired.","was: Damn, it backfired | Missing terminal period."
"CombatTalking/1505_02_01_002","--!","was: ──！ | ASCII replacement for the Chinese dash."
"CombatTalking/1506_01_02_002","The Sect Leader ordered me to stop you, Senior Brother. You'd better... just let it go.","was: Master ordered you to stop you, Senior Brother, you're still... still forget it. | 掌門=Sect Leader per register, not 'Master' (reserved for 師父); also fixes the garbled subject ('ordered you to stop you') and the ungrammatical trail-off."
"CombatTalking/1506_01_02_003","Senior Brother, you've fought hard against powerful foes - you must be exhausted by now.","was: Senior Brother, you've been fighting hard against powerful foes, you're already exhausted. | Fixes a comma splice and renders 才對's inferential sense ('you must be') rather than a flat statement."
"CombatTalking/1506_01_02_006","None of them are Junior Martial Sister!","was: None of them are the junior martial sister! Ah! | Title Case for the register's fixed title; drops the redundant 'Ah!' since 啊 is an emphasis particle, not a separate exclamation."
"CombatTalking/1506_01_02_007","Didn't you already make up your mind?!","was: You haven't already made up your mind, have you? | 你不是...嗎 is a rhetorical affirmation ('didn't you already...?!'), not a negative tag question - the old line implies the opposite of what the next line ('I changed my mind!') responds to."
"CombatTalking/1506_01_02_009","Everyone is reluctant to part, but for her own sake, Junior Martial Sister has no choice but to leave.","was: Everyone is reluctant to part, but for the sake of the Junior Martial Sister, they have to leave. | 她 (she) is Junior Martial Sister herself, not 'they' - the old line swapped the subject."
"CombatTalking/1506_01_02_010","I will be the one to protect Junior Martial Sister.","was: Junior Martial Sister, I will protect you | 由我來守護 declares intent to the group in third person ('I'll be the one to protect her'), not direct address to her; added the missing period."
"CombatTalking/1506_01_02_013","Senior Brother, get a hold of yourself! Do you really want to destroy everything? Keep this up, and all of us juniors will stand against you!","was: Senior Brother, wake up! Do you really want to destroy everything? If you cause more trouble, all our younger brothers and sisters will be your opponents! | 我們所有師弟妹 is the speakers themselves ('all of us junior brothers and sisters'), not a third group ('our younger brothers and sisters')."
"CombatTalking/1506_01_02_014","Wah-wah-ah!!","was: Wah‑wah‑ah!! | ASCII hyphen replaces U+2011."
"CombatTalking/1507_03_02_003","...No, I want to help you.","was: ......No, I want to help you. | Six-dot ellipsis fixed to the standard three-dot ASCII form."
"CombatTalking/1507_03_02_004","Traitor, baseborn scum! Once I deal with this wretch, I'll cut off your hands and feet and sell you to a brothel!","was: Traitor, baseborn scum! Once I deal with this scum, I'll cut off your hands and feet and sell you to the brothel! | Avoids repeating 'scum' twice in one line and matches 這廝's rendering in the parallel line 1507_03_03_004; 'a brothel' reads more naturally with none established yet."
"CombatTalking/1507_03_03_002","Either fight alongside me, or stay put and wait!","was: You either come with me or let me wait by the side! | 給我 here is an imperative aimed at the listener ('you'd better...'), not 'let me' - the old line has the wrong person waiting."
"CombatTalking/1507_03_03_004","Traitor, scum! Once I deal with this wretch, I'll torture you and sell you to a brothel!","was: Traitor, scum! Once I deal with this guy, I'll torture you and sell you to the brothel! | Matches 這廝's rendering in the parallel line 1507_03_02_004 for consistency."
"CombatTalking/1507_03_04_001","Zhao, Zhao, Senior Brother Zhao, why are you killing people in my Kongtong Sect?","was: Zhao, Zhao, Senior Brother Zhao, why are you killing in my Kongtong sect? | Kongtong Sect is capitalized as a proper noun per register; 殺人 literally includes the object 'people,' which the old text dropped."
"CombatTalking/1507_03_04_002","Sect Leader Wei, please stand back! This grudge cannot live under the same sky!","was: Master Wei, you go a bit further! This grudge cannot live under the same sky! | 掌門=Sect Leader per register, not 'Master.'"
"CombatTalking/1507_03_04_003","Sect Leader Wei, save me!","was: Master Wei, save me! | Same fix as 1507_03_04_002."
"CombatTalking/1507_03_04_004","...No, I won't help either side.","was: ...No, I won't help either. | 兩不相幫 means neither side gets help; bare 'either' is ambiguous and could read as agreeing with the prior refusal."
"CombatTalking/1616_04_01_002","Heroine Yu, stop right there!","was: Female Hero Yu, stop right there! | 女俠=Heroine per register; 'Female hero' is the listed wrong form."
"CombatTalking/1616_04_01_003","Don't sell yourself short!","was: Don't devalue your own worth! | 'devalue your own worth' is redundant/tautological; a natural English idiom fits better."
"CombatTalking/1616_04_01_004","This person isn't worth you giving up on yourself like this!","was: This person is not worth you giving up! | Corrected from the proposal: kept the gender-neutral 'This person' since 這個人 does not specify gender, while still fixing the awkward gerund and capturing 自暴自棄 (self-abandonment/despair) rather than just 'giving up.'"
"CombatTalking/1617_01_01_001","Palace Mistress, I'll lend my support!","was: Lord of the Palace, I'll lend my support! | 宮主 parallels 幫主/家主 (Gang Leader/Family Head); the speaker is confirmed female by her own 妾身 self-reference two lines later. Not an explicit NOMENCLATURE.md entry, but a reasonable extension of the register's 'X主' pattern that doesn't contradict anything - worth adding to the register going forward."
"CombatTalking/1617_01_02_001","Oh ho ho, what's going on here? I want to play too.","was: Hehehe, what's going on here? I want to play too. | 哦呵呵 is rendered 'Oh ho ho' for this same character elsewhere in the file (1616_04_01_006, 1618_01_01_002); standardized."
"CombatTalking/1617_01_03_001","What is the meaning of this...!","was: You're this...! | 'You're this...!' does not parse as English."
"CombatTalking/1617_02_01_001","Young Hero Zhao, why not treat it as a real challenge and give your all - I shall test your skill.","was: Young Hero Zhao, why not treat it as a real challenge and give your all; the palace will test your skills. | 本宮 is a first-person self-reference ('I'), not a third-person 'the palace.'"
"CombatTalking/1617_02_01_002","Good! Palace Mistress, please teach me!","was: Good! Master, please teach me! | 宮主 is 'Palace Mistress' here (see 1617_01_01_001), not 'Master' (which would collide with 師父)."
"CombatTalking/1618_01_01_002","Oh ho ho, quite exciting, Junior Brother.","was: Oh ho ho, quite exciting, junior disciple | Standardizes 師弟 to Junior Brother and adds the missing terminal period."
"CombatTalking/1619_01_01_001","Stop.","was: Stop | Missing terminal period."
"CombatTalking/1620_01_01_002","I knew he'd be like this! Don't let such people handle the socializing - it's too dangerous!","was: I knew he'd be like this! Don't let such people handle the socializing‑it's too dangerous! | ASCII hyphen with proper spacing (the run-together 'socializing-it's' also lacked a space)."
"CombatTalking/1621_01_01_002","I think you're not so composed either, Eldest Young Lord!","was: I think you're not being very composed either, Young Lord! | 大公子 is the eldest brother, parallel to 二公子=Second Young Lord used later in this file (1623_01_02_001); '大' was dropped in the old text."
"CombatTalking/1621_01_03_001","The blade wounds you sustained in your battle with Senior Martial Uncle Shangguan are grave; are you not afraid to die, fighting me again?","was: The severe wounds you sustained in your battle with Uncle Shangguan are grave; to fight me again, are you not afraid to die? | Matches 'Senior Uncle Shangguan' and 'blade wounds' as used two rows earlier (1621_01_02_001) for the same person and injury. | ruled 20260912 (q12): was The blade wounds you sustained in your battle with Senior Un"
"CombatTalking/1623_01_01_001","Hahahaha, Zhao Huo, you've been fighting nonstop until now, not only injured all over but your True Qi is completely exhausted. You're already in a state of disrepair; I don't even need to act, a bit more wind and you'd fall down!","was: Hahahaha, Zhao Huo, you've been fighting nonstop until now, not only injured all over but your true energy is completely exhausted. You're already in a state of disrepair; I don't even need to act, a bit more wind and you'd fall down! | 真氣=True Qi per register, not 'true energy.'"
"CombatTalking/1623_01_02_001","Zhao Huo, you fought a fierce battle, got injured, and still challenged the Second Young Lord - wasn't that too disrespectful?","was: Zhao Huo, you fought a fierce battle, got injured, and still challenged the Second Young Lord‑wasn't that too disrespectful? | ASCII hyphen with spacing."
"CombatTalking/1623_01_03_001","You didn't even take a bath and fought with someone - that's also very disrespectful!","was: You didn't even take a bath and fought with someone‑that's also very disrespectful! | ASCII hyphen with spacing."
"CombatTalking/1623_01_03_002","Damn it!","was: Detestable! | 媽的 is rendered 'damn it' elsewhere in this file (1318_03_003, 1505_01_02_004); 'Detestable!' is both a mistranslation and an inconsistency."
"CombatTalking/1623_01_04_001","Second Young Lord, that widow is shamelessly unscrupulous. She seduced the Nangong Family Head with music and drugs, committing unspeakable deeds, leading to an unlawful pregnancy. Yet she used another's name to send you to claim your ancestral lineage, and still refuses to acknowledge you. What do you think is the reason for this?","was: Second Young Lord, that widow is shamelessly unscrupulous. She seduced the Nangong family head with music and drugs, committing unspeakable deeds, leading to an unlawful pregnancy. Yet she used another's name to send you to claim your ancestral lineage, and still refuses to acknowledge you. What do you think is the reason for this? | Title Case for 'Nangong Family Head,' matching the register"
"CombatTalking/1623_01_05_001","It's only that she fears her position as Dharma King of the Mud Cult could, if her scheme fails, ruin your future and brand you a Demon Cult disciple in everyone's eyes.","was: It's merely out of concern that as the Dharma King of the Mud Cult, if your schemes fail, they might instead jeopardize your future prospects and have you become known as a disciple of the Demon Sect in others' mouths. | 魔教=Demon Cult, not 'Demon Sect'; the old sentence also wrongly conflates 'her' (泥教法王) with 'your' schemes - untangled the subject."
"CombatTalking/1623_01_05_002","I don't believe it! I don't believe it! It's all lies!","was: I don't believe! I don't believe! You're all deceiving me! | 'I don't believe' needs an object in English; 你都是騙人的 says what he said is all lies, not that 'you're all' (plural) deceiving him."
"CombatTalking/1623_01_07_001","If it weren't for loving your mother so much, why would Gang Leader Wang expend his energy to help you unblock the Ren and Du meridians? Isn't that loving the house because of its occupant?","was: If it weren't for loving your mother so much, why would Sect Master Wang expend his energy to help you unblock the Ren and Du meridians? Isn't that loving the house because of its occupant? | 幫主=Gang Leader per register, not 'Sect Master.'"
"CombatTalking/1623_01_08_001","Lady Wen's maternal love is as deep as it gets - I really envy you. She retired from the Jianghu today; perhaps tomorrow she'll come to recognize you. How could you stab her first?","was: Lady Wen's maternal love is as deep as it gets‑I really envy you. She retired from the Jianghu today; perhaps tomorrow she'll come to recognize you. How could you stab her first? | ASCII hyphen with spacing."
"CombatTalking/1623_01_10_001","Regrettably, the letter is genuine, stolen from the Beggar Sect's stronghold. It's because you're so eager to achieve merit, to make the Nangong Family look at you with new eyes, isn't it? So I said you're upholding righteousness by killing your own kin!","was: Regrettably, the letter is genuine, stolen from the Beggar Sect's stronghold. It's because you're so eager to achieve merit, to make the Nangong clan look at you with new eyes, isn't it? So I said you're upholding righteousness by killing your own kin! | 南宮世家=Nangong Family per register - 'Clan' is reserved for 唐門 to avoid a collision."
"CombatTalking/1623_01_10_002","Woo, woo aaaah--!","was: Woo, woo aaaah‑‑! | ASCII hyphens replace U+2011."
"CombatTalking/1624_01_01_001","No way, you... damn it, Jing Hong! Why aren't you coming to help me!","was: Not going to happen, you... damn it, Jing Hong! Why aren't you coming to help me! | 不會吧 is disbelief ('no way'/'you're kidding'), not a statement of refusal."
"CombatTalking/1624_01_01_002","This person is already half-dead, and you still can't finish him off - do you need my help?","was: This person is already half‑dead, yet you still can't take it‑do you want me to help? | ASCII hyphens; 拾奪不下 means unable to finish him off/subdue him, which 'can't take it' leaves ambiguous."
"CombatTalking/1624_01_01_003","Well then, I'll go meet this heroic youth they call the Kongtong Sect Leader.","was: Well, I'll go meet the heroic youth of the Kongtong Palm Sect. | 掌派人=Sect Leader, not 'Palm Sect' - the old text misparsed the compound as 掌(palm)+派(sect), inventing a nonexistent faction."
"CombatTalking/1702_01_01_001","My Junior Brother seems to be reaching his limit - I'll have to lose first!","was: The junior disciple seems to be reaching their limit; I'll have to lose first! | Standardizes 師弟 to Junior Brother and fixes the pronoun (師弟 specifically denotes a male junior disciple)."
"CombatTalking/1704_01_03_001","Ugh! Ah! Ah! Ah! Ah! Such powerful Internal Force!","was: Ugh! Ah! Ah! Ah! Ah! How strong the inner strength is! | 內力=Inner Strength, Title Case per register (stat name); the old exclamative is an unnatural calque of the Chinese. | ruled 20260912 (q04): was Ugh! Ah! Ah! Ah! Ah! Such powerful Inner Strength!"
"CombatTalking/1704_01_04_001","Third Senior Brother, hurry up and surrender.","was: Third Senior Brother, surrender quickly | Natural imperative order; matches register's Third Senior Brother. Old quote verified against file."
"CombatTalking/1704_01_04_002","Hold on, hold on! This is looking far too unfavorable for me, isn't it?!","was: Slow down, slow down! The situation is too unfavorable for me, isn't it! | 慢著 is the interjection 'hold on', not literally 'slow down'; meaning preserved."
"CombatTalking/1706_01_01_001","Want our money? You'll have to walk over our corpses first!","was: Want our money? First, cross over our corpses! | Idiomatic phrasing, meaning unchanged."
"CombatTalking/1707_01_01_001","Thanks to Jiaojiao, I've also learned Emei martial arts. Watch out!","was: Thanks to Jiao Jiao, I also learned Emei martial arts, watch out! | NOMENCLATURE: reduplicated given names join (Tang Jiaojiao)."
"CombatTalking/1802_01_01_002","Wow, wait--!","was: Wow, wait──! | ASCII punctuation per GLOSSARY; box-drawing dash removed."
"CombatTalking/1802_01_01_004","Wait! Wait!","was: Slow down! Slow down! | 慢著 = 'wait/hold on' interjection, not 'slow down'; consistent with 1704_01_04_002 fix."
"CombatTalking/1802_01_01_005","You're bullying my Senior Brother!","was: Defy my senior brother! | 欺負 = bully, not 'defy' - the mistranslation fix is correct, but the proposal's added 'how dare you' isn't supported by the Chinese (no 竟敢 here, unlike rows 13/26 where it's explicit); corrected to a faithful exclamation."
"CombatTalking/1802_01_02_001","Now's my chance!","was: There's an opportunity to seize! | Literal noun+infinitive reads as translationese; natural combat callout, meaning unchanged."
"CombatTalking/1802_02_01_001","Now's my chance!","was: There's an opportunity to seize! | Same stock line, kept consistent."
"CombatTalking/1802_03_01_001","Now's my chance!","was: There's an opportunity to seize! | Same stock line, kept consistent."
"CombatTalking/1803_03_01_001","Now's my chance!","was: There's an opportunity to seize! | Same stock line, kept consistent."
"CombatTalking/1803_03_01_002","Oh! You... you despicable wretch... you fraud, how dare you harm me!","was: Oh! You... you despicable wretch... fraud, dare to harm me! | 竟敢 = 'how dare'; auxiliary restored, meaning preserved."
"CombatTalking/1803_03_03_001","Ying'er, this uncle didn't want to lose his composure in front of you.\nBut these people have no sense of martial virtue, so this old monk had no choice but to use his contingency plan early.","was: Ying'er, Uncle didn't want to lose composure in front of you. Who made these people act unscrupulously? I, the old monk, had no choice but to use my backup plan in advance. | 誰讓 is a causal set phrase ('it's because...'), not a literal rhetorical question; \n preserved."
"CombatTalking/1803_03_03_002","Someone, get Sect Leader Zou out of here! Hold them off with everything you have, even if you can't win!","was: Come here! Summon Master Zou! Even if you can't win, fight desperately to hold them back! | 請開 = escort to safety, not 'summon' - old reversed the instruction; 掌門 = Sect Leader per GLOSSARY."
"CombatTalking/1803_03_03_004","Forgive me, Sect Leader Zou!","was: Master Zou, I'm sorry! | GLOSSARY: 掌門 = Sect Leader, never Master."
"CombatTalking/1803_03_03_006","D-don't panic, I'm still here!","was: You, you don't panic, I'm here! | Stutter belongs on the verb; old mangled it into broken grammar."
"CombatTalking/1803_03_03_007","Shi Ming's ambush troops did not attack Shangguan Ying because they knew her worth and judged her not worth fearing.","was: Shi Ming's ambush troops did not attack Shangguan Ying because they knew her strength and deemed her not worth fearing. | Dharma names transliterate joined, no space (cf. 覺空 = Juekong) -> Shiming. | ruled 20260912 (q02): was Shiming's ambush troops did not attack Shangguan Ying becaus"
"CombatTalking/1803_03_04_003","Clear the way for Martial Uncle Shi Ming!","was: Clear the way for Master Shi Ming! | Name joined (Shiming); 師伯 is a martial-uncle relation, not 'Master' (reserved for one's own teacher). | ruled 20260912 (q02): was Clear the way for Uncle Shiming!"
"CombatTalking/1803_04_01_001","Now's my chance!","was: There's an opportunity to seize! | Same stock line, kept consistent."
"CombatTalking/1803_04_02_001","What's going on? This waiter's martial arts are far too skilled--is this old Daoist seeing things?","was: What's going on? This waiter's martial arts are so high‑did the old hermit's eyes deceive him? | 老道 = Daoist's self-reference, not 'hermit'; also fixes non-ASCII hyphen."
"CombatTalking/1803_04_02_002","Sect Leader Zou, come help quickly!","was: Master Zou, come quickly to help! | GLOSSARY: 掌門 = Sect Leader, never Master."
"CombatTalking/1803_04_02_003","Coming, coming!","was: Here comes! | Matches the doubled arrival call more naturally than the object-less 'Here comes!'."
"CombatTalking/1803_04_02_004","Qingcheng Sect Leader Zou, lend me your divine skill for a moment!","was: Qingcheng Zou Master, may I borrow your divine skill for a moment! | Fixes garbled title+surname order and 掌門 = Sect Leader in 'Sect Leader <Surname>' order."
"CombatTalking/1804_01_01_002","That old-timer's shameless too, an elder with no shame, and yet I couldn't catch him doing it.","was: The old senior's face is also unyielding; as an elder, he lacks decorum, yet he could not even detect a trace. | 臉皮硬/厚 is the idiom for 'shameless'; also corrects the subject of 抓不出 to the speaker failing to catch him, not the elder failing to detect."
"CombatTalking/1804_01_03_001","Two against one, how shameless! Senior, I'm here to help!","was: So shameless, Senior, I'll help you! | 二打一 ('two against one') was dropped entirely from the old translation."
"CombatTalking/1804_01_06_001","You scoundrel, how dare you vie with my Wulin Alliance for glory! Submit and die!","was: You scoundrel, dare to compete with the Wulin Alliance for glory! Die quickly! | Restores missing 'how dare' (竟敢) and possessive 'my Wulin Alliance' (我武林盟)."
"CombatTalking/1804_01_06_002","Bastard, fuck your mother!","was: Bastard, Fuck your mother! | Mid-sentence word after a comma should not be capitalized."
"CombatTalking/1805_01_01_001","Let's see what the Tang Clan's Ugly Hero can do!","was: Let me take on the Tang Clan's Ugly Hero's skills! | Removes stacked double possessive; meaning preserved."
"CombatTalking/1805_01_01_003","N-not bad. But those guys back there were just the strongest among us!","was: No, not bad～ But those guys back there were just the strongest among us! | 不、不錯 is a stutter, mistranslated as 'No, not bad'; also strips the fullwidth tilde per ASCII rule."
"CombatTalking/1805_01_02_002","...!","was: ……！ | Raw Chinese punctuation converted to ASCII."
"CombatTalking/1805_01_02_003","It's Yunshang!","was: It's Yun Chang! | NOMENCLATURE: 葉雲裳 = Ye Yunshang; 裳 is 'shang', not 'chang'."
"CombatTalking/1807_01_01_002","Yes, indeed, my chances of beating the senior are less than one in ten.\nBut today is that one time in ten.","was: Yes, indeed, my chance of defeating the senior is less than eleven. But today, it's that one‑tenth. | 'Less than eleven' is meaningless; the follow-up sentence's own 十分之一 confirms the intended figure. Fixes non-ASCII hyphen."
"CombatTalking/1809_01_02_005","...","was: ……。 | Raw Chinese ellipsis converted to ASCII."
"CombatTalking/1809_02_01_001","Alliance Leader, be careful! Watch me use the Quanzhen Sword Technique to deal with this scoundrel!","was: The Alliance Leader be cautious; watch as I use the Quanzhen Sword Technique to deal with this fellow! | Direct address restored as a vocative instead of a description; 盟主 = Alliance Leader per GLOSSARY."
"CombatTalking/1809_04_01_002","Daoist Yin has been blocking my attacks all along. Rather than saying his footwork is chaotic like an amateur's...","was: Yin Daoist has been blocking my attacks all along. Rather than saying his footwork is chaotic like that of an amateur... | Standardizes to 'Daoist Yin', matching the same character's naming two rows later (1809_05_01_002) in this file."
"CombatTalking/1809_04_01_003","It's as if he alone is running some formation in reverse, forcing everyone else to dance along with him.","was: He was as if a person countering a certain formation, compelling everyone to dance along with it. | Fixes broken grammar from the literal rendering of 一個人."
"CombatTalking/1809_05_01_002","Daoist Yin, there is no need for pretense - it is wasted effort.\nEveryone in the Tang Clan is resolved to die, so your kindness towards them is nothing but an insult.\nNow get out of this official's way!","was: Daoist Yin, there is no need for pretense or vain effort. The people of the Tang Clan all hold the resolve to die, so your good intentions towards them are merely an affront. Let this official take his leave now! | 起開 is a command for others to move aside; old reversed it into the speaker announcing his own departure."
"CombatTalking/1809_05_02_005","Junior Martial Brother Zhao, I'm not skilled with our master's ultimate technique. I can hold it for three rounds at most, so let's end this fast!","was: Junior Disciple Zhao, my younger brother, I'm not familiar with the master's ultimate technique. I can only sustain it for at most three rounds‑fight quickly and decisively! | Removes the double-translation of 師弟 (title + literal gloss 'my younger brother'); fixes non-ASCII hyphen."
"CombatTalking/1811_01_01_002","Third Senior Brother! Are you badly hurt?","was: Third Senior Brother! Do you have any serious problems? | 大礙 here means 'seriously injured', not a vague 'problem'."
"CombatTalking/1811_01_01_003","This Xiang has held back from a killing blow - Sect Leader Tang, you may rest easy.","was: Xiang Mou hasn't used a killing strike; Tang Master may rest. | 向某 is a classical humble self-reference, not a name 'Xiang Mou'; 掌門 = Sect Leader per GLOSSARY."
"CombatTalking/1813_01_02_001","Listen up, everyone! Hear the voice of Zhao Huo ring through the heavens!\nI am not a tree - I am a living person!","was: Listen up, everyone! I, Zhao Huo, my voice echoing through the clouds! I am not a tree‑I am a living person! | Fixes the broken double-subject sentence; fixes non-ASCII hyphen; 趙活 = Zhao Huo matches register."
"CombatTalking/1813_01_02_002","Ah, ah... your struggle, your cries - they are deafening.","was: Oh oh... your struggle, your shout, deafening. | Old sentence was missing its verb."
"CombatTalking/1813_01_05_001","Ruisheng! You can't lose! If you dare to lose, I'll kill every one of your lovers!","was: Rui Sheng! Can't lose! If you dare to lose, I'll kill all your lovers! | Two-syllable given names join with no internal space."
"CombatTalking/1813_01_05_003","Xianyao... You're wrong. This person is the strongest I've ever seen. I've already given it my all.","was: Xian Yao... You're wrong. This person is the strongest I've ever seen, ah! I've given my all. | NOMENCLATURE lists 孟仙謠 as Meng Xianyao; given name joins with no space."
"CombatTalking/1813_01_08_002","Ha, Ling'er finally opened up to me - I can't bear to die just like that.","was: Ha, Ling'er finally opened up to me‑I can't bear to die just like that. | ASCII punctuation per GLOSSARY."
"CombatTalking/1813_01_08_003","No, it's not that. It's just that if you died, the Eastern and Western Alliances would fight even more viciously.\nBeing half-dead is better.","was: No, it's not the case. It's just that you died, and the Eastern and Western alliances will fight even fiercer. Being half‑dead is better. | 你死了 here is hypothetical ('if you died'); old's past tense contradicts the mid-duel scene."
"CombatTalking/1813_01_10_002","I have to look out for Sister Xiang's reputation and make her proud of me.","was: I have to consider Xiang Zi's face, to make her take pride in me. | 姊 was mistaken for part of the name; matches 'Sister Xiang' used consistently elsewhere in this scene."
"CombatTalking/1813_01_12_002","Junior Martial Sister is calling me... I promised my master's wife I'd take care of her. I have to hold on.","was: Junior Martial Sister is calling me...... I promised Senior Sister I would take care of her, I have to hold on. | 師娘 is the master's wife, a different relation than a peer 'Senior Sister'."
"CombatTalking/1813_01_12_003","Which sect are you from?!","was: Who are you from? | Idiomatic rendering of the affiliation question."
"CombatTalking/1813_01_12_004","The Tang Clan.","was: Tang Clan's | Answers 'which sect' rather than leaving a possessive sentence fragment."
"CombatTalking/A001","Don't come over, okay? Don't be impulsive, okay? My Ultimate is ready!","was: Don't come over, okay? Don't be impulsive, okay? My ultimate move is ready! | 絕招 = Ultimate per GLOSSARY; 'ultimate move' is the retired form."
"CombatTalking/A002","Ever heard of the Tang Clan's Earth Thunder? There's one right under your feet.","was: Have you heard the thunder of the Tang Clan? There's one right at your feet. | NOMENCLATURE.md has no entry for 地鳴雷, but EquipmentLocalization.tsv already renders the same item (Equip/Name/Trap_10) as 'Earth Thunder.' The proposer's diagnosis (the item needs to read as a named weapon) is correct, but inventing 'Ground-Shaking Thunder' creates a second English name for one Chinese term, which "
"CombatTalking/A003","This knife of mine is coated in poison! One drop of blood and it seals your throat. Believe it or not?","was: This knife of mine is coated with poison! Do you believe it can seal the throat with blood? | 見血封喉 means blood-drawn equals instant death; the old line reversed cause and effect. New wording fixes the causality and keeps the 信不信 taunt."
"CombatTalking/A004","If you don't come a little closer, how can my Ultimate hit you? Come over here!","was: If you don't come a little closer, how can my ultimate move hit you? Come over here! | 絕招 = Ultimate."
"CombatTalking/A005","You have already entered the attack range of my self-invented Ultimate, Dragon Stab, Phoenix Puncture, Kill with a Thrust!","was: You have already entered the attack range of my unique ultimate move, Dragon Stab, Phoenix Puncture, Kill with a Thrust! | 絕招 = Ultimate; 獨創 = self-invented, correctly rendered."
"CombatTalking/A006","There's a ghost behind you! It's your ancestor; he says you are an unfilial beast, indulging in the vice of Longyang!","was: There's a ghost behind you! It's your ancestor; they say you are an unfilial beast, indulging in the vice of Longyang! | 他 is singular; the sentence already establishes a single referent ('it's your ancestor'), and other lines about this kind of singular character use 'his'/'he' consistently elsewhere in the file."
"CombatTalking/A007","I will tell you a secret... Actually, I am your long-lost brother! Brother!","was: I will tell you a secret······ Actually, I am your long‑lost brother! Brother! | ASCII normalization of the six-dot Chinese ellipsis and the U+2011 hyphen, per GLOSSARY."
"CombatTalking/A008","You look really ugly.","was: You look really ugly | Dialogue is full sentences; terminal period restored to match the source's 。."
"CombatTalking/A010","I will tell you a secret... Actually, I am your long-lost ancestor! Good grandchild!","was: I will tell you a secret······ Actually, I am your long‑lost ancestor! Good grandchild! | Same ASCII punctuation fix as A007."
"CombatTalking/A012","Damn your ancestors' spirit tablet, you short-lived brat!","was: I curse you, you immortal wooden board! You short‑lived child! | 仙人板板 is Sichuanese slang for an ancestral spirit tablet used as a curse; 'immortal wooden board' was a nonsensical literal rendering. Also fixes the stray U+2011 hyphen."
"CombatTalking/A014","You forced me to use my Ultimate, the Long-Distance Space Killing Method. Drink! ... Just now, your mother died.","was: You forced me to use my ultimate technique, Long‑Distance Space Killing Method. Drink! ······ Just now, your mother died. | 絕招 = Ultimate; also ASCII hyphen and ellipsis fixes."
"CombatTalking/A016","Do you think the Tang Clan has dwindled in numbers? ... It's simply because anyone who has seen the true abilities of this outsider disciple has been silenced by me.","was: Do you think the Tang Clan has dwindled in numbers? ······ It's simply because anyone who has seen the true abilities of this outer surname disciple has been silenced by me. | ASCII ellipsis fix; 'outsider disciple' for 外姓弟子 matches the majority usage in this corpus (Trainee1_001, PlayerInfoLocalization, WorkLocalization), correcting the one-off 'outer surname disciple.'"
"CombatTalking/A017","Don't you feel a faint ache in your acupoints when you circulate your qi? No? Then that means you've already been hit by my signature poison.","was: Do you feel a faint pain in your luck points? No? If not, it means you have already been struck by my unique poison. | 運氣 here is the martial-arts pun on 'circulating qi,' not a game stat; 穴道 = acupoint (lowercase) per GLOSSARY."
"CombatTalking/A018","You have been poisoned by my signature poison. You will die if you do not castrate yourself immediately... What? You say you are not poisoned? That is impossible unless you have already castrated yourself.","was: You have been poisoned by my unique toxin. You will die if you do not castrate yourself immediately······ What? You say you are not poisoned? That is impossible unless you have already castrated yourself. | GLOSSARY reserves 'poison' for 毒 and flags 'toxin' as a form to avoid; matches 'signature poison' used for the same 獨門劇毒 in the adjacent A017 line. Ellipsis fixed to ASCII."
"CombatTalking/A019","A real man doesn't fight women, so this hero won't hold it against you, androgynous one.","was: A good person does not argue with women, so this hero will not hold it against you, androgynous one. | 好男 = 'a [real] man'; 鬥 in this combat line means 'fight,' not 'argue.'"
"CombatTalking/B002","Believe it or not, I'll stab that big arm of yours to ribbons with one blow!","was: Do you believe that I will stab your big arm with a blade? | 信不信 is the rhetorical taunt, not a genuine question, and 戳爛 ('stab to shreds') was dropped in the old line; the new wording restores both. No placeholders or nomenclature involved."
"CombatTalking/B009","Welcome to experience the journey of being brutally killed. Enjoy your one-of-a-kind death.","was: Welcome to experience the journey of being brutally killed. Enjoy your one‑of‑a‑kind death. | Straightforward ASCII-hyphen fix (U+2011 to '-'), verified against GLOSSARY's ASCII-only rule."
"CombatTalking/Brother1_100","Hahaha, sorry, I just can't help but laugh when I see your face. Let's take a break, huff-huff... okay.","was: Hahaha, sorry, I just can't help but laugh when I see your face. Let's take a break, huff‑huff... okay. | Strip U+2011 to ASCII hyphen."
"CombatTalking/Brother1_101","Junior Martial Brother, be more serious in your expression when dueling with others; don't make such strange faces without reason, it makes people want to laugh.","was: Disciple, be more serious in your expression when dueling with others; don't make such strange faces without reason, it makes people want to laugh. | 師弟 is a distinct term from 弟子 (Disciple); translating it as 'Disciple' collides two different Chinese terms into one English one, which Nomenclature rule 3 forbids. 'Junior Martial Brother' parallels the register's 'Junior Martial Sister' (小師妹)."
"CombatTalking/Brother1_102","Hey, watch out! The Coin Dart is about to strike your Tanzhong acupoint! ...Just kidding! Hahaha!","was: Hey, watch out! The Money Dart is going to strike your Tanzhong acupoint‑! ‑Got scammed‑! Hahaha! | 金錢鏢 is fixed as 'Coin Dart' (parallel to Coin Sword), not 'Money Dart'; strips the non-ASCII hyphens."
"CombatTalking/Brother1_103","Your wallet fell out... ah, sorry, my mistake. It's not your wallet - it's your brain that fell out!","was: Your wallet fell off...... Ah, sorry, I misread it. It's not the wallet‑it's your brain that came out! | Fixes the six-dot ellipsis and non-ASCII hyphen. Em dash corrected to ASCII hyphen."
"CombatTalking/Brother1_104","Junior Martial Brother, be careful!","was: Disciple, be careful! | Same 師弟 = Junior Martial Brother fix."
"CombatTalking/Brother1_105","Coin Dart - aimed at the Tanzhong point on your chest and the Fengchi point at the back of your head.","was: Money dart, strike your chest altar, back of the head wind pool. | 'Money dart' must be 'Coin Dart'; 'chest altar' mistranslated 壇中 (the Tanzhong acupoint). Em dash corrected to ASCII hyphen."
"CombatTalking/Brother1_106","Throwing Dart - aimed at the soles of your feet.","was: Throwing dagger, shoot your feet | 脫手鏢 is fixed as 'Throwing Dart', not 'dagger'; also adds the missing terminal period. Em dash corrected to ASCII hyphen."
"CombatTalking/Brother1_107","Hey, be careful - I scattered grass needles on the ground; I thought you'd already seen them.","was: Hey, be careful, I scattered grass needles on the ground, I thought you saw them. | Fixes the comma-spliced run-on. Em dash corrected to ASCII hyphen."
"CombatTalking/Brother1_109","Flying Swallow! Shooting Star - Coin Dart! Fooled you! Hahahaha!","was: Flying Swallow! Shooting Star──Money Dart! Deceived! Hahahaha! | 'Money Dart' to 'Coin Dart' per the register; replaces the non-ASCII box-drawing dash. Used an ASCII hyphen rather than the proposal's em dash, which GLOSSARY reserves only for empty-value fields."
"CombatTalking/Brother2_001","Pathetic waste, die.","was: Pathetic waste, die | Missing terminal period."
"CombatTalking/Brother2_002","Eyesore scum, get lost.","was: Annoying nonsense, get lost | 雜碎 is a slur for a person ('scum/trash'), not 'nonsense' (which implies speech); also adds the missing period."
"CombatTalking/Brother2_004","I've thought of a use for you - your corpse can be used to grow flowers.","was: I've thought of your use──your body can be used to plant flowers. | 屍體 specifically means 'corpse' (implying intent to kill), softened to 'body' in the old text. Replaces the box-drawing dash with an ASCII hyphen rather than the proposal's em dash."
"CombatTalking/Brother3_001","Do not impose on others what you yourself do not desire. Junior Martial Brother, you'd best look after yourself. Otherwise, the Tang Clan may tolerate you, but heaven itself might not.","was: Do not impose on others what you yourself do not desire. Master and disciple, take care of yourself. Otherwise, the Tang Clan may tolerate you, but heaven itself might not. | 師弟 (a single-person address) was mistranslated as 'Master and disciple', inventing a second person not in the source."
"CombatTalking/Brother3_002","A gentleman is broad-minded and untroubled, while a petty person is always anxious and fearful! Junior Martial Brother, if your heart is open and untroubled, there is nothing in the world to worry about. Conversely, if you are always burdened by worries and fear divine retribution, how can you stand tall and proud as a person?","was: A gentleman is broad‑minded and untroubled, while a petty person is always anxious and fearful! Disciple, if your heart is open and untroubled, there is nothing in the world to worry about. Conversely, if you are always burdened by worries and fear divine retribution, how can you stand tall and proud as a person? | Strips U+2011; applies the 師弟 = Junior Martial Brother fix."
"CombatTalking/Brother3_003","Learning with diligence approaches knowledge, practicing with effort approaches benevolence, knowing shame approaches courage. Junior Martial Brother, you are ignorant, unkind, and shameless... Ah, I don't know how to describe you.","was: Learning with diligence approaches knowledge, practicing with effort approaches benevolence, knowing shame approaches courage. Disciple, you are ignorant, unkind, and shameless... Ah, I don't know how to describe you. | 師弟 = Junior Martial Brother fix."
"CombatTalking/Brother3_005","The gentleman is inclusive but not partisan; the small person is partisan but not inclusive. Junior Martial Brother, you are neither partisan nor inclusive - a complete failure as a person.","was: The gentleman is inclusive but not partisan; the small person is partisan but not inclusive. Disciple, you neither are partisan nor inclusive, being a person is too failed. | 師弟 fix, plus repairs the ungrammatical 'you neither are... being a person is too failed.' Em dash corrected to ASCII hyphen."
"CombatTalking/Brother3_006","The gentleman understands righteousness, the petty person understands profit. Junior Martial Brother, you must not lose your original heart!","was: The gentleman understands righteousness, the petty person understands profit. Disciple, you must not lose your original heart! | 師弟 fix."
"CombatTalking/Brother3_100","Junior Martial Brother, watch out! I won't hold back!","was: Disciple, be careful! I won't hold back! | 師弟 fix."
"CombatTalking/Brother3_103","What difference is there between you and a beast? Treating you as one presents no difficulty for me!","was: How can you choose between you and beasts? What difficulty do I have with beasts? | The classical line means 'there's no telling you apart from a beast, and treating you as one is no trouble for me'; the old rendering was unintelligible."
"CombatTalking/Brother3_105","Alas! A human head with a beast's cries!","was: Alas! A cacophony of human and beastly cries! | 人頭畜鳴 is a classical insult meaning 'a beast in human form' (human face, animal voice), not a description of ambient noise."
"CombatTalking/Brother3_202","Junior Martial Brother, look at my sleeve-hidden fan!","was: Disciple, look at my fan hidden in the sleeve! | 師弟 fix."
"CombatTalking/Brother3_203","A small inability to endure leads to chaos in great plans. I have a move up my sleeve - you'd best stay alert, Junior Martial Brother.","was: A small inability to endure leads to chaos in great plans. I have a move up my sleeve; you, my junior disciple, must be careful. | 師弟 fix (previously rendered inconsistently as 'my junior disciple'). Em dash corrected to ASCII hyphen."
"CombatTalking/Brother3_204","That's not how that technique is used - don't go using it recklessly and corrupt the other Junior Martial Brothers and Sisters!","was: That technique isn't used that way; don't use it recklessly and spoil the other juniors and seniors! | 師弟妹 means junior martial brothers AND sisters; 'seniors' isn't in the source. Em dash corrected to ASCII hyphen."
"CombatTalking/Brother4_001","Give me a hundred coins, and I'll spare you one punch.","was: Give me one hundred coins, and I'll hit you one less punch. | 'hit you one less punch' is ungrammatical."
"CombatTalking/Brother4_004","Give me the money! Give me the money! Watch me, Fei Long's Bag-Grabbing Hand!","was: Give me the money! Give me the money! Watch me, Fei Long's Bag‑Grabbing Hand! | Strip U+2011 to ASCII hyphen."
"CombatTalking/Brother4_101","I bet a hundred coins that you'll lose.","was: I bet one hundred coins, you will lose. | Fixes the comma splice."
"CombatTalking/C006","Pay attention! I will use flying knives to strike the acupoints on your legs: Huantiao, Ququan, and Sanyinjiao. Don't crouch down, or a critical hit will kill you!","was: Pay attention! I will use flying knives to strike your leg acupuncture points such as Huan Tiao, Qu Quan, and San Yin Jiao. Don't crouch down, or you will be hit and die! | 'acupoint' (not 'acupuncture point') per GLOSSARY; acupoint pinyin joined per the no-internal-space naming convention used throughout for names; restores the 爆擊 (critical hit) mechanic the old line dropped ('critical hit' "
"CombatTalking/C014","Only women and petty men are hard to manage! You're both, so that makes you a petty woman, extremely hard to manage!","was: Only women and petty people are difficult to nurture! You are both, thus you are called a petty woman, extremely difficult to nurture! | 難養 in this classical line means 'hard to manage,' not 'difficult to nurture'; 小人 = 'petty men.'"
"CombatTalking/Common_014","The Tang Clan has taken in someone like you; it's clear that the rumors in the Jianghu about the decline of the Tang Clan are true!","was: The Tang Clan has taken in someone like you; it's clear that the rumors in Jianghu about the decline of the Tang Clan are true! | Register: Jianghu takes an article when the sentence needs one, matching the confirmed usage elsewhere in this set (Common_008, Common_012)."
"CombatTalking/Common_015","Unlikable at first sight, and I can't be bothered to see how good you are on the inside. Just cut you down. Who cares how upright your character is?","was: At first glance, they are not likable at all, and I can't be bothered to see how good their inner self might be. Just cut them off; who cares how upright their character is? | The Chinese addresses the target directly with 你 throughout; the old line's switch to third-person 'they/their' changes who is being spoken to."
"CombatTalking/D002","Junior Brother, be careful later!","was: Disciple, be careful later! | 師弟 as 'Disciple' collides with the term already reserved for 弟子 elsewhere in the register; 'Junior Brother' matches the already-established rendering for the same speaker in the same story sequence (E007, E102, both confirmed in file)."
"CombatTalking/E002","Junior Brother, let me tell you! You actually took advantage of me while I was speaking!","was: Disciple, let me tell you! You actually took advantage of me while I was speaking! | Same 師弟 to Junior Brother consistency fix as D002, within the same continuous scene."
"CombatTalking/E005","...!","was: ……！ | Full-width Chinese ellipsis/exclamation normalized to ASCII."
"CombatTalking/E101","Third Senior Brother sacrificed himself to block a fatal blow for you and was gravely injured.","was: Third Senior Brother sacrificed themselves to block a fatal blow for you and was gravely injured. | Singular-pronoun agreement fix; Third Senior Brother's male gender is confirmed elsewhere in this same file (1806_01_01_002: 'lost his breath')."
"CombatTalking/E104","Third Senior Brother slowly closed his eyes, departing this world before you.","was: Third Senior Brother slowly closed their eyes, departing this world before you. | Same singular-pronoun agreement fix as E101."
"CombatTalking/F010","...","was: ……。 | Same full-width-to-ASCII punctuation fix."
"CombatTalking/F014","If you don't study poetry, you won't be able to express yourself. Junior Brother, why don't you just speak plainly?","was: If you don't study poetry, you won't be able to express yourself. Brother, why don't you just speak plainly? | Same 師弟 to Junior Brother consistency fix."
"CombatTalking/G002","You're asking for it!","was: Annoying! | 欠扁 is a combat threat ('you deserve a smack'), not a mild complaint like 'Annoying.'"
"CombatTalking/G004","You traitorous cur! Watch me smash your skull open!","was: Reverse it! Just watch me smash your head open! | 逆豎 is an insult; the old line mistook 逆 for the verb 'reverse,' producing nonsense."
"CombatTalking/G007","I am angry.","was: I am angry | Dropped terminal period restored to match sentence-case dialogue style."
"CombatTalking/Girl4_003","As expected of my brother - an impeccable stance... Then I'll have to unleash a fierce strike to force an opening!","was: As expected of my sibling, their stance is impeccable... Then let's unleash a fierce move to expose their flaws! | Direct address should stay 2nd/1st person, not 'their'; 打出破綻 means forcing an opening, not exposing an existing flaw in an 'impeccable' guard. Em dash corrected to ASCII hyphen."
"CombatTalking/Girl5_002","This Mei's knife has nowhere else to go, so I'll stick it in you for now.","was: This Mei knife has no place to be put, so I'll stick it on you for now. | Adds missing possessive apostrophe; 插 (insert/stab into) is better rendered 'in' than 'on' for a knife threat."
"CombatTalking/Girl5_003","Flying Sky Leg! Immortal Crane's Elusive Fist! Come catch me~! Wahahaha!","was: Flying Sky Legs! Immortal Crane Mysterious Steps Fist! Come catch me~! Wahahaha! | NOMENCLATURE.md fixes 仙鶴迷蹤拳 as 'Immortal Crane's Elusive Fist' and explicitly flags '...Mysterious Steps Fist' as wrong; singular 'Leg' matches the register's suffix convention."
"CombatTalking/Girl5_004","A'Huo, you're as slow as a turtle.","was: A'Huo, you're as slow as a turtle | Missing terminal period."
"CombatTalking/Girl6_001","Annoying, die already.","was: Annoying, die already | Missing terminal period."
"CombatTalking/Girl6_101","Dull-witted disciple. If you dare to lose focus again, I will kill you.","was: Dull‑witted disciple. If you dare to lose focus again, I will kill you. | U+2011 stripped to ASCII hyphen per house style."
"CombatTalking/Girl6_102","Your master needs no concern from you - just bring it on. But if you dare let your guard down, you'll pay the price.","was: There's no need for you to be overly concerned; just bring it on. Conversely, if you dare to be careless, you will have to pay the price. | 為師 (self-reference as 'this master') was dropped entirely in the old text, losing the master-disciple voice. Em dash corrected to ASCII hyphen."
"CombatTalking/Girl9_001","Looking to get smacked, are you, Zhao Huo!","was: What a pity, you, Zhao Huo! | 欠扁 means 'asking for a beating'; 'what a pity' is unrelated."
"CombatTalking/PV_002_01_004","Wooohoooo--!","was: Oh no! Oh no! Oh no! Oh no! Oh no! ‑‑! | 唔哦哦哦哦哦 is an inarticulate excited yell (context: just asked to hold her hand if he wins), not repetitions of 'oh no'; fixes non-ASCII dash."
"CombatTalking/Player_104","Dear villagers, I saw this monk visiting a brothel with my own eyes!","was: Dear villagers, I personally saw this monk engaging in solicitation! | 嫖娼 specifically means visiting a prostitute; 'engaging in solicitation' is vague and could be misread as the monk soliciting business."
"CombatTalking/Player_201","The name of the Pimple Sect is well-deserved; each member has hemorrhoids!","was: The name of the Pimple Sect is well‑deserved; each member has hemorrhoids! | ASCII hyphen fix (U+2011 to '-')."
"CombatTalking/Player_202","Scram back to Dali, you green turtle!","was: Roll back to Dali, you green turtle! | 滾 here is the idiom 'scram/get lost,' not literally 'roll'; 'Roll back' misreads as a software rollback."
"CombatTalking/Player_802","Remember the power of the Tang Clan's Hidden Weapons!","was: Remember the power of the Tang Clan's hidden weapons! | NOMENCLATURE.md's own entry for 唐門暗器 gives 'Tang Clan Hidden Weapons' (capitalized, plural for the discipline)."
"CombatTalking/Player_803","Who does the Wulin Alliance Leader think he is? Excluding others based on your own likes and dislikes and considering yourselves righteous! What a load of nonsense!","was: Who does the Leader of the Wulin Alliance think he is? Excluding others based on your own likes and dislikes and considering yourselves righteous! What a load of nonsense! | NOMENCLATURE.md fixes 武林盟主 as 'Wulin Alliance Leader', not 'Leader of the Wulin Alliance'."
"CombatTalking/Player_902","My resolve fears nothing and never wavers - I'll walk into fire if I must! Wulin Alliance Leader, take this attack from a nameless nobody!","was: I fear not to change; I will go into the fire! Alliance Leader of the Wulin, accept the challenge from this nameless soldier! | 'I fear not to change' garbled 我志不畏不改; also fixes the Wulin Alliance Leader word order. Em dash corrected to ASCII hyphen."
"CombatTalking/Player_903","The Tang Clan does as it pleases - what business is that of yours?! I'm a person of the Jianghu, so what? What right do you have to decide anything for me?!","was: The Tang Clan acts on its own accord, what have you done to me! I am a Jianghu person, what of it? What right do you have to decide anything for me! | 犯著你們什麼了 asks what wrong the Tang Clan did TO the accusers; the old text reversed subject and object. Em dash corrected to ASCII hyphen."
"CombatTalking/Player_904","A Sheng, don't underestimate me!","was: A Shen, don't underestimate me! | 笙 romanizes as 'Sheng', not 'Shen' - a pinyin correction."
"CombatTalking/S0014_02_002","Good, getting into the groove.\nTrash like this was born to be someone's practice dummy.\nStill trying to learn martial arts, still trying to make it in the Jianghu, hah.","was: Good, getting into the groove. Such second‑rate trash was meant to be used for practice. Still learning martial arts, still trying to be part of the Jianghu, hah. | Fixes non-ASCII hyphen and the clumsy passive construction."
"CombatTalking/S0014_02_003","This isn't going to work, I'm bound to lose.\nA wise man knows when to walk away - I'd better run!","was: This isn't going to work; I'm definitely going to lose. A man of honor doesn't accept defeat‑I have to run away! | 好漢不吃虧 means a wise man cuts his losses, not 'doesn't accept defeat' - old had the idiom backwards, self-contradicting the following 'I have to run away'."
"CombatTalking/S0014_03_001","T-teacher! This guy suddenly went crazy! He's being so vicious!","was: Master, Teacher! This guy suddenly went mad! He's being so ruthless! | 老、老師 is a single stuttered word, not two address terms 'Master, Teacher'."
"CombatTalking/S0014_03_002","Don't panic, you go first--no wait, you need to sidestep here, oh no! Too late!","was: Don't panic, you go first──No, here you need to sidestep, Oops! Too late! | ASCII punctuation for the double dash; meaning unchanged."
"CombatTalking/S0017_02_03_001","Graaargh, you scoundrel! I'm going to kill you!","was: Oh no! Oh no! Oh no! You scoundrel! I'm going to kill you! | This is a rage growl into a threat (context: he's just been humiliated by poison), not repetitions of 'oh no' (a fear expression)."
"CombatTalking/S0018_02_02_002","Ye Yunzhou cut through the swords in their hands, and the outcome was decided.","was: Ye Yunzhao cut through the swords in their hands, and the outcome was decided. | NOMENCLATURE explicitly flags 'Ye Yunzhao' as wrong; 舟 is zhōu."
"CombatTalking/S0018_02_03_001","Diancang Sword Technique, First Form: Old Pine Welcoming Guests!","was: Diancang Sword Technique First Form, Old Pine Welcoming Guests! | Normalizes punctuation to match the rest of this callout sequence."
"CombatTalking/S0018_02_03_002","?!","was: ！？ | Fullwidth Chinese punctuation converted to ASCII."
"CombatTalking/S0018_02_03_003","Oh, silly girl, don't go running into my sword!","was: Oh, silly girl, don't run into the person's sword! | 人劍 is the speaker's own sword (colloquial self-reference), not an odd third-person 'the person's sword'."
"CombatTalking/S0018_02_03_004","Diancang Sword Technique, Seventh Form: White Rainbow Piercing the Sun!","was: Diancang Sword Technique's Seventh Form, White Rainbow Piercing the Sun! | Normalizes punctuation to match the other Forms in this sequence."
"CombatTalking/S0018_02_03_005","That's not how it's used!","was: Not at all! | Old's generic denial drops the actual content (the technique is being performed wrong)."
"CombatTalking/S0018_02_03_006","That's not how it's used!","was: Not at all! | Same line repeated, kept consistent with S0018_02_03_005."
"CombatTalking/S0018_02_03_007","Diancang Sword Technique, Fourteenth Form: Phoenix Cry at Dawn!","was: Diancang Sword Technique's Fourteen Forms, Phoenix Cry at Dawn! | 十四式 names the 14th form (ordinal), not 'fourteen forms' (cardinal) - preserves the escalating joke with the 1st/7th/66th forms."
"CombatTalking/S0018_02_03_008","...!","was: ……！ | Raw Chinese punctuation converted to ASCII."
"CombatTalking/S0018_02_03_009","Those last few moves of yours...","was: You these few moves... | Old was a broken literal word-for-word rendering with no verb."
"CombatTalking/S0018_02_03_010","Diancang Sword Technique, Sixty-Sixth Form: Shake Hands and Make Peace!","was: Diancang Jianfa: Sixty‑Six Forms, Shake Hands to Make Peace! | NOMENCLATURE: 點蒼劍法 = Diancang Sword Technique, never pinyin 'Jianfa'; also fixes the ordinal to match the escalating joke and the non-ASCII hyphen."
"CombatTalking/S0018_02_03_012","Since when does the Diancang Sword Technique have a sixty-sixth form...","was: Where does the Diancang Sword Technique have sixty‑six forms... | Matches the corrected ordinal from the preceding line; fixes non-ASCII hyphen."
"CombatTalking/S0021_01_01_001","This elder isn't the elder he once was.","was: This elder is not the former elder | Context (S0021_01_01_004's surprise at his growth) supports the 'changed since before' reading over the ambiguous 'former elder' phrasing."
"CombatTalking/S0021_02_05_001","Jinxiang Palace's Silk Cord technique achieves the same effect as that bizarre acupoint-sealing rope, just by a different method.\nSince you don't have a silk cord in hand, the Soft Sword will do to get the gist of it.","was: Jinxiang Palace's Jinxiang technique is similar to the strange acupoint rope in that they achieve the same effect through different methods. Since you don't have a Jinxiang, you can use the Soft Sword to show off a bit. | 娟索功 (the weapon/technique) was conflated with the palace's own name 錦香宮 (Jinxiang Palace) in the old text."
"CombatTalking/S0021_02_05_002","Senior! Be quiet! Sister Xiang is getting stronger and stronger!","was: Senior! Be quiet! Xiang Zi is getting stronger and stronger! | 姊 mistaken for part of the name again; matches 'Sister Xiang' used elsewhere in this scene."
"CombatTalking/S0021_02_07_002","Don't fear being seen through - shout it out with the resolve that there will be no second strike!\nPut everything into it! The Long Family's ultimate final-battle technique!","was: Don't fear others seeing through you; with the resolve not to play second fiddle, shout it out! The presence must be strong! The Long family's ultimate battle of ultimate secrets! | 不出第二招的覺悟 means committing as if there is no second attempt, not the unrelated idiom 'play second fiddle'; de-duplicates redundant 'ultimate...ultimate'; 龍家 = Long Family (surname never translated)."
"CombatTalking/S0021_02_07_003","--!","was: ──！ | Non-ASCII dash converted to ASCII."
"CombatTalking/S0021_02_07_004","Dammit, no, wait!","was: Hey, don't, wait! | 幹 is a curse here, softened to a mild 'Hey' in old - inconsistent with profanity kept elsewhere in this file."
"CombatTalking/S0021_03_01_003","...!","was: ……！ | Raw Chinese punctuation converted to ASCII."
"CombatTalking/S0022_01_01_001","Brother, quit fooling around! Or your sister's going to get angry!","was: Brother, don't be silly! Otherwise, the older sister might get angry! | 'The older sister' reads as a third party; 姊 here is the speaker referring to herself."
"CombatTalking/S0022_01_01_002","You there! Stay out of this, or I'll show no mercy and cut you down as well!","was: Hey there! Don't come meddling, otherwise I'll show no mercy with my sword and cut you down along with you! | Removes the redundant, nonsensical doubled pronoun ('along with you')."
"CombatTalking/S0022_01_03_001","Brother, what are you doing? If you insist on causing trouble, I'll have no choice but to knock you flat!","was: What are you doing, you? You're determined to cause trouble, so you can only lie down! | 姊只好讓你躺倒 means 'I'll have to knock you down' (she is the agent); old turned it into the brother knocking himself down."
"CombatTalking/S0023_01_01_001","Woof woof woof woof!","was: Wang Wang Wang Wang! | A dog's bark should be the English onomatopoeia, not the pinyin transliteration."
"CombatTalking/S102","... (with sharp eyes)","was: ...... (with sharp eyes) | Six ASCII dots don't match the three-dot ellipsis convention used by the immediately adjacent S100/S101 rows, verified in file."
"CombatTalking/S_1623_01_002","You're a victim of deception! There's no need to shoulder all the blame yourself!","was: You are a victim of being deceived! There's no need to shoulder all the blame on your own! | 'a victim of being deceived' is a clumsy gerund construction; 'a victim of deception' is the natural noun phrase."
"CombatTalking/S_1623_01_003","It's not too late to stop now. What's done is done - you need to face it with courage!","was: It's still in time to stop now, the incident has already happened, you need to face it with courage! | 'It's still in time to stop now' is not idiomatic English."
"CombatTalking/S_1623_01_004","If you can't face it right now, running away is fine too - you need to go easy on yourself!","was: If you can't face it right now, running away is also okay‑you have to let yourself go! | ASCII hyphen with spacing; 放過你自己 means to stop punishing oneself, where 'let yourself go' reads ambiguously in English."
"CombatTalking/Sister_001","...","was: ……。 | Untranslated full-width Chinese ellipsis/period must become ASCII punctuation."
"CombatTalking/Sister_101","I hate you.","was: I hate you | Missing terminal period."
"CombatTalking/Sister_102","Go away.","was: Go away | Missing terminal period."
"CombatTalking/Sister_103","Qi.","was: Qi | Missing terminal period."
"CombatTalking/Special102_002","As a mere outer disciple of the Tang Clan, you dare to cross blades with me, a Nangong!","was: As a mere outer disciple of the Tang Clan, you dare to confront someone from the Nangong family! | 我...某人 is first-person self-reference; old's 'someone from the Nangong family' wrongly made it third-person."
"CombatTalking/Special102_005","You'd do better to admit defeat - then I'll make sure you don't embarrass yourself too badly.","was: If you don't want to admit defeat, I'll make sure you don't embarrass yourself too much. | 不若 = 'would be better off'; old inverted the conditional. Swapped the proposal's em dash for an ASCII hyphen per house style."
"CombatTalking/Special206_002","Have you seen the monk's fist? Choose: do you want to talk to the monk, or to his fist?","was: Have you seen the monk's fist? Choose, then‑do you want to talk to the monk or to the monk's fist? | 'Choose, then-do you want' was ungrammatical; also strips the U+2011 hyphen."
"CombatTalking/Special206_004","Amituofo, Patron. Resistance will be met with strictness - now quickly put down your butcher's knife and let the monk strike you.","was: Amituofo Buddha, Patron, resistance will be met with strictness. Quickly put down your butcher's knife, so that the young monk may strike you. | 'Amituofo' already means Amitabha Buddha, so 'Buddha' is redundant; aligns 'the monk' with this character's self-reference elsewhere. Restored '屠刀' as 'butcher's knife' (the specific Buddhist-idiom image) rather than the proposal's generic 'blade', a"
"CombatTalking/Special206_006","Patron, it's not a bad thing that you've been beaten by me. The monk won't harm your life; instead, it will help you reform. If you luck out and win against me and fail to reform, one day you might fall into the hands of even worse bandits, who certainly won't spare your life. Therefore, you'd better not resist; let me beat you instead.","was: Master, it's not a bad thing that you've been beaten by me. The monk won't harm your life; instead, it will help you reform. If you luck out and win against me and fail to reform, one day you might fall into the hands of even worse bandits, who certainly won't spare your life. Therefore, you'd better not resist; let me beat you instead. | 施主 = 'Patron' (used consistently in this monk's other "
"CombatTalking/Special206_007","Patron, why does your hair stick up like that? It looks like horns - could it be that you're about to turn into a demon? That would be serious. Why not follow the monk back to Songshan and listen to our monks chant the sutras to dispel that aggressive energy? While you're at it, get yourself ordained, and the monk guarantees your hair will never stick up again.","was: Patron, why is your hair so standing up? It looks like horns. Could it be that you are about to become a demon? That would be quite serious; instead, follow Little Monk back to Songshan and listen to the chanting and teachings of our Songshan monks to dissipate your aggressive energy. By the way, getting ordained as a monk will ensure that your hair no longer stands up. | Fixes ungrammatical "
"CombatTalking/Special206_008","Patron, all the events of this life are the result of past karma. You have endured various hardships, cultivating greed, anger, and ignorance, making it difficult to attain good results. In the next life, you will repeat the same mistakes. You must act decisively, abandon attachments, and follow the monk into the monastic order to cut off the cycle of karmic retribution!","was: Master, all the events of this life are the result of past karma. You have endured various hardships, cultivating greed, anger, and ignorance, making it difficult to attain good results. In the next life, you will repeat the same mistakes. You must act decisively, abandon attachments, and follow the monk into the monastic order to cut off the cycle of karmic retribution! | Same 施主 = Patron fi"
"CombatTalking/Special207_001","Useless. Did you skip a meal and your hands went weak? Or did you just get castrated and lost all your strength?","was: Useless. Are you being too soft because you haven't eaten yet? Or are you just weakened and can't exert force? | 你剛閹掉 is a crude jab meaning 'did you just get castrated'; the old text's 'just weakened' erased the insult."
"CombatTalking/Special207_002","I'll help you along to your next life, hehe.","was: I'll help you escape, hehe | 超生 is the Buddhist euphemism for passing into the next life (i.e. killing), not 'escape'; also adds the missing terminal period."
"CombatTalking/Special207_005","Kneel down right now and bark like a dog, and I might just leave your corpse in one piece!","was: You kneel down now and bark like a dog, I can still leave you with your whole body! | Fixes the comma-spliced run-on and clarifies 留你全屍 ('leave your corpse intact'), which the old text's 'whole body' made ambiguous with survival."
"CombatTalking/Special401_002","Why, just because you want a beating, does Wang have to give you one? You're insufferably arrogant - you deserve it.","was: Why do you want to be beaten? Wang has to hit you? You are being too arrogant and deserve to be punished. | Fixes broken 'Wang has to hit you?' and restores 欠打's 'asking for it' force; corrected the proposal's em dash to an ASCII hyphen (GLOSSARY reserves — only for empty-value fields like 'Effect: —')."
"CombatTalking/Special401_003","Lie down.","was: Lie down | Dialogue needs its terminal period per house style; matches source's 。."
"CombatTalking/Special401_004","Annoying.","was: Annoying | Missing terminal period."
"CombatTalking/Special402_001","...","was: ……。 | Same untranslated full-width punctuation fix as Sister_001."
"CombatTalking/Special407_002","Self-important fool, drown in my waves of blades!","was: Self‑important fool, drown in my waves of blades! | Strip U+2011 to ASCII hyphen."
"CombatTalking/Special407_004","I am Shangguan Sun - thousands have fallen beneath my blade; one more insignificant soul like yours won't be missed.","was: Shangguan Jun, thousands have been slain under my blade, yet not a single insect's soul is missing! | 我上官隼 is first-person self-introduction, not third-person address; the boast was inverted into 'not...is missing' by the old text. Em dash corrected to ASCII hyphen. | ruled 20260912 (q23): was I am Shangguan Jun - thousands have fallen beneath my blade;"
"CombatTalking/Special826_002","Heaven despises you too - why won't you accept your fate!","was: Heaven also despises you‑why don't you know your fate? | Strips the U+2011 hyphen (replaced with ASCII '-', not the proposal's em dash, which GLOSSARY reserves for empty-value fields); matches the source's exclamation; 知命 means accepting one's fate, not merely knowing it."
"CombatTalking/Special999_803","As the Wulin Alliance Leader, I cannot be tripped by you! Disappear!","was: As the Wulin Alliance Leader, I cannot be tripped by you!Disappear! | Missing space between sentences."
"CombatTalking/Special999_905","I will cut you down and build atop the Tang Clan's sacrifice to restore peace to the Wulin! If you disagree, prove it and silence everyone!","was: I will cut you down, built upon the sacrifices of the Tang Clan, to restore peace to the Wulin! If you disagree, prove your worth and silence everyone! | 'built upon the sacrifices' read as a dangling modifier attached to 'you' rather than the speaker's own action."
"CombatTalking/Special_104","I'll beat you to death today!","was: I'll kill you alive today! | 'kill you alive' is self-contradictory English; 活活打死 means 'beat to death'."
"CombatTalking/Special_107","Amituofo, I shall liberate you, this pitiful creature!","was: Amituofo Buddha, I shall liberate you, this pitiful creature! | 'Amituofo' already means Amitabha Buddha; appending 'Buddha' is redundant."
"CombatTalking/Special_405_001","Layman Zhao, don't be reckless.","was: Master Zhao, don't be silly | 'Master' is reserved for 師父 per the register; 居士 is the lay-Buddhist/Daoist honorific 'Layman'. Also adds the missing period and tightens 胡鬧."
"CombatTalking/T0001_00","Very good, exactly like that.","was: Exactly | The old text drops 很好 ('very good') entirely, leaving a one-word fragment for a full sentence of praise."
"CombatTalking/T0001_01_004","Come on, curse me out.","was: Come on, you scold me | 'you scold me' is an ungrammatical imperative; also adds the missing terminal period."
"CombatTalking/T0001_01_006","Verbal Attack can weaken the enemy's Qi, restore some of your own Qi, and lower the damage and hit rate of the enemy's Ultimate command. It can also sometimes provoke enemies with an impulsive temperament.","was: Verbal Attack can weaken the enemy's 'Qi', additionally recover their own 'Qi', and cause the enemy's 'Ultimate' command to reduce damage and hit rate. It can sometimes also anger impatient enemies. | 'recover their own Qi' was ambiguous (read as the enemy's Qi); also drops the inconsistent quote-mark styling to match the plain-capitalized style (Qi, Ultimate) used in most sibling tutorial ro"
"CombatTalking/T0001_02_01_003","I'll pretend to lecture you - use the chance to strike.","was: I pretended to lecture, letting you strike back. | Tense mismatch: the source describes what's about to happen, not something already past. Em dash corrected to ASCII hyphen."
"CombatTalking/T0001_02_01_004","The Stab command consumes your own Qi to launch an attack, rendering the enemy's Verbal Attack command ineffective. Depending on temperament, some may end up feeling intimidated themselves after making their opponent bleed.","was: The command 'Stab' consumes one's own 'Qi' to launch an attack, rendering the enemy's 'Mouth Attack' command ineffective. Depending on their temperament, there are also cases where someone stabs their opponent and ends up feeling intimidated themselves. | 嘴攻 is fixed as 'Verbal Attack', not 'Mouth Attack'; also drops the inconsistent quote-mark styling."
"CombatTalking/T0001_03_01_001","This Sect is renowned for its poison and Hidden Weapons.","was: This sect is renowned for its poison and hidden weapons. | 'Sect' capitalizes for the player's own sect; 暗器 capitalizes as 'Hidden Weapons' when naming the discipline."
"CombatTalking/T0001_03_01_002","You haven't practiced Hidden Weapon techniques, but if you happen to land a hit by chance, it can effectively stop the enemy's actions.","was: You haven't practiced the techniques of hidden weapons, but if you happen to hit by chance, it can effectively block the enemy's actions. | Capitalizes 'Hidden Weapon' per the register."
"CombatTalking/T0001_03_01_004","The Hidden Weapon command consumes your own Qi to launch a Hidden Weapon, restraining the opponent, dealing damage, and randomly applying stacks of status-effect buildup, while also disabling the enemy's Verbal Attack and Stab commands.","was: The Hidden Weapon instruction consumes the user's own Qi to launch a Hidden Weapon, restraining the opponent, dealing damage, and randomly applying accumulated abnormal status values, while also making the enemy's mouth attack and stab commands ineffective. | 'mouth attack and stab' must be capitalized as the command names 'Verbal Attack' and 'Stab'. | ruled 20260912 (q14): was The Hidden Weapon command consumes your own Qi to launch a H"
"CombatTalking/T0001_04_01_003","I'm about to strike - get ready! Watch this signature Ultimate of mine: the folding fan, aimed straight at your heart.","was: I'm about to strike it, get ready, watch my ultimate move‑folding fan, hit your heart. | Repairs the run-on with a stray non-ASCII hyphen and a dangling final clause. Em dash corrected to ASCII hyphen."
"CombatTalking/T0001_04_01_005","Haha, Junior Martial Brother, I keep my blade out in plain sight - that's just for show. My real killing move is a folding fan hidden in my sleeve - now that's a true Hidden Weapon.","was: Haha, junior disciple, I exposed my weapon outside‑that was to show it off. The real hidden weapon is a folding fan concealed in my sleeve. That's what we call a hidden weapon. | 師弟 = Junior Martial Brother; capitalizes 'Hidden Weapon'; strips the non-ASCII hyphen; removes the redundant repetition. Both em dashes corrected to ASCII hyphens."
"CombatTalking/T0001_04_01_006","I see.","was: I see | Missing terminal period."
"CombatTalking/T0001_04_01_007","Brace consumes your own Qi to channel your strength and withstand the blow, reducing the damage you take and nullifying minor damage entirely. If you successfully block, you'll recover some Qi as a reward, the amount depending on your personality. Brace also grants an extra Parry chance against Stab, and an extra Dodge chance against Hidden Weapons.","was: The Defensive Stance consumes one's own Qi to resist attacks, reducing the damage taken and nullifying minor injuries. If the defense is successful, the character recovers a certain amount of Qi based on their personality as a reward. Additionally, the Defensive Stance grants an increased chance to counterattack against attacks and an increased chance to evade hidden weapons. | NOMENCLATURE.m"
"CombatTalking/T0001_04_02_001","Lucky I only used thirty percent of my strength there - you're not hurt, are you?","was: Oh, didn't I tell you to be careful? | This key appears twice in the TSV with different zh-TW text; the old English for this occurrence was copy-pasted from the other row and didn't match its own Chinese at all. Em dash corrected to ASCII hyphen; the duplicate-key structure itself needs separate resolution beyond this review."
"CombatTalking/T0001_04_03_002","That made me forget what move I was going to use.","was: Caused me to forget what move to use. | Repairs the dangling participial fragment ('Caused me...' with no subject)."
"CombatTalking/T0001_04_03_003","Forget it - I suppose we can call this a kind of tactical practice, right?","was: Forget it, you count this as a form of tactical practice, right? | 你這也算是... with the sentence-opening 算了 (resigned concession) reads as the speaker conceding the point, not asking the listener to do the counting. Em dash corrected to ASCII hyphen."
"CombatTalking/T0001_05_01_001","If you're confident, don't hesitate to seize the right moment, use everything you've got, and finish your opponent with your Ultimate.","was: If you're confident, don't hesitate to seize the right moment and employ all your skills, using the ultimate move to defeat your opponent. | Capitalizes 'Ultimate' as the command name, matching its use two lines later in the same tutorial sequence."
"CombatTalking/T0001_05_01_002","Third Senior Brother, you're joking - what Ultimate do I have? At most, I can just chop a little harder.","was: Third Senior Brother, you're joking, I don't have any Ultimate moves? At most, just a bit more forceful strike. | Repairs the run-on/comma splice and the sentence fragment. Em dash corrected to ASCII hyphen."
"CombatTalking/T0001_05_01_003","No need to worry, come boldly - I'll handle it.","was: No need to worry, just come boldly‑I'll take care of it. | Strips the non-ASCII hyphen. Used an ASCII hyphen rather than the proposal's em dash."
"CombatTalking/T0001_05_01_004","The Ultimate command consumes a large amount of Qi, unleashing everything you have in an extremely powerful attack, and disables the enemy's Stab and Hidden Weapon commands - the trump card that can turn the tide of battle.","was: The Ultimate command consumes a large amount of energy, allowing the user to unleash all their skills and launch a powerful attack, stunning the enemy and rendering the Hidden Weapon command ineffective, making it a game‑changing move. | 'energy' should be 'Qi'; the old text entirely dropped that the Ultimate also disables the enemy's Stab command, mentioning only Hidden Weapon; 'stunning the"
"CombatTalking/T0001_05_02_001","Not bad, not bad, that's the way. Let's practice a couple more rounds - you attack, I'll defend. Bring it on!","was: Not bad, not bad, that's the way. Let's practice a few more moves. You attack, I defend. Come on, horse! | 放馬過來 is a set idiom meaning 'bring it on'; the old text took 馬 ('horse') literally. Em dash corrected to ASCII hyphen."
"CombatTalking/T0001_05_02_003","At the start of every round, Qi automatically regenerates, with the amount depending on personality. Additionally, the Qi cost of each command, the Qi recovered from taking damage, and the threshold for using your Ultimate will also vary by personality, so tactics should be tailored to the individual.","was: Each round of the duel begins with qi automatically restoring, with the amount depending on personality. In addition, the amount of qi consumed by various commands, the qi restored from injuries, and the threshold for using ultimate techniques will also vary according to personality, so tactics should be tailored accordingly. | 'qi' and 'ultimate techniques' must be capitalized as 'Qi' and 'U"
"CombatTalking/T0001_06_01_001","That's enough for now - let's stop the training here.","was: We'll stop here for now | 差不多了 ('that's about enough') was dropped entirely; also adds the missing terminal period. Em dash corrected to ASCII hyphen."
"CombatTalking/Trainee10_001","What's going on? Can't a Tang Clan outsider disciple even beat me, a mere servant?","was: What's going on? Can't even a servant of mine defeat a disciple from the Tang Clan? | 連...都打不過 means 'can't even beat'; the old line reversed subject and object, inverting the insult."
"CombatTalking/Trainee10_002","I want to hang your corpse on my pauldron and parade you through the streets!","was: I want to hang your corpse on my shoulder armor and parade through the streets! | Register: 肩甲 = 'Pauldron'; 'Shoulder Armor' is explicitly the form to avoid."
"CombatTalking/Trainee10_003","Watch my pauldron charge! I'll smash you into a crater!","was: Watch my shoulder armor charge! Smash you into a crater! | Same Pauldron nomenclature fix."
"CombatTalking/Trainee10_004","Even I, a mere servant, get proper training from an instructor and a monthly wage for my chores, while you have nothing!","was: Even I have a servant who receives training and gets a monthly salary for doing chores, while you have nothing! | The speaker IS the servant (家丁) boasting about his own training and wage; the old line invented a separate servant belonging to the speaker, reversing who the sentence is about."
"CombatTalking/Trainee10_102","You and the Second Young Lord are like vomit and feces mixed together. That's what they call birds of a feather flocking together!","was: You and the Second Young Lord are like vomit and feces mixed together‑this is called birds of a feather flock together! | Fixes the stray U+2011 hyphen standing in for a sentence break, and the grammar of 'flock' to 'flocking.'"
"CombatTalking/Trainee12_004","No one needed to mutilate you for that look. You were just born with a wrecked face. How pitiful.","was: You don't need to resort to self‑harm; you were born with an unfortunate appearance. How pitiful. | 採生折割 refers to the historical practice of mutilating others (kidnapped beggars), not self-harm; also fixes the stray U+2011 hyphen."
"CombatTalking/Trainee13_002","If I kill a worthless nobody like you, the Tang Clan's senior surely won't blame me. Who told you to be born so cheap? I'll pay you off with fifteen wen at most!","was: Killing you, a worthless nobody, the senior of the Tang Clan probably won't blame me. Who told you your life is so cheap? At most, I'll compensate you with fifteen wen! | The opening 'Killing you...' dangled, reading as modifying 'the senior' rather than 'me'; restructured as a conditional clause fixes it while preserving meaning."
"CombatTalking/Trainee2_001","Amituofo, benefactor, the poor monk advises you to practice virtue and goodness. Put down your butcher's knife; may you not fall into the Beast Path in your next life.","was: Amituofo, Master, the poor monk advises you to practice virtue and goodness. Put down your butcher's knife; may you not fall into the Beast Path in your next life. | 施主 = 'benefactor' (Buddhist address for a layperson), matching the correct rendering two lines later in Trainee2_002 (confirmed in file); GLOSSARY reserves 'Master' for 師父 only."
"CombatTalking/Trainee2_003","Such a sin, such a sin. The moment this poor monk sees your face, his heart fills with anger and thoughts of killing.","was: My apologies, my apologies. The poor monk, upon seeing your face, is filled with anger and thoughts of killing. | 罪過罪過 is a Buddhist self-rebuke, not an apology addressed to the listener."
"CombatTalking/Trainee2_004","Excellent, I have delivered you to salvation. My merit points increase by three.","was: Well done, I have helped you transcend, and your merits have increased by three. | 功德 (merit) accrues to the monk himself from the 'good deed' of killing the player - the joke is that he benefits, not the player."
"CombatTalking/Trainee4_001","How can this be... it truly is outrageous! This humble Daoist will not allow you to continue breathing!","was: How can this be... it truly is outrageous! I will not allow you to continue breathing! | 貧道 ('this humble Daoist') is the same character's self-reference in the immediately following line (Trainee4_002, confirmed: 'I, the humble Daoist, will kill you...'); dropping it here breaks voice consistency."
"CombatTalking/Trainee4_003","My Quanzhen disciples are spread all over the land. If you dare to touch me, with a single call, over a hundred brothers will gather and beat you, that worthless ugly creature, into a rag!","was: My Quanzhen disciples are spread all over the land. If you dare to touch me, with a single call, over a hundred Brothers will gather and beat you, that worthless ugly creature, into a rag! | 師兄弟 here is the plain collective noun 'fellow disciples/brothers,' not the specific Senior/Junior Brother title, so lowercase mid-sentence."
"CombatTalking/Trainee5_002","Bold demon, daring to reveal your true form in broad daylight; you truly do not regard the teachings of Qingcheng!","was: Bold demon, daring to reveal your true form under the broad daylight; you truly do not regard the teachings of Qingcheng! | 'in broad daylight' is the idiomatic set phrase; 'under the broad daylight' is not."
"CombatTalking/Trainee6_102","If you dare to have ill intentions towards my junior sister Xiaomei, you deserve to die!","was: If you dare to have ill intentions towards my junior sister Xiao Mei, you deserve to die! | Register: Yu Xiaomei's short form is one word, 'Xiaomei', already used correctly two lines earlier in Trainee6_101 (confirmed in file)."
"CombatTalking/Trainee7_002","Watch as I use the Soul-Stealing Claw to drag you back to the Underworld to face punishment!","was: Watch as I use the Soul‑Stealer Claw to drag you back to the Underworld to face punishment! | NOMENCLATURE.md retires 'Soul-Stealer' for 奪魄 in favor of 'Soul-Stealing' (Soul-Stealing Orchid, Soul-Stealing Phantom Claw); also fixes the stray U+2011 hyphen."
"CombatTalking/Trainee7_101","No one ever told you to stay away from my Flying Heaven Direct Disciple? That could cost you your life.","was: No one has ever told you to stay away from my sky‑reaching direct disciple, have they? This could be deadly. | 飛天嫡傳女弟子 is the register's fixed title 'Flying Heaven Direct Disciple' (NOMENCLATURE.md Titles table), not an invented paraphrase."
"CombatTalking/Trainee7_102","Xiaomei will sooner or later be in my Soul-Stealing Gate's grasp. If you dare to have any ill intentions towards her, you will face death!","was: Xiao Mei will sooner or later be in my Soul‑Stealer Sect's grasp. If you dare to have any ill intentions towards her, you will face death! | 'Xiaomei' one word per register; 奪魄 = 'Soul-Stealing' not 'Soul-Stealer'; non-唐門 門 branches take 'Gate' per the register's explicit ruling."
"CombatTalking/Trainee8_001","What are you looking at? Believe it or not, I'll flatten you!","was: What are you looking at? Do you believe I won't flatten you? | The old line's added 'won't' reverses the threat; the Chinese has no negation."
"CombatTalking/Trainee9_001","A whisk is made for sweeping away filth. Watch out!","was: The feather duster is specifically used to sweep away dirt. Watch out! | Register: 拂塵 = 'Whisk,' not 'feather duster.'"
"CombatTalking/Trainee9_101","Why does Sect Leader Wei look at you differently? I want to prove that she is mistaken!","was: Why does Master Wei look at you differently? I want to prove that they are mistaken! | GLOSSARY explicitly forbids 'Master' for 掌門 ('Sect Leader'); the Chinese has explicit 她, confirming the female pronoun should be restored instead of 'they.'"
"EnemyTeam/010","Hell Path","was: Hell's Path | Old 'Hell's Path' confirmed in the file. NOMENCLATURE.md fixes 地獄道 = Hell Path to stay parallel with the 道=Path series (Six Paths, Human Path) and explicitly lists 'Hell's Path' as breaking that series. Shorter than the original, no clipping risk."
