"key","text","note"
"# 15_state_effects: combat status-effect names (buff bar"
"CombatSkill/Desc/A012_5","Tang Clan Hidden Weapon Lv5: Hidden weapon hit rate +8%, damage +8%, dice +4.","was: Tang Clan Hidden Weapons Level 5: Increase 8% Hidden Weapon Hit Rate, 8% Hidden Weapon Damage, Add 4 Hidden Weapon Dice. — header matches name; '+N%' sentence form like A013"
"CombatSkill/Desc/A012_9","Tang Clan Hidden Weapon Lv9: Hidden weapon hit rate +16%, damage +16%, dice +8.","was: Tang Clan Hidden Weapons Level 9: Increase 16% Hidden Weapon Hit Rate, 16% Hidden Weapon Damage, add 8 Hidden Weapon Dice. — header matches name; '+N%' sentence form like A013"
"CombatSkill/Desc/A013_1","Tang Clan Poison Technique Lv1: Poison and paralysis buildup +2%.","was: Tang Clan Poison Arts Level 1: Increase 2% Poison, Paralysis Accumulation Value. — header matched name (was Poison Arts Level N); buildup term"
"CombatSkill/Desc/A013_2","Tang Clan Poison Technique Lv2: Poison and paralysis buildup +5%.","was: Tang Clan Poison Arts Level 2: Increase 5% Poison, Paralysis Accumulation. — header matched name (was Poison Arts Level N); buildup term"
"CombatSkill/Desc/A013_3","Tang Clan Poison Technique Lv3: Poison and paralysis buildup +8%.","was: Tang Clan Poison Arts Level 3: Increase 8% poison, paralysis accumulation value. — header matched name (was Poison Arts Level N); buildup term"
"CombatSkill/Desc/A013_4","Tang Clan Poison Technique Lv4: Poison and paralysis buildup +10%.","was: Tang Clan Poison Arts Level 4: Increase 10% Poison, Paralysis Accumulation Value. — header matched name (was Poison Arts Level N); buildup term"
"CombatSkill/Desc/A013_5","Tang Clan Poison Technique Lv5: Poison and paralysis buildup +12%.","was: Tang Clan Poison Arts Level 5: Increase 12% Poison, Paralysis Accumulation Value. — header matched name (was Poison Arts Level N); buildup term"
"CombatSkill/Desc/A013_6","Tang Clan Poison Technique Lv6: Poison and paralysis buildup +15%.","was: Tang Clan Poison Arts Level 6: Increase 15% poison, paralysis accumulation value. — header matched name (was Poison Arts Level N); buildup term"
"CombatSkill/Desc/A013_7","Tang Clan Poison Technique Lv7: Poison and paralysis buildup +17%.","was: Tang Clan Poison Arts Level 7: Increase 17% poison, paralysis accumulation value. — header matched name (was Poison Arts Level N); buildup term"
"CombatSkill/Desc/A013_8","Tang Clan Poison Technique Lv8: Poison and paralysis buildup +20%.","was: Tang Clan Poison Arts Level 8: Increase 20% Poison, Paralysis Accumulation Value. — header matched name (was Poison Arts Level N); buildup term"
"CombatSkill/Desc/A013_9","Tang Clan Poison Technique Lv9: Poison and paralysis buildup +23%.","was: Tang Clan Poison Arts Level 9: Increase 23% poison, paralysis accumulation value. — header matched name (was Poison Arts Level N); buildup term"
"CombatSkill/Name/B017_1","Thousand Changes Lv1","was: Thousand Changes, Hundred Transformations Lv1 — shorter name for the buff bar; desc headers varied"
"CombatSkill/Desc/B017_1","Thousand Changes Lv1: Weapon crit dice +[2%] of Hidden Weapon.","was: Thousand Changes Level 1: Increase weapon critical hit dice based on Hidden Weapon [2%]. — header matches name; consistent wording"
"CombatSkill/Name/B017_2","Thousand Changes Lv2","was: Thousand Changes, Hundred Transformations Lv2 — shorter name for the buff bar; desc headers varied"
"CombatSkill/Desc/B017_2","Thousand Changes Lv2: Weapon crit dice +[4%] of Hidden Weapon.","was: Variation of a Thousand Mechanisms Level 2: Increase weapon critical dice based on Hidden Weapon [4%]. — header matches name; consistent wording"
"CombatSkill/Name/B017_3","Thousand Changes Lv3","was: Thousand Changes, Hundred Transformations Lv3 — shorter name for the buff bar; desc headers varied"
"CombatSkill/Desc/B017_3","Thousand Changes Lv3: Weapon crit dice +[6%] of Hidden Weapon.","was: Variation of a Thousand Mechanisms Level 3: Increase weapon critical dice based on Hidden Weapon [6%]. — header matches name; consistent wording"
"CombatSkill/Name/B017_4","Thousand Changes Lv4","was: Thousand Changes, Hundred Transformations Lv4 — shorter name for the buff bar; desc headers varied"
"CombatSkill/Desc/B017_4","Thousand Changes Lv4: Weapon crit dice +[8%] of Hidden Weapon.","was: Variation of a Thousand Mechanisms Level 4: Increase weapon critical dice based on Hidden Weapon [8%]. — header matches name; consistent wording"
"CombatSkill/Name/B017_5","Thousand Changes Lv5","was: Thousand Changes, Hundred Transformations Lv5 — shorter name for the buff bar; desc headers varied"
"CombatSkill/Desc/B017_5","Thousand Changes Lv5: Weapon crit dice +[10%] of Hidden Weapon.","was: Thousand Changes Lv5: Enhance weapon critical dice based on Hidden Weapon [10%]. — header matches name; consistent wording"
"CombatSkill/Name/B017_6","Thousand Changes Lv6","was: Thousand Changes, Hundred Transformations Lv6 — shorter name for the buff bar; desc headers varied"
"CombatSkill/Desc/B017_6","Thousand Changes Lv6: Weapon crit dice +[12%] of Hidden Weapon.","was: Variation of a Thousand Mechanisms Level 6: Increase weapon critical dice based on Hidden Weapon [12%]. — header matches name; consistent wording"
"CombatSkill/Name/B017_7","Thousand Changes Lv7","was: Thousand Changes, Hundred Transformations Lv7 — shorter name for the buff bar; desc headers varied"
"CombatSkill/Desc/B017_7","Thousand Changes Lv7: Weapon crit dice +[14%] of Hidden Weapon.","was: Variation of a Thousand Mechanisms Level 7: Increase weapon critical dice based on Hidden Weapon [14%]. — header matches name; consistent wording"
"CombatSkill/Name/B017_8","Thousand Changes Lv8","was: Thousand Changes and Hundred Transformations Lv8 — shorter name for the buff bar; desc headers varied"
"CombatSkill/Desc/B017_8","Thousand Changes Lv8: Weapon crit dice +[16%] of Hidden Weapon.","was: Variation of a Thousand Mechanisms Level 8: Increase weapon critical dice based on Hidden Weapon [16%]. — header matches name; consistent wording"
"CombatSkill/Name/B017_9","Thousand Changes Lv9","was: Thousand Changes, Hundred Transformations Lv9 — shorter name for the buff bar; desc headers varied"
"CombatSkill/Desc/B017_9","Thousand Changes Lv9: Weapon crit dice +[18%] of Hidden Weapon.","was: Variation of a Thousand Mechanisms Level 9: Increase weapon critical dice based on Hidden Weapons [18%]. — header matches name; consistent wording"
"CombatSkill/Desc/B0012_1","White Ape Agility Lv1: Dodge chance +[2%] of Qinggong and Fist and Palm.","was: White Ape Agility Lv1: Based on Qinggong, the [2%] of fist and palm gains evasion rate. — garbled 'the [x%] of fist and palm gains evasion'; Dodge term"
"CombatSkill/Desc/B0012_2","White Ape Agility Lv2: Dodge chance +[4%] of Qinggong and Fist and Palm.","was: White Ape Agility Lv2: Based on Qinggong, the [4%] of fist and palm gains evasion chance. — garbled 'the [x%] of fist and palm gains evasion'; Dodge term"
"CombatSkill/Desc/B0012_3","White Ape Agility Lv3: Dodge chance +[6%] of Qinggong and Fist and Palm.","was: White Ape Agility Lv3: Based on Qinggong, the [6%] of fist and palm gains evasion rate. — garbled 'the [x%] of fist and palm gains evasion'; Dodge term"
"CombatSkill/Desc/B0012_4","White Ape Agility Lv4: Dodge chance +[8%] of Qinggong and Fist and Palm.","was: White Ape Agility Lv4: Based on Qinggong, the [8%] of fist and palm gain evasion probability. — garbled 'the [x%] of fist and palm gains evasion'; Dodge term"
"CombatSkill/Desc/B0012_5","White Ape Agility Lv5: Dodge chance +[10%] of Qinggong and Fist and Palm.","was: White Ape Agility Lv5: Based on Qinggong, the [10%] of Fist and Palm grants an evasion rate. — garbled 'the [x%] of fist and palm gains evasion'; Dodge term"
"CombatSkill/Desc/B0012_6","White Ape Agility Lv6: Dodge chance +[12%] of Qinggong and Fist and Palm.","was: White Ape Agility Lv6: Based on Qinggong, the [12%] of fist and palm gains an evade chance. — garbled 'the [x%] of fist and palm gains evasion'; Dodge term"
"CombatSkill/Desc/B0012_7","White Ape Agility Lv7: Dodge chance +[14%] of Qinggong and Fist and Palm.","was: White Ape Agility Lv7: Based on Qinggong, the [14%] of Fist and Palm grants a dodge chance. — garbled 'the [x%] of fist and palm gains evasion'; Dodge term"
"CombatSkill/Desc/B0012_8","White Ape Agility Lv8: Dodge chance +[16%] of Qinggong and Fist and Palm.","was: White Ape Agility Lv8: Based on Qinggong, the [16%] of fist and palm grants an evasion rate. — garbled 'the [x%] of fist and palm gains evasion'; Dodge term"
"CombatSkill/Desc/B0012_9","White Ape Agility Lv9: Dodge chance +[18%] of Qinggong and Fist and Palm.","was: White Ape Agility Lv9: Based on Qinggong, [ 18% ] of Fist and Palm grants an evasion rate. — garbled 'the [x%] of fist and palm gains evasion'; Dodge term"
"CombatSkill/Desc/B0027_1","Transforming Energy Lv1: Defense +[2%] of Fist and Palm and Qinggong.","was: Qinggong Level 1: Based on fist and palm, increase defense by [2%]. — desc was headed 'Qinggong Level N' (wrong effect name)"
"CombatSkill/Desc/B0027_2","Transforming Energy Lv2: Defense +[4%] of Fist and Palm and Qinggong.","was: Qinggong Level 2: Based on Fist and Palm, increase defense by [4%]. — desc was headed 'Qinggong Level N' (wrong effect name)"
"CombatSkill/Name/B0027_3","Transforming Energy Lv3","was: Transformation of Energy Lv3 — one name for all levels (was Transforming/Transformation of Energy/Transformation Skill)"
"CombatSkill/Desc/B0027_3","Transforming Energy Lv3: Defense +[6%] of Fist and Palm and Qinggong.","was: Qinggong Level 3: Enhance defense by [6%] based on the fist and palm. — desc was headed 'Qinggong Level N' (wrong effect name)"
"CombatSkill/Name/B0027_4","Transforming Energy Lv4","was: Transformation of Energy Lv4 — one name for all levels (was Transforming/Transformation of Energy/Transformation Skill)"
"CombatSkill/Desc/B0027_4","Transforming Energy Lv4: Defense +[8%] of Fist and Palm and Qinggong.","was: Qinggong Level 4: Based on the Fist and Palm, Qinggong's [8%] enhances defense. — desc was headed 'Qinggong Level N' (wrong effect name)"
"CombatSkill/Name/B0027_5","Transforming Energy Lv5","was: Transformation of Energy Lv5 — one name for all levels (was Transforming/Transformation of Energy/Transformation Skill)"
"CombatSkill/Desc/B0027_5","Transforming Energy Lv5: Defense +[10%] of Fist and Palm and Qinggong.","was: Qinggong Lv5: Based on the Fist and Palm, increase defense by [10%] of Qinggong. — desc was headed 'Qinggong Level N' (wrong effect name)"
"CombatSkill/Name/B0027_6","Transforming Energy Lv6","was: Transformation of Energy Lv6 — one name for all levels (was Transforming/Transformation of Energy/Transformation Skill)"
"CombatSkill/Desc/B0027_6","Transforming Energy Lv6: Defense +[12%] of Fist and Palm and Qinggong.","was: Qinggong Level 6: Based on Fist and Palm, enhance defense by [12%]. — desc was headed 'Qinggong Level N' (wrong effect name)"
"CombatSkill/Name/B0027_7","Transforming Energy Lv7","was: Transformation of Energy Lv7 — one name for all levels (was Transforming/Transformation of Energy/Transformation Skill)"
"CombatSkill/Desc/B0027_7","Transforming Energy Lv7: Defense +[14%] of Fist and Palm and Qinggong.","was: Qinggong Level 7: Based on fist and palm, [ 14% ] increase in Defense. — desc was headed 'Qinggong Level N' (wrong effect name)"
"CombatSkill/Name/B0027_8","Transforming Energy Lv8","was: Transformation Skill Lv8 — one name for all levels (was Transforming/Transformation of Energy/Transformation Skill)"
"CombatSkill/Desc/B0027_8","Transforming Energy Lv8: Defense +[16%] of Fist and Palm and Qinggong.","was: Qinggong Level 8: Enhance defense by [16%] based on the fist and palm. — desc was headed 'Qinggong Level N' (wrong effect name)"
"CombatSkill/Name/B0027_9","Transforming Energy Lv9","was: Transformation Skill Lv9 — one name for all levels (was Transforming/Transformation of Energy/Transformation Skill)"
"CombatSkill/Desc/B0027_9","Transforming Energy Lv9: Defense +[18%] of Fist and Palm and Qinggong.","was: Qinggong Level 9: Based on the Fist and Palm, enhance defense by [18%]. — desc was headed 'Qinggong Level N' (wrong effect name)"
"CombatSkill/Desc/B0036_1","Borrowing Strength Lv1: Qi +2 on a successful dodge.","was: Leverage Lv1: When evasion is successful, strength +2. — header matched name (was Leverage/Riding the Momentum); Qi term"
"CombatSkill/Desc/B0036_2","Borrowing Strength Lv2: Qi +3 on a successful dodge.","was: Ride the Momentum Level 2: When evasion succeeds, Stamina +3. — header matched name (was Leverage/Riding the Momentum); Qi term"
"CombatSkill/Name/B0036_3","Borrowing Strength Lv3","was: Borrowing Force Lv3 — was Borrowing Force; matches other levels"
"CombatSkill/Desc/B0036_3","Borrowing Strength Lv3: Qi +4 on a successful dodge.","was: Riding the Momentum Lv3: Stamina +4 when evasion is successful. — header matched name (was Leverage/Riding the Momentum); Qi term"
"CombatSkill/Desc/B0036_4","Borrowing Strength Lv4: Qi +5 on a successful dodge.","was: Riding the Momentum Lv4: When evasion is successful, Spirit +5. — header matched name (was Leverage/Riding the Momentum); Qi term"
"CombatSkill/Desc/B0036_5","Borrowing Strength Lv5: Qi +6 on a successful dodge.","was: Leverage Level 5: When evasion is successful, spirit +6. — header matched name (was Leverage/Riding the Momentum); Qi term"
"CombatSkill/Desc/B111_1","Golden Bell Shield Lv1: Brace becomes 'Golden Bell Shield'; using it grants 'Qi Shield Lv1'.","was: Golden Bell Shield Lv1: The 'Defend' command changes to 'Golden Bell Shield', and after use, you gain 'Body Shield Lv1'. — Brace/Qi Shield terms; consistent wording"
"CombatSkill/Desc/B111_2","Golden Bell Shield Lv2: Brace becomes 'Golden Bell Shield'; using it grants 'Qi Shield Lv2'.","was: Golden Bell Shield Lv2: The defensive command changes to 'Golden Bell Shield', and after use, gain 'Protective Aura Lv2'. — Brace/Qi Shield terms; consistent wording"
"CombatSkill/Desc/B111_3","Golden Bell Shield Lv3: Brace becomes 'Golden Bell Shield'; using it grants 'Qi Shield Lv3'.","was: Golden Bell Shield Lv3: The defense command changes to 'Golden Bell Shield', and upon use, gain 'Protective Aura Lv3'. — Brace/Qi Shield terms; consistent wording"
"CombatSkill/Desc/B111_4","Golden Bell Shield Lv4: Brace becomes 'Golden Bell Shield'; using it grants 'Qi Shield Lv4'.","was: Golden Bell Shield Lv4: The defensive command changes to 'Golden Bell Shield', and after use, gain 'Protective Aura Lv4'. — Brace/Qi Shield terms; consistent wording"
"CombatSkill/Desc/B111_5","Golden Bell Shield Lv5: Brace becomes 'Golden Bell Shield'; using it grants 'Qi Shield Lv5'.","was: Golden Bell Shield Lv5: Defensive Command changes to 'Golden Bell Shield', after use gain 'Protective Aura Lv5'. — Brace/Qi Shield terms; consistent wording"
"CombatSkill/Name/B112_1","Qi Shield Lv1","was: Body Protection Qi Shield Lv1 — 護體氣罩 = Qi Shield (14_combat); names varied per level"
"CombatSkill/Desc/B112_1","Qi Shield Lv1: Defense +[50% of Internal Force]; reflects 75% of damage from enemy [Stab] and [Ultimate].","was: Protective Aura Lv1: Increases defense based on [Inner Strength 50%], and reflects 75% of the damage from the enemy's [Stab], [Ultimate] attacks. — header matches name; consistent wording | ruled 20260912 (q04): was Qi Shield Lv1: Defense +[50% of Inner Strength]; reflects 75"
"CombatSkill/Name/B112_2","Qi Shield Lv2","was: Body Protection Aura Lv2 — 護體氣罩 = Qi Shield (14_combat); names varied per level"
"CombatSkill/Desc/B112_2","Qi Shield Lv2: Defense +[50% of Internal Force]; reflects 80% of damage from enemy [Stab] and [Ultimate].","was: Guarding Aura Lv2: Increase defense based on [Inner strength 50%], and reflect 80% of the damage from enemies' [Stab], [Ultimate]. — header matches name; consistent wording | ruled 20260912 (q04): was Qi Shield Lv2: Defense +[50% of Inner Strength]; reflects 80"
"CombatSkill/Name/B112_3","Qi Shield Lv3","was: Body Protection Qi Shield Lv3 — 護體氣罩 = Qi Shield (14_combat); names varied per level"
"CombatSkill/Desc/B112_3","Qi Shield Lv3: Defense +[50% of Internal Force]; reflects 85% of damage from enemy [Stab] and [Ultimate].","was: Protective Aura Level 3: Based on [Inner Strength 50%] to enhance defense, and reflect 85% of the damage from enemies' [Stab], [Ultimate] attacks. — header matches name; consistent wording | ruled 20260912 (q04): was Qi Shield Lv3: Defense +[50% of Inner Strength]; reflects 85"
"CombatSkill/Name/B112_4","Qi Shield Lv4","was: Protective Qi Shield Lv4 — 護體氣罩 = Qi Shield (14_combat); names varied per level"
"CombatSkill/Desc/B112_4","Qi Shield Lv4: Defense +[50% of Internal Force]; reflects 90% of damage from enemy [Stab] and [Ultimate].","was: Protective Aura Lv4: Increases defense based on [Inner Strength 50%], and reflects 90% of the damage from enemies' [Stab], [Ultimate]. — header matches name; consistent wording | ruled 20260912 (q04): was Qi Shield Lv4: Defense +[50% of Inner Strength]; reflects 90"
"CombatSkill/Name/B112_5","Qi Shield Lv5","was: Protective Qi Shield Lv5 — 護體氣罩 = Qi Shield (14_combat); names varied per level"
"CombatSkill/Desc/B112_5","Qi Shield Lv5: Defense +[50% of Internal Force]; reflects 100% of damage from enemy [Stab] and [Ultimate].","was: Protective Aura Lv5: Increases defense based on [Inner Power 50%], and reflects 100% of the damage from enemies' [Stab] and [Ultimate]. — header matches name; consistent wording | ruled 20260912 (q04): was Qi Shield Lv5: Defense +[50% of Inner Strength]; reflects 10"
"CombatSkill/Desc/B115_1","Iron Cloth Shirt Lv1: Defense +[2% of Stamina].","was: Iron Cloth Robe Lv1: Enhance defense based on [Stamina 2%]. — header matches name (was Iron Cloth Robe); consistent wording"
"CombatSkill/Desc/B115_2","Iron Cloth Shirt Lv2: Defense +[4% of Stamina].","was: Iron Cloth Robe Lv2: Increase defense based on [Stamina 4%]. — header matches name (was Iron Cloth Robe); consistent wording"
"CombatSkill/Desc/B115_3","Iron Cloth Shirt Lv3: Defense +[6% of Stamina].","was: Iron Cloth Robe Lv3: Increase defense based on [Stamina 6%]. — header matches name (was Iron Cloth Robe); consistent wording"
"CombatSkill/Desc/B115_4","Iron Cloth Shirt Lv4: Defense +[8% of Stamina].","was: Iron Cloth Robe Lv4: Enhances defense based on [Stamina 8%]. — header matches name (was Iron Cloth Robe); consistent wording"
"CombatSkill/Desc/B115_5","Iron Cloth Shirt Lv5: Defense +[10% of Stamina].","was: Iron Cloth Robe Lv5: Enhance defense based on [Stamina 10%]. — header matches name (was Iron Cloth Robe); consistent wording"
"CombatSkill/Desc/B115_6","Iron Cloth Shirt Lv6: Defense +[12% of Stamina].","was: Iron Cloth Robe Lv6: Enhance Defense Based on [Stamina 12%]. — header matches name (was Iron Cloth Robe); consistent wording"
"CombatSkill/Desc/B115_7","Iron Cloth Shirt Lv7: Defense +[14% of Stamina].","was: Iron Cloth Robe Lv7: Increase defense based on [Stamina 14%]. — header matches name (was Iron Cloth Robe); consistent wording"
"CombatSkill/Desc/B115_8","Iron Cloth Shirt Lv8: Defense +[16% of Stamina].","was: Iron Cloth Robe Lv8: Enhance Defense Based on [Stamina 16%] — header matches name (was Iron Cloth Robe); consistent wording"
"CombatSkill/Desc/B115_9","Iron Cloth Shirt Lv9: Defense +[18% of Stamina].","was: Iron Cloth Robe Lv9: Increase defense based on [Stamina 18%]. — header matches name (was Iron Cloth Robe); consistent wording"
"CombatSkill/Desc/B300_9","Diancang Quick Sword Lv9: Blade and Sword +[18% of Qinggong].","was: Diancang Quick Sword Lv9: Enhance [Blade and Sword] based on [Lightness 18%]. — consistent with Lv1-4 (Lightness/casing/missing period)"
"CombatSkill/Name/B301_1","Qi Lightness Lv1","was: Breath Control and Lightness Lv1 — 提氣輕身: one short name (was 4 variants incl. Qi Lifting Light Body)"
"CombatSkill/Desc/B301_1","Qi Lightness Lv1: Qinggong +[2% of Internal Force].","was: Breath Control for Light Body Lv1: Enhance [Qinggong] based on [Inner Strength 2%]. — header matches name; consistent wording | ruled 20260912 (q04): was Qi Lightness Lv1: Qinggong +[2% of Inner Strength]."
"CombatSkill/Name/B301_2","Qi Lightness Lv2","was: Breath Control and Lightness Lv2 — 提氣輕身: one short name (was 4 variants incl. Qi Lifting Light Body)"
"CombatSkill/Desc/B301_2","Qi Lightness Lv2: Qinggong +[4% of Internal Force].","was: Breath Control for Light Body Lv2: Based on [Inner strength 4%] to enhance [Qinggong]. — header matches name; consistent wording | ruled 20260912 (q04): was Qi Lightness Lv2: Qinggong +[4% of Inner Strength]."
"CombatSkill/Name/B301_3","Qi Lightness Lv3","was: Breath Control and Lightness Technique Lv3 — 提氣輕身: one short name (was 4 variants incl. Qi Lifting Light Body)"
"CombatSkill/Desc/B301_3","Qi Lightness Lv3: Qinggong +[6% of Internal Force].","was: Raise Qi Light Body Lv3: Enhance Qinggong based on [Inner Strength 6%]. — header matches name; consistent wording | ruled 20260912 (q04): was Qi Lightness Lv3: Qinggong +[6% of Inner Strength]."
"CombatSkill/Name/B301_4","Qi Lightness Lv4","was: Breath Control Light Body Lv4 — 提氣輕身: one short name (was 4 variants incl. Qi Lifting Light Body)"
"CombatSkill/Desc/B301_4","Qi Lightness Lv4: Qinggong +[8% of Internal Force].","was: Breath Control Light Body Lv4: Enhance Qinggong based on [Inner Strength 8%]. — header matches name; consistent wording | ruled 20260912 (q04): was Qi Lightness Lv4: Qinggong +[8% of Inner Strength]."
"CombatSkill/Name/B301_5","Qi Lightness Lv5","was: Breath Control and Lightness Lv5 — 提氣輕身: one short name (was 4 variants incl. Qi Lifting Light Body)"
"CombatSkill/Desc/B301_5","Qi Lightness Lv5: Qinggong +[10% of Internal Force].","was: Raise Qi Light Body Lv5: Enhance Qinggong based on [Inner Strength 10%]. — header matches name; consistent wording | ruled 20260912 (q04): was Qi Lightness Lv5: Qinggong +[10% of Inner Strength]."
"CombatSkill/Name/B301_6","Qi Lightness Lv6","was: Breath Control and Lightness Lv6 — 提氣輕身: one short name (was 4 variants incl. Qi Lifting Light Body)"
"CombatSkill/Desc/B301_6","Qi Lightness Lv6: Qinggong +[12% of Internal Force].","was: Breath Control for Light Body Lv6: Enhance Qinggong according to [Inner Strength 12%]. — header matches name; consistent wording | ruled 20260912 (q04): was Qi Lightness Lv6: Qinggong +[12% of Inner Strength]."
"CombatSkill/Name/B301_7","Qi Lightness Lv7","was: Qi Lifting Light Body Lv7 — 提氣輕身: one short name (was 4 variants incl. Qi Lifting Light Body)"
"CombatSkill/Desc/B301_7","Qi Lightness Lv7: Qinggong +[14% of Internal Force].","was: Enhance Breath and Light Body Lv7: Based on [Inner Strength 14%] to enhance [Qinggong]. — header matches name; consistent wording | ruled 20260912 (q04): was Qi Lightness Lv7: Qinggong +[14% of Inner Strength]."
"CombatSkill/Name/B301_8","Qi Lightness Lv8","was: Breath Control and Lightness Lv8 — 提氣輕身: one short name (was 4 variants incl. Qi Lifting Light Body)"
"CombatSkill/Desc/B301_8","Qi Lightness Lv8: Qinggong +[16% of Internal Force].","was: Boost Qi for Lightness Lv8: Based on [Inner strength 16%] to enhance [Qinggong]. — header matches name; consistent wording | ruled 20260912 (q04): was Qi Lightness Lv8: Qinggong +[16% of Inner Strength]."
"CombatSkill/Name/B301_9","Qi Lightness Lv9","was: Qi Lifting Light Body Lv9 — 提氣輕身: one short name (was 4 variants incl. Qi Lifting Light Body)"
"CombatSkill/Desc/B301_9","Qi Lightness Lv9: Qinggong +[18% of Internal Force].","was: Breath Control for Light Movement Lv9: Enhance Qinggong based on [Inner Strength 18%]. — header matches name; consistent wording | ruled 20260912 (q04): was Qi Lightness Lv9: Qinggong +[18% of Inner Strength]."
"CombatSkill/Desc/B4108_1","Beware of Hidden Weapons Lv1: 60% chance to block a hidden weapon attack; expires once it triggers.","was: Guard Against Hidden Weapons Lv1: There is a 60% chance to resist hidden weapon attacks. It becomes ineffective after successful activation. — header matches name; shorter"
"CombatSkill/Name/B4108_2","Beware of Hidden Weapons Lv2","was: Beware of Hidden Weapon Lv2 — plural like Lv1"
"CombatSkill/Desc/B4108_2","Beware of Hidden Weapons Lv2: 70% chance to block a hidden weapon attack; expires once it triggers.","was: Guard against Hidden Weapons Lv2: has a 70% chance to resist hidden weapon attacks; becomes ineffective after successful activation. — header matches name; shorter"
"CombatSkill/Name/B4108_3","Beware of Hidden Weapons Lv3","was: Beware of Hidden Weapon Lv3 — plural like Lv1"
"CombatSkill/Desc/B4108_3","Beware of Hidden Weapons Lv3: 80% chance to block a hidden weapon attack; expires once it triggers.","was: Guard Against Hidden Weapons Level 3: Has a 80% chance to resist hidden weapon attacks, and becomes ineffective after successful activation. — header matches name; shorter"
"CombatSkill/Desc/G002_1","Medical Skill Lv1: On Brace, heals 2% of max HP.\nClears 5 extra poison/paralysis buildup.","was: Medical Skill Level 1: When attacked, recover 2% of maximum health. Additionally metabolize 5 points of poison numbness accumulation value. — Brace term; 備揍 was 'when attacked/when hit'; keeps line break"
"CombatSkill/Desc/G002_2","Medical Skill Lv2: On Brace, heals 4% of max HP.\nClears 10 extra poison/paralysis buildup.","was: Medical Skill Lv2: When preparing to be hit, restore 4% of maximum health. Additionally, metabolize 10 points of poison numbness accumulation. — Brace term; 備揍 was 'when attacked/when hit'; keeps line break"
"CombatSkill/Desc/G002_3","Medical Skill Lv3: On Brace, heals 6% of max HP.\nClears 15 extra poison/paralysis buildup.","was: Medical Skill Level 3: When taking damage, recover 6% of maximum health. Extra processing of 15 points of poison and numbness accumulation. — Brace term; 備揍 was 'when attacked/when hit'; keeps line break"
"CombatSkill/Desc/G002_4","Medical Skill Lv4: On Brace, heals 8% of max HP.\nClears 20 extra poison/paralysis buildup.","was: Medical Skill Level 4: When attacked, recover 8% of maximum health based on maximum health. Extra metabolism of 20 points of poison and numbness accumulation value. — Brace term; 備揍 was 'when attacked/when hit'; keeps line break"
"CombatSkill/Desc/G002_5","Medical Skill Lv5: On Brace, heals 10% of max HP.\nClears 25 extra poison/paralysis buildup.","was: Medical Skill Lv5: When taking damage, restore 10% of maximum health. Additionally, metabolize 25 points of poison numbness accumulation value. — Brace term; 備揍 was 'when attacked/when hit'; keeps line break"
"CombatSkill/Desc/G002_6","Medical Skill Lv6: On Brace, heals 10% of max HP.\nClears 25 extra poison/paralysis buildup.","was: Medicine Skill Lv6: When hit, restore 10% of maximum HP. Extra metabolism of 25 points of poison accumulation value. — Brace term; 備揍 was 'when attacked/when hit'; keeps line break"
"CombatSkill/Desc/G002_7","Medical Skill Lv7: On Brace, heals 10% of max HP.\nClears 25 extra poison/paralysis buildup.","was: Medical Skill Lv7: When attacked, recover 10% of maximum health based on maximum health. Additionally, metabolize 25 points of poison accumulation. — Brace term; 備揍 was 'when attacked/when hit'; keeps line break"
"CombatSkill/Desc/G002_8","Medical Skill Lv8: On Brace, heals 10% of max HP.\nClears 25 extra poison/paralysis buildup.","was: Medical Skill Lv8: When attacked, recover 10% of maximum health based on maximum health. Additionally, metabolize 25 points of poison and numbness accumulation. — Brace term; 備揍 was 'when attacked/when hit'; keeps line break"
"CombatSkill/Desc/G002_9","Medical Skill Lv9: On Brace, heals 10% of max HP.\nClears 25 extra poison/paralysis buildup.","was: Medical Skill Level 9: When taking damage, restore 10% of maximum health. Additionally, metabolize 25 points of poison and numbness accumulation. — Brace term; 備揍 was 'when attacked/when hit'; keeps line break"
"CombatSkill/Name/G005_1","Flower Plucking Hand Lv1","was: Flower Folding Technique Lv1 — 折花手: one name (was Flower Folding Technique/Hand)"
"CombatSkill/Desc/G005_1","Flower Plucking Hand Lv1: On Brace, 5% chance to catch a hidden weapon.\nA catch inflicts 'Timidity' on the opponent.","was: Bending Flower Hand Lv1: When preparing to strike, there's a 5% chance to catch a hidden weapon. If the hidden weapon is caught successfully, the opponent is inflicted with 'Timidity'. — header matches name; Brace term; keeps line break"
"CombatSkill/Name/G005_2","Flower Plucking Hand Lv2","was: Flower Folding Hand Lv2 — 折花手: one name (was Flower Folding Technique/Hand)"
"CombatSkill/Desc/G005_2","Flower Plucking Hand Lv2: On Brace, 10% chance to catch a hidden weapon.\nA catch inflicts 'Timidity' on the opponent.","was: Bend Flower Hand Lv2: When preparing to take a beating, there is a 10% chance to catch a Hidden Weapon. If successful, the opponent is inflicted with 'Timidity'. — header matches name; Brace term; keeps line break"
"CombatSkill/Name/G005_3","Flower Plucking Hand Lv3","was: Flower Folding Technique Lv3 — 折花手: one name (was Flower Folding Technique/Hand)"
"CombatSkill/Desc/G005_3","Flower Plucking Hand Lv3: On Brace, 15% chance to catch a hidden weapon.\nA catch inflicts 'Timidity' on the opponent.","was: Bending Flower Hand Lv3: When preparing to take a beating, there is a 15% chance to catch a hidden weapon. If the hidden weapon is caught successfully, the opponent is inflicted with additional 'timidity'. — header matches name; Brace term; keeps line break"
"CombatSkill/Name/G005_4","Flower Plucking Hand Lv4","was: Flower Folding Technique Lv4 — 折花手: one name (was Flower Folding Technique/Hand)"
"CombatSkill/Desc/G005_4","Flower Plucking Hand Lv4: On Brace, 20% chance to catch a hidden weapon.\nA catch inflicts 'Timidity' on the opponent.","was: Zhehuashou Lv4: When attacked, there is a 20% chance to catch the Hidden Weapon. If the Hidden Weapon is caught successfully, the opponent will be inflicted with 'Timidity'. — header matches name; Brace term; keeps line break"
"CombatSkill/Name/G005_5","Flower Plucking Hand Lv5","was: Flower Folding Technique Lv5 — 折花手: one name (was Flower Folding Technique/Hand)"
"CombatSkill/Desc/G005_5","Flower Plucking Hand Lv5: On Brace, 25% chance to catch a hidden weapon.\nA catch inflicts 'Timidity' on the opponent.","was: Fold Flower Hand Lv5: When under attack, has a 25% chance to catch the hidden weapon. If the hidden weapon is successfully caught, the opponent will be inflicted with 'Timidity'. — header matches name; Brace term; keeps line break"
"CombatSkill/Desc/H003_1","Mind Battle Lv1: Start the duel with a 1-hit combo and 5 Qi.","was: Thought War Lv1: At the start of the duel, it defaults to having 1 consecutive hits and gains 5 Qi. — header matched name (was Thought War/Battle)"
"CombatSkill/Name/H003_2","Mind Battle Lv2","was: Thought Warfare Lv2 — was Thought Warfare; matches other levels"
"CombatSkill/Desc/H003_2","Mind Battle Lv2: Start the duel with a 2-hit combo and 10 Qi.","was: Thought Battle Lv2: At the start of the duel, it is assumed that there have already been 2 consecutive hits, and 10 Qi is gained. — header matched name (was Thought War/Battle)"
"CombatSkill/Desc/H003_3","Mind Battle Lv3: Start the duel with a 3-hit combo and 15 Qi.","was: Thought War Level 3: When the duel begins, it is considered to have already executed 3 consecutive hits and gains 15 Qi. — header matched name (was Thought War/Battle)"
"CombatSkill/Desc/H003_4","Mind Battle Lv4: Start the duel with a 4-hit combo and 20 Qi.","was: Thought War Level 4: When the duel begins, it automatically defaults to having 4 consecutive hits and gains 20 Qi. — header matched name (was Thought War/Battle)"
"CombatSkill/Desc/H003_5","Mind Battle Lv5: Start the duel with a 5-hit combo and 25 Qi.","was: Thought War Lv5: When the duel begins, automatically has 5 consecutive hits and gains 25 Qi. — header matched name (was Thought War/Battle)"
"CombatSkill/Desc/H005_1","Transcendence Lv1: Allies: Qi recovery +10, Qinggong +10%, Defense +10%.\nEnemies: Qi recovery -10, Qinggong -10%, Defense -10%.","was: Transcendence Level 1: My Side Recovery of Qi +10%, Qinggong +10%, Defense +10%; Enemy Side Recovery of Qi ‑10%, Qinggong ‑10%, Defense ‑10% — Qi recovery is +N not +N% (source); consistent wording"
"CombatSkill/Desc/H005_2","Transcendence Lv2: Allies: Qi recovery +20, Qinggong +20%, Defense +20%.\nEnemies: Qi recovery -20, Qinggong -20%, Defense -20%.","was: Transcendence Lv2: My side Recovery +20%, Qinggong +20%, Defense +20%; Enemy side Recovery ‑20%, Qinggong ‑20%, Defense ‑20% — Qi recovery is +N not +N% (source); consistent wording"
"CombatSkill/Desc/H005_3","Transcendence Lv3: Allies: Qi recovery +30, Qinggong +30%, Defense +30%.\nEnemies: Qi recovery -30, Qinggong -30%, Defense -30%.","was: Transcendence Level 3: Our energy recovery +30, lightness skill +30%, defense +30%. Enemy energy recovery ‑30, lightness skill ‑30%, defense ‑30%. — Qi recovery is +N not +N% (source); consistent wording"
"CombatSkill/Name/S101_1","Sect Fellowship Lv1","was: Brotherhood of the Same Sect Lv1 — 同門之情: shorter than Brotherhood of the Same Sect; desc said Fellow Disciple Affection"
"CombatSkill/Desc/S101_1","Sect Fellowship Lv1: Damage -25%, Qi -2 per round.","was: Fellow Disciple Affection Level 1: Damage Reduction 25%, Per Turn Qi ‑2 — header matches name; punctuation"
"CombatSkill/Name/S101_2","Sect Fellowship Lv2","was: Brotherhood of the Same Sect Lv2 — 同門之情: shorter than Brotherhood of the Same Sect; desc said Fellow Disciple Affection"
"CombatSkill/Desc/S101_2","Sect Fellowship Lv2: Damage -50%, Qi -4 per round.","was: Fellow Disciple Affection Level 2: Damage Reduction 50%, per round Qi ‑4 — header matches name; punctuation"
"CombatSkill/Name/S101_3","Sect Fellowship Lv3","was: Brotherhood of the Same Sect Lv3 — 同門之情: shorter than Brotherhood of the Same Sect; desc said Fellow Disciple Affection"
"CombatSkill/Desc/S101_3","Sect Fellowship Lv3: Damage -75%, Qi -6 per round.","was: Fellow Disciple Affection Level 3: Damage Reduction 75%, Energy ‑6 per Turn — header matches name; punctuation"
"CombatSkill/Desc/S106_1","Comprehension Lv1: Defense +20.","was: Master Lv1: Defense +20 — header matched name (was Master Lv1)"
"CombatSkill/Desc/S106_2","Comprehension Lv2: Defense +30, Qi +4 per round.","was: Level Up Lv2: Defense +30, Each Round Qi +4. — header matched name (was Level Up Lv2)"
"CombatSkill/Desc/S106_3","Comprehension Lv3: Defense +40, Qi +6 per round, crit dice +10.","was: Awakening Level 3: Defense +40, Stamina +6 per round, Critical Hit Dice +10. — header matched name (was Awakening Level 3) | glossary: crit dice"
"CombatSkill/Desc/S106_4","Comprehension Lv4: Defense +50, Qi +8 per round, crit dice +30, all damage +20%.","was: Insight Level 4: Defense +50, Stamina +8 per round, Critical Hit Dice +30, All Damage +20% — header matched name (was Insight Level 4) | glossary: crit dice"
"CombatSkill/Desc/S9102_1","Iron Pipa Skill Lv1: Bracing against an enemy Stab deals enemy Qi -3.\nRealm 2+: attacks deal Qi -3.\nRealm 3+: attacks and Brace have a 50% chance to add [Shock].","was: Iron Pipa Skill Lv1: When the enemy uses a stabbing attack and successfully hits, reduce the enemy's strength by ‑3. Above level two, attacks reduce strength by ‑3. Above level three, defense has a 50% chance to add [Shaking]. — strength/qi/stamina and [Shaking]/[Shock] unified; Realm/Brace terms"
"CombatSkill/Desc/S9102_2","Iron Pipa Skill Lv2: Bracing against an enemy Stab deals enemy Qi -4.\nRealm 2+: attacks deal Qi -4.\nRealm 3+: attacks and Brace have a 60% chance to add [Shock].","was: Iron Pipa Skill Lv2: When the enemy uses a stab and the attack is successful, reduce the enemy's strength by ‑4. Level 2 and above, attacks reduce the enemy's strength by ‑4. Level 3 and above, attacks and defense have a 60% chance to trigger [Shock]. — strength/qi/stamina and [Shaking]/[Shock] unified; Realm/Brace terms"
"CombatSkill/Desc/S9102_3","Iron Pipa Skill Lv3: Bracing against an enemy Stab deals enemy Qi -5.\nRealm 2+: attacks deal Qi -5.\nRealm 3+: attacks and Brace have a 70% chance to add [Shock].","was: Iron Pipa Skill Lv3: When the enemy uses a stab and the attack is successful, reduce the enemy's qi by ‑5. At Level 2 or higher, attacks reduce the enemy's qi by ‑5. At Level 3 or higher, during attack and defense, there is a 70% chance to add [Shaking]. — strength/qi/stamina and [Shaking]/[Shock] unified; Realm/Brace terms"
"CombatSkill/Desc/S9102_4","Iron Pipa Skill Lv4: Bracing against an enemy Stab deals enemy Qi -6.\nRealm 2+: attacks deal Qi -6.\nRealm 3+: attacks and Brace have a 80% chance to add [Shock].","was: Iron Pipa Skill Lv4: When the enemy uses a stab and the strike is successful, it causes the enemy's stamina to decrease by ‑6. Level 2 and above, attacks cause stamina to decrease by ‑6. Level 3 and above, attacks and defense have a 80% chance to add [Shaking]. — strength/qi/stamina and [Shaking]/[Shock] unified; Realm/Brace terms"
"CombatSkill/Desc/S9102_5","Iron Pipa Skill Lv5: Bracing against an enemy Stab deals enemy Qi -7.\nRealm 2+: attacks deal Qi -7.\nRealm 3+: attacks and Brace have a 90% chance to add [Shock].","was: Iron Pipa Skill Level 5: When the enemy uses a stab and successfully hits, reduce the enemy's qi by ‑7. At Realm 2 and above, attacks reduce the enemy's qi by ‑7. At Realm 3 and above, during attack and defense, there is a 90% chance to add [Shaking]. — strength/qi/stamina and [Shaking]/[Shock] unified; Realm/Brace terms"
"CombatSkill/Name/S9104_1","Nangong Heart Guard Lv1","was: Nangong Heart Protection Technique Lv1 — 南宮護心訣: shorter than Nangong Heart Protection Technique; desc said Guardian Heart Decree"
"CombatSkill/Desc/S9104_1","Nangong Heart Guard Lv1: Survives a fatal blow and restores 20 Qi.","was: Nangong Guardian Heart Decree Lv1: Can withstand fatal attacks, restore 20 vitality. — header matches name; vitality/strength -> Qi"
"CombatSkill/Name/S9104_2","Nangong Heart Guard Lv2","was: Nangong Heart Protection Technique Lv2 — 南宮護心訣: shorter than Nangong Heart Protection Technique; desc said Guardian Heart Decree"
"CombatSkill/Desc/S9104_2","Nangong Heart Guard Lv2: Survives a fatal blow and restores 30 Qi.","was: Nangong Heart Protection Decree Lv2: Can withstand fatal attacks, restore 30 vitality. — header matches name; vitality/strength -> Qi"
"CombatSkill/Name/S9104_3","Nangong Heart Guard Lv3","was: Nangong Heart Protection Technique Lv3 — 南宮護心訣: shorter than Nangong Heart Protection Technique; desc said Guardian Heart Decree"
"CombatSkill/Desc/S9104_3","Nangong Heart Guard Lv3: Survives a fatal blow and restores 40 Qi.","was: Nangong Heart Protection Decree Lv3: Can defend against fatal attacks, restore 40 strength. — header matches name; vitality/strength -> Qi"
"CombatSkill/Desc/S2105_1_1","Ruyi Realm Lv1: Fist and Palm +10%.","was: Wish Realm Level 1: Enhance own fist and palm by 10%. — header matched name (was Wish Realm/Ruyijing)"
"CombatSkill/Desc/S2105_2_1","Ruyi Realm Lv2: Fist and Palm +20%.","was: Ruyijing Level 2: Self fist and palm increase by 20%. — header matched name (was Wish Realm/Ruyijing)"
"CombatSkill/Desc/S2105_3_1","Ruyi Realm Lv3: Fist and Palm +30%.","was: Ruyijing Lv3: Self Fist and Palm Enhancement 30% — header matched name (was Wish Realm/Ruyijing)"
"CombatSkill/Desc/S2105_4_1","Ruyi Realm Lv4: Fist and Palm +40%.","was: Ruyijing Level 4: Self Fist and Palm Enhance 40% — header matched name (was Wish Realm/Ruyijing)"
"CombatSkill/Desc/S2105_5_1","Ruyi Realm Lv5: Fist and Palm +50%.","was: Ruyijing Level 5: Self's fist and palm enhance by 50%. — header matched name (was Wish Realm/Ruyijing)"
"CombatSkill/Desc/S707_2","Heartburn Seal Lv2: While Yang, each round adds 50 poison buildup and extra Qi +10. (Stronger at Greater Yang)","was: Heartburn Seal Lv2: When the attribute is Yang, each round increases 50 poison accumulation value, additional effect +10. (Effect is enhanced during Greater Yang) — Lv2 said 'additional effect +10'; buildup term"
"CombatSkill/Name/D101","Poison Lv1","was: Poisoning Lv1 — matches the poison buildup tooltip 'Poison LvN' (was Poisoning/Poisoned)"
"CombatSkill/Desc/D101","Poison Lv1: Lose 5% HP each round.","was: Poison Level 1: Lose 5% of health each round. — header matches name; blood -> HP"
"CombatSkill/Name/D102","Poison Lv2","was: Poisoned Lv2 — matches the poison buildup tooltip 'Poison LvN' (was Poisoning/Poisoned)"
"CombatSkill/Desc/D102","Poison Lv2: Lose 10% HP and 3% Qi each round.","was: Poisoned Lv2: Each round loses 10% of blood and 3% of Qi. — header matches name; blood -> HP"
"CombatSkill/Name/D103","Poison Lv3","was: Poisoned Lv3 — matches the poison buildup tooltip 'Poison LvN' (was Poisoning/Poisoned)"
"CombatSkill/Desc/D103","Poison Lv3: Lose 50% HP at the end of the round.","was: Poisoned Level 3: After the turn ends, 50% of health is lost. — header matches name; blood -> HP"
"CombatSkill/Desc/D201","Paralysis Lv1: Mouth Power and Qinggong -10%; 20% chance actions fail.","was: Paralysis Lv1: Mouth Power, Qinggong ‑10%, 20% chance of Action Failure. — Verbal Power term; sentence form | glossary: 嘴力 = Mouth Power (stat label)"
"CombatSkill/Desc/D202","Paralysis Lv2: Mouth Power, Qinggong, Attack and Defense -15%; 40% chance actions fail.","was: Paralysis Lv2: Mouth Power, Qinggong, Attack, Defense ‑15%, 40% chance of action failure. — Verbal Power term; sentence form | glossary: Mouth Power"
"CombatSkill/Desc/D203","Paralysis Lv3: Actions always fail; damage taken x3.","was: Paralysis Lv3: 100% chance of action failure, damage taken is multiplied by 3. — shorter"
"CombatSkill/Desc/D301_1","Internal Injury Lv1: Spending Qi costs the same amount of HP.","was: Internal Injury Lv1: Consuming Qi will also damage an equivalent amount of blood. — blood -> HP; consistent wording"
"CombatSkill/Desc/D301_2","Internal Injury Lv2: Spending Qi costs the same amount of HP.","was: Internal Injury Lv2: Consuming Qi will also cause damage to an equivalent amount of blood. — blood -> HP; consistent wording"
"CombatSkill/Desc/D301_3","Internal Injury Lv3: Spending Qi costs the same amount of HP.","was: Internal Injury Lv3: Consuming Qi will also damage the same amount of blood. — blood -> HP; consistent wording"
"CombatSkill/Name/B006_1","Enhanced Defense I","was: Reinforced Defense (One) — was Reinforced Defense (One)/Enhanced Defense (II)/(Three)"
"CombatSkill/Desc/B006_1","Enhanced Defense I: Damage reduction +5%.","was: Reinforced Defense (One): Damage Reduction 5% — header matches name"
"CombatSkill/Name/B006_2","Enhanced Defense II","was: Enhanced Defense (II) — was Reinforced Defense (One)/Enhanced Defense (II)/(Three)"
"CombatSkill/Desc/B006_2","Enhanced Defense II: Damage reduction +10%.","was: Enhanced Defense (II): Damage Reduction 10% — header matches name"
"CombatSkill/Name/B006_3","Enhanced Defense III","was: Enhanced Defense (Three) — was Reinforced Defense (One)/Enhanced Defense (II)/(Three)"
"CombatSkill/Desc/B006_3","Enhanced Defense III: Damage reduction +20%.","was: Enhanced Defense (Three): Damage Reduction 20% — header matches name"
"CombatSkill/Desc/B007_1","Frenzy Lv1: Damage dealt and taken double each round.","was: Rage Level 1: Damage doubles each round, taking damage also doubles. — header matched name (was Rage Level 1)"
"CombatSkill/Desc/B007_2","Frenzy Lv1: Damage dealt and taken double each round.","was: Rage Level 1: Damage doubles each round, taking damage also doubles. — header matched name (was Rage Level 1)"
"CombatSkill/Desc/T001","Power of Tang Clan: All enemy stats -50%. Allies' hit rate +80%, damage reduction +30%.","was: Tang Clan's power: Enemy's total value ‑50%. Our accuracy +80%, damage reduction +30%. — header matches name; 'total value' -> stats"
"CombatSkill/Name/A001","Sealed","was: Sealing — status name; desc 'Cannot use Ultimate'"
"CombatSkill/Desc/A001","Sealed: Cannot use Ultimate.","was: Sealing: Cannot use Ultimate — punctuation"
"CombatSkill/Name/A002","Frenzied Attack","was: Crazy Attack — was Crazy Attack"
"CombatSkill/Desc/A002","Frenzied Attack: Can only Stab.","was: Crazy Attack: Only employs stabbing — Stab term; punctuation"
"CombatSkill/Desc/A004","One-Handed: Fights you one-handed; does not act on odd-numbered rounds.","was: One‑Handed: If the opponent engages you with a single‑handed technique, you cannot act in the odd‑numbered rounds. — shorter, no wrong 'you cannot act'"
"CombatSkill/Name/A005","Scattering Coins","was: Throwing money around — was 'Throwing money around' (sentence-style name)"
"CombatSkill/Desc/A005","Scattering Coins: Eldest Senior Brother throws copper coins when hit by physical attacks.","was: Throwing money around: Master Brother will throw out copper coins when subjected to physical attacks. — header matches name"
"CombatSkill/Desc/A009","Arrogance: All damage +50%, damage taken +10%.","was: Arrogance: All damage increased by 50%, damage taken increased by 10% — stat form, punctuation"
"CombatSkill/Desc/A010","Restraint: Afraid of breaking the furniture, holds back; all damage -30%.","was: Restraint: Worried that the action would be too forceful and break the furniture, they had to restrain themselves, resulting in all damage ‑30%. — shorter"
"CombatSkill/Name/A011","Held in Check","was: Restraining technique — 牽制; was 'Restraining technique' vs desc 'Restrained'"
"CombatSkill/Desc/A011","Held in Check: Pinned down by Eldest Senior Brother; can only act on odd-numbered rounds.","was: Restrained: Under the restraint of Senior Brother, they can only act during odd‑numbered rounds. — header matches name"
"CombatSkill/Desc/A014","Gentleman's Style: When Cultivation, Personality and Worldliness are all Moderate, final damage +20% and damage reduction +20%.","was: Cultured Virtue: When cultivation, temperament, and worldliness are all at the moderate level, it ultimately reduces damage by 0% and damage mitigation by 1%. — wrong numbers (0%/1%) and header; stat names as in Attributes panel"
"CombatSkill/Desc/B001","Anger: Damage x1.5; can only Stab, with a 50% chance to miss.","was: Anger: Damage increased by 1.5 times, cannot take any commands other than stabbing someone, and has a 50% chance to miss. — shorter; Stab term"
"CombatSkill/Name/B002","Block the Final Strike","was: Block the final strike — Title Case"
"CombatSkill/Desc/B002","Block the Final Strike","was: Block the final strike — Title Case"
"CombatSkill/Name/B004","Strike Before Thought","was: Focus on intention first — 發在意先; was 'Focus on intention first'"
"CombatSkill/Desc/B004","Strike Before Thought: The highest realm of martial arts is to act before the thought forms. Put plainly, hitting before thinking it through. Always strikes first.","was: The highest realm of martial arts is to act before thinking. In essence, it means 'striking before thinking clearly.' It's a preemptive attack. — header matches name; preemptive -> strikes first"
"CombatSkill/Desc/B005","Extra Hidden Weapon: Stab and Hidden Weapon also perform 'Hidden Weapon'.","was: Extra Hidden Weapon: When using a stabbing action or a hidden weapon action, perform 'Hidden Weapon'. — Stab term, shorter"
"CombatSkill/Name/B008","Airborne","was: Soaring into the Sky — 騰空; was 'Soaring into the Sky' (long for the buff bar)"
"CombatSkill/Desc/B008","Airborne: Ultimate becomes [Pursuit], costing little Qi and dealing multi-hit damage.\nBrace becomes [Withdraw Stance].","was: Soaring into the Sky: Ultimate changes to [Pursuit], consumes a small amount of Qi, causing multi‑segment damage. Preparation changes to [Recoiling]. — header matches name; Brace/Withdraw Stance terms (14_combat); keeps line break"
"CombatSkill/Name/B0019","Pauldron","was: Scapula — 肩甲; was Scapula (the bone) | glossary: 肩甲 = Pauldron (as PlayerTalent/Name/0019)"
"CombatSkill/Desc/B0019","Pauldron: Defense +20%, Qinggong -10%.","was: Shoulder Armor: Defense +20%, Qinggong ‑10% — header matches name; punctuation | glossary: Pauldron"
"CombatSkill/Name/B0020","Deluxe Pauldron","was: Luxurious Shoulder Armor — matches Shoulder Guard | glossary: Pauldron"
"CombatSkill/Desc/B0020","Deluxe Pauldron: Defense +40%, Qinggong -20%.","was: Luxurious Shoulder Armor: Defense +40%, Qinggong ‑20% — header matches name; punctuation | glossary: Pauldron"
"CombatSkill/Name/B0021","Ultimate Pauldron","was: Ultimate Shoulder Armor — matches Shoulder Guard | glossary: Pauldron"
"CombatSkill/Desc/B0021","Ultimate Pauldron: Defense +60%, Qinggong -30%; attacking deals moderate damage to yourself.","was: Ultimate Shoulder Armor: Defense +60%, Qinggong ‑30%, when taking an attack action, the user takes moderate damage. — header matches name; shorter | glossary: Pauldron"
"CombatSkill/Name/B0025","Master's Demeanor","was: Master's demeanor — Title Case"
"CombatSkill/Desc/B0025","Master's Demeanor: Qi per round increased based on Cultivation.","was: Master's Demeanor: Increase each round's strength based on cultivation. — Qi term"
"CombatSkill/Name/B0026","No Scruples","was: There are no limits to being a person. — 做人沒有下限; was a full sentence"
"CombatSkill/Desc/B0026","No Scruples: The lower your morality, the more crit dice.","was: There are no limits to being a person: The lower the morality, the more critical hit dice. — header matches name | glossary: crit dice"
"CombatSkill/Name/B211_1","Jujube-Pit Dart Lv1","was: Nuclear Jujube Nail Lv1 — 核棗釘 = Jujube-Pit Dart (14_combat); was Nuclear Jujube Nail"
"CombatSkill/Desc/B211_1","Jujube-Pit Dart Lv1: Verbal Attack becomes 'Jujube-Pit Dart', a verbal attack with hidden weapon power.","was: Nuclear Date Nail Lv1: Mouth attack command changes to 'Nuclear Date Nail', launch a mouth attack with the power of a hidden weapon. — header matches name; Verbal Attack term"
"CombatSkill/Name/B212","Jujube-Pit Dart","was: Nuclear Date Nail — core term; was Nuclear Date Nail"
"CombatSkill/Desc/B212","Jujube-Pit Dart: When the countdown ends, deals heavy damage to the enemy.","was: Nuclear Date Nail: After the round countdown ends, inflict significant damage on the enemy. — header matches name"
"CombatSkill/Desc/B221_1","Refined Poison Lv1: Hidden weapon buildup +20%.","was: Purified Poison Level 1: Hidden Weapon Accumulation Value Increased by 20% — header matched name (was Purified Poison Level 1); buildup term | glossary: 粹毒 = Refined Poison (as PlayerTalent/Name/2020)"
"CombatSkill/Name/B231_1","Lime Powder","was: Lime powder — Title Case (action name in 14_combat)"
"CombatSkill/Desc/B231_1","Lime Powder: Brace becomes 'Lime Powder'; on use, inflicts 'Blindness' on the enemy.","was: Lime powder: The defense command changes to Lime powder, causing the enemy to be in a Blindness status effect upon activation. — Brace term; shorter"
"CombatSkill/Desc/B232_1","Blindness: All active attacks have an extra 50% chance to miss.","was: Blindness: All active attacks have an additional 50% chance of missing. — shorter"
"CombatSkill/Name/B302_1","Thousand Li Without a Trace","was: A journey of a thousand miles leaves no trace. — 千里不留行; was a full sentence"
"CombatSkill/Desc/B302_1","Thousand Li Without a Trace: Qinggong, Internal Force and starting Qi +50% of Blade and Sword.","was: A journey of a thousand miles leaves no trace: Enhance Qinggong, inner strength, and initial Qi based on 50% of blade and sword. — header matches name | ruled 20260912 (q04): was Thousand Li Without a Trace: Qinggong, Inner Strength and st"
"CombatSkill/Name/B303_1","Flowing Clouds and Water","was: Flowing Clouds and Flowing Water — 行雲流水; shorter"
"CombatSkill/Desc/B303_1","Flowing Clouds and Water: Stab becomes [Pursuit], adding extra damage of [Qinggong%].","was: Flowing Clouds and Flowing Water: The stab command changes to [Pursuit], adding extra [Qinggong%] damage. — header matches name; Stab term"
"CombatSkill/Name/B4018_1","Tattered Cotton Skill","was: Defeated Threads Skill — 敗絮功 (rotten cotton wadding); was Defeated Threads Skill"
"CombatSkill/Desc/B4018_1","Tattered Cotton Skill: Below Realm 1, spends a little Qi when attacked to reduce damage by 10%.\nRealm 1+, spends all Qi when hit by an Ultimate to dodge it and unbalance the enemy.\nNo effect while you have [Imbalance].","was: Defeated Threads Skill: Below realm one, when attacked, consumes a small amount of Qi to reduce 10% damage. Above realm one, when attacked by an Ultimate move, automatically consumes all Qi to evade the attack and cause the enemy to become Imbalanced. Ineffectual if the user has the [Imbalance] status. — header matches name; Realm term; keeps line breaks"
"CombatSkill/Name/B4100","Arrow from the Dark","was: A hidden arrow injures a person — 暗箭傷人; was a full sentence"
"CombatSkill/Desc/B4100","Arrow from the Dark: No martial virtue. Fires a hidden weapon as the duel starts, dealing damage with a chance to enrage the opponent.","was: A hidden arrow injures a person: unethical in combat, at the start of a duel, suddenly firing a hidden weapon to cause harm, and has a chance to anger the opponent. — header matches name"
"CombatSkill/Desc/B4103","Bluffing: At the start of the duel, Qi -10, Mouth Power +100%.","was: Bluffing: When the duel begins, energy ‑10, Mouth Power increases by 100%. — Qi/Verbal Power terms | glossary: Mouth Power"
"CombatSkill/Desc/B4104","Perseverance: Survives a fatal blow with 10% HP.","was: Perseverance: Survive with 10% health when suffering a fatal attack. — shorter; HP term"
"CombatSkill/Name/B4109","Head-On","was: Face challenges head‑on — 迎難而上; was 'Face challenges head-on'"
"CombatSkill/Desc/B4109","Head-On: Stab is not interrupted by hidden weapons.","was: Face challenges head‑on: Stabbing someone will not be hindered by hidden weapons in taking action. — header matches name; Stab term"
"CombatSkill/Desc/D005","Timidity: Qi does not recover naturally each round.","was: Timidity: Cannot naturally recover stamina each round — Qi term; punctuation"
"CombatSkill/Desc/D005_1","Timidity: Qi does not recover naturally each round.","was: Timidity: Cannot naturally recover stamina each round — Qi term; punctuation"
"CombatSkill/Name/D011","Fright","was: Shock — 驚嚇; was Shock, same as D012 震撼"
"CombatSkill/Desc/D011","Fright","was: Shock — matches name"
"CombatSkill/Desc/D012","Shock: Defense -50%, damage taken x1.5.","was: Shock: Defense ‑50%, take 1.5x damage — punctuation"
"CombatSkill/Name/D014","Immobilized","was: Body Fixation — 定身; was Body Fixation"
"CombatSkill/Desc/D014","Immobilized: Cannot act at all; damage taken greatly increased.","was: Body Fixation: Completely lose the ability to move, and the damage taken increases significantly. — header matches name"
"CombatSkill/Name/D015","Sealed Acupoints","was: Acupoint striking — 點穴 (as a status); was 'Acupoint striking'"
"CombatSkill/Desc/D015","Sealed Acupoints: Hard to inflict but very powerful; the target cannot act.","was: Acupoint striking: a difficult‑to‑achieve but extremely powerful abnormal state that causes immobility. — header matches name"
"CombatSkill/Name/D016","Disruption","was: Disturbance — 擾亂; noun like Blindness/Imbalance"
"CombatSkill/Desc/D016","Disruption: Cannot act this round.","was: Disturbance: Unable to take action during the turn. — header matches name"
"CombatSkill/Desc/D017","Imbalance: Qinggong -50%.","was: Imbalance: Qinggong ‑50% — punctuation"
"CombatSkill/Desc/D019","Exhaustion: Damage -90%.","was: Exhaustion: Damage ‑90% per round — punctuation, shorter"
"CombatSkill/Name/D021","Pulling Punches","was: Hesitant to harm the rat, fearing damage to the instrument. — 投鼠忌器; was a long sentence"
"CombatSkill/Desc/D021","Pulling Punches: Wary at heart, dares not fight back.","was: Hesitant to harm the rat, fearing damage to the instrument: heart holds restraint, dare not resist. — header matches name"
"CombatSkill/Name/D022","Pulling Punches","was: Hesitant to harm the rat, fearing damage to the instrument. — 投鼠忌器; was a long sentence"
"CombatSkill/Desc/D022","Pulling Punches: Second Senior Brother fears damaging the precious medicines in the alchemy room and dares not go all out. [Ultimate Sealed]","was: Hesitant to harm the rat, fearing damage to the instrument: Second Senior Brother was afraid of damaging the precious medicinal herbs in the alchemy room, so he dared not use his full strength. [Ultimate Sealing] — header matches name"
"CombatSkill/Name/D023","Guttering Lamp","was: Out of oil, the lamp is extinguished — 油盡燈枯; was a full sentence"
"CombatSkill/Desc/D023","Guttering Lamp: Forcing up qi to hold on, but not for long. [Ultimate Sealed]","was: Out of oil, the lamp is extinguished: Straining to hold one's breath and resist forcefully, life is not long. [Ultimate Sealing] — header matches name"
"CombatSkill/Name/D024","Broken Form","was: Breaking of skills — 破功; was 'Breaking of skills'"
"CombatSkill/Desc/D024","Broken Form: Qinggong -50%.","was: Breaking of skills: Qinggong ‑50% — header matches name; punctuation"
"CombatSkill/Name/D025","Stomachache","was: Abdominal pain — 腹痛; was 'Abdominal pain'"
"CombatSkill/Desc/D025","Stomachache: Any stir of true qi speeds the medicine along. An ominous rumble from behind; things are about to get out of hand! High chance of actions failing.","was: Abdominal pain: Moving the true qi will catalyze the medicine's potency. The buttocks experience an unusual sound, and the situation is about to spiral out of control! High probability of causing action failure. — header matches name; shorter"
"CombatSkill/Name/D026","Holding Back","was: Conserve energy and not act — 留力不發; was 'Conserve energy and not act'"
"CombatSkill/Desc/D026","Holding Back: Internal Force halved; cannot use Ultimate.","was: Conserve energy and not act: inner strength reduced by half, cannot use the ultimate move. — header matches name | ruled 20260912 (q04): was Holding Back: Inner Strength halved; cannot use Ultimate."
"CombatSkill/Desc/D027","Laziness: Arrogant and idle since becoming Sect Leader; Ultimate hits deal heavy Qi damage and add [Shock].","was: Laziness: After becoming a Master, one may become arrogant and indulge in leisure, suffering significant Qi damage when attacked by an Ultimate move, and experiencing additional [Shock]. — shorter; 掌派人 = Sect Leader"
"CombatSkill/Desc/D029","Fracture: Damage -50%.","was: Fracture: Damage reduced by 50% — punctuation"
"CombatSkill/Name/D030_1","Sparring Courtesy","was: To the point — 點到為止; was 'To the point'"
"CombatSkill/Desc/D030_1","Sparring Courtesy: Will not use Ultimate while the enemy is below 30% HP.","was: To the point: If the enemy's health is below 30%, they will not use Ultimate. — header matches name; HP term"
"CombatSkill/Desc/D302","Burning: Lose 7% HP each round.","was: Burning: Deals 7% damage per round — HP term, matches Poison wording"
"CombatSkill/Name/C013","Tang Clan Female Disciple","was: Tang Clan female disciple — Title Case (as in 14_combat)"
"CombatSkill/Name/C015","Tang Clan Female Disciple","was: Tang Clan female disciple — Title Case (as in 14_combat)"
"CombatSkill/Name/C019","Tang Clan Female Disciple","was: Tang Clan female disciple — Title Case (as in 14_combat)"
"CombatSkill/Name/C160","Tang Clan Female Disciple","was: Tang Clan female disciple — Title Case (as in 14_combat)"
"CombatSkill/Name/C161","Tang Clan Female Disciple","was: Tang Clan female disciple — Title Case (as in 14_combat)"
"CombatSkill/Name/C162","Tang Clan Female Disciple","was: Tang Clan female disciple — Title Case (as in 14_combat)"
"CombatSkill/Name/C163","Tang Clan Female Disciple","was: Tang Clan female disciple — Title Case (as in 14_combat)"
"CombatSkill/Name/C174_1","Tang Clan Female Disciple","was: Tang Clan female disciple — Title Case (as in 14_combat)"
"CombatSkill/Name/C174_2","Tang Clan Female Disciple","was: Tang Clan female disciple — Title Case (as in 14_combat)"
"CombatSkill/Name/C175_1","Tang Clan Female Disciple","was: Tang Clan female disciple — Title Case (as in 14_combat)"
"CombatSkill/Name/C175_2","Tang Clan Female Disciple","was: Tang Clan female disciple — Title Case (as in 14_combat)"
"CombatSkill/Desc/C012_1","Xin Ru's 'Tang Clan Hidden Weapon General Principles': 25% chance of minor damage that interrupts the enemy's action.","was: Xin Ru's 'Tang Clan Hidden Weapon General Principles': 25% causes minor damage and interrupts the enemy's action. — grammar ('25% causes')"
"CombatSkill/Desc/C170","Tang Clan Disciple 'Tang Clan Poison Classic': Each hit adds minor poison and paralysis buildup.","was: Tang Clan Poison Classic: Each time it inflicts minor poison, causing numbness that accumulates over time. — missing character header; buildup term"
"CombatSkill/Desc/C171","Tang Clan Disciple 'Tang Clan Poison Classic': Each hit adds minor poison and paralysis buildup.","was: Tang Clan Poison Classic: Each time it inflicts minor poison, causing numbness that accumulates over time. — missing character header; buildup term"
"CombatSkill/Desc/C172","Tang Clan Disciple 'Tang Clan Poison Classic': Each hit adds minor poison and paralysis buildup.","was: Tang Clan Poison Classic: Each time it inflicts minor poison, causing numbness that accumulates over time. — missing character header; buildup term"
"CombatSkill/Desc/C009","Tang Sheng's 'The World in the Sleeve': 1 moderate attack per round and 1 powerful attack every 6 rounds.","was: Tang Sheng's 'The World in the Sleeve': Initiates 1 medium attacks per round, initiates 1 powerful attacks every 6 rounds. — grammar ('1 medium attacks')"
"CombatSkill/Desc/C014","Tang Sheng's 'The World in the Sleeve': 1 moderate attack per round and 1 powerful attack every 6 rounds.","was: Tang Sheng's 'The World in the Sleeve': Initiates 1 medium attacks per round, initiates 1 powerful attacks every 6 rounds. — grammar ('1 medium attacks')"
"CombatSkill/Desc/C010","Tang Zheng: Every 6 rounds, inflicts a huge amount of poison buildup on the enemy.","was: Tang Zheng: Every 6 round, cause the enemy to accumulate a large amount of poison. — grammar ('Every 6 round')"
"CombatSkill/Name/C016","Strength in Numbers","was: Many people, great power — 人多勢眾; was 'Many people, great power'"
"CombatSkill/Desc/C016","Strength in Numbers: When defeated, someone else steps in to persuade you.","was: Many people, great power: When defeated, another person can persuade you. — header matches name"
"CombatSkill/Name/C017_1","Constable","was: Official constable — 官差; was 'Official constable'"
"CombatSkill/Name/C017_2","Constable","was: Official constable — 官差; was 'Official constable'"
"CombatSkill/Name/C017_3","Constable","was: Official constable — 官差; was 'Official constable'"
"CombatSkill/Name/C018","Constable","was: Official constable — 官差; was 'Official constable'"
"CombatSkill/Desc/C017_1","Constable 'Constable's Quick Blade': Each round, 1/2 chance of minor damage.","was: Official constable 'Supplemental Quick Blade Art': Each round has a 1/2 chance to deal minor damage. — header matches name; 補快刀法 (捕快)"
"CombatSkill/Desc/C017_2","Constable 'Constable's Quick Blade': Each round, 1/2 chance of minor damage.","was: Official constable 'Supplemental Quick Blade Art': Each round has a 1/2 chance to deal minor damage. — header matches name; 補快刀法 (捕快)"
"CombatSkill/Desc/C017_3","Constable 'Constable's Quick Blade': Each round, 1/2 chance of minor damage.","was: Official constable 'Supplemental Quick Blade Art': Each round has a 1/2 chance to deal minor damage. — header matches name; 補快刀法 (捕快)"
"CombatSkill/Desc/C018","Constable: When defeated, another constable takes the field.","was: Official constable: When defeated, eliminate an official constable and replace them on the battlefield. — header matches name; clearer"
"CombatSkill/Name/C202","Diancang Disciple","was: Dian Cang Disciple — Diancang (glossary), one word"
"CombatSkill/Name/C221","Diancang Disciple","was: Dian Cang Disciple — Diancang (glossary), one word"
"CombatSkill/Name/C518","Diancang Disciple","was: Dian Cang Disciple — Diancang (glossary), one word"
"CombatSkill/Desc/C221","Diancang Disciple 'Dianpo Yunguang': Every three rounds, a heavy hit boosted by your combo count.","was: Diancang disciple 'Dianpo Yunguang': Every three rounds, unleash 1 times of significant damage, with damage increased based on our combo count. — grammar ('1 times'); casing"
"CombatSkill/Name/C204","Beggar Sect Disciple","was: Beggar Sect disciple — Title Case (as in 14_combat)"
"CombatSkill/Name/C212","Beggar Sect Disciple","was: Beggar Sect disciple — Title Case (as in 14_combat)"
"CombatSkill/Name/C510","Beggar Sect Disciple","was: Beggar Sect disciple — Title Case (as in 14_combat)"
"CombatSkill/Name/C205","Flying Stone Gang Disciple","was: Disciple of Flying Stone Gang — was 'Disciple of Flying Stone Gang'; same form as the others"
"CombatSkill/Desc/C210","Lingnan Hero: 1 moderate attack per round and 1 heavy attack every 5 rounds.","was: Lingnan Hero: Initiates 1 medium attacks per round, and 1 heavy attacks every 5 rounds. — grammar ('1 medium attacks')"
"CombatSkill/Name/C241","Quanzhen Disciples","was: Quanzhen Disciples multitude — was 'Quanzhen Disciples multitude'"
"CombatSkill/Name/C251","Cang Gang Disciple","was: Cang Gang disciple — Title Case"
"CombatSkill/Name/C251_2","Cang Gang Disciple","was: Cang Gang disciple — Title Case"
"CombatSkill/Name/C251_3","Cang Gang Disciple","was: Cang Gang disciple — Title Case"
"CombatSkill/Name/C251_4","Cang Gang Disciple","was: Cang Gang disciple — Title Case"
"CombatSkill/Desc/C504","Flying Heaven Disciple 'Head': With someone in command it gets smarter; Mouth Power +30.","was: Head of the Flying Sky Disciple: With command, it becomes smart, Mouth Power +30. — header order; Verbal Power term | glossary: Mouth Power"
"CombatSkill/Name/C505","Soul-Stealing Disciple","was: Soul‑stealer Disciple — casing of the hyphenated name | ruled 20260912 (q15): was Soul-Stealer Disciple"
"CombatSkill/Desc/C505","Soul-Stealing Disciple 'Feet and Legs': Baffles you with ghostly footwork; Qinggong +30.","was: Soul‑Stealer Disciple's feet and legs: use the elusive agility to confuse you, Qinggong +30. — header order; casing | ruled 20260912 (q15): was Soul-Stealer Disciple 'Feet and Legs': Baffles you with ghos"
"CombatSkill/Name/C506","???","was: ？？？ — full-width ？？？ -> ASCII"
"CombatSkill/Desc/C506","??? 'Young Swordsman in White': Draws all attacks.","was: White Robe Sword Youth: Draw All Attacks — missing name header; punctuation | glossary: 縞衣劍少 = Young Swordsman in White (CharacterTitle/special999)"
"CombatSkill/Name/C511","Ambidextrous","was: Shooting an arrow with both hands — 左右開弓; was 'Shooting an arrow with both hands'"
"CombatSkill/Desc/C511","Ambidextrous: Divided attention; the left hand hits you, the right hand beats Nangong Qian.","was: Shooting an arrow with both hands: splitting attention, left hand hits you, right hand beats Nangong Qian. — header matches name"
"CombatSkill/Desc/C517","Ye Yunshang's Diancang Staff Technique: Once per round, minor damage with a very low hit rate. While Ye Yunshang is on the field, all Diancang disciples' Attack -50%.","was: Ye Yunshang's Diancang Staff Technique: Once per round, deals minor damage with a low accuracy rate. When Ye Yunshang is on the field, all Diancang disciples' attack power increases by ‑50%. — 'increases by -50%'"
"CombatSkill/Desc/C520","Xiahou Lan's 'Overwhelming Pressure': Seals the enemy's Ultimate and Verbal Attack.","was: Xiahou Lan's Overwhelming Pressure: Sealing the enemy's ultimate move with a verbal attack. — mistranslation ('sealing ... with a verbal attack')"
"CombatSkill/Desc/C532","Jing Hong's 'Hong Kui Zhe Yu Tu Zi': Every 2 rounds, 50% chance of moderate damage and a 3-hit combo.","was: Jing Hong's Hong Kui Zhe Yu Tu Zi: Every 2 round, there is a 50% chance to deal medium damage and gain 3 consecutive hits. — grammar ('Every 2 round')"
"CombatSkill/Desc/C542","Songshan Disciple's Songshan Bodhi Palm: Minor damage once per round.","was: Songshan disciple's Songshan Bodhi Palm: causes minor damage once per round. — Title Case"
"CombatSkill/Name/C542","Songshan Disciple","was: Songshan disciple — Title Case (as in 14_combat)"
"CombatSkill/Name/C543","Songshan Disciple","was: Songshan disciple — Title Case (as in 14_combat)"
"CombatSkill/Desc/C904","Ye Yunshang's Diancang Staff Technique: Furious, flailing the staff wildly. Each round, 30% chance of 1 instance of minor damage.","was: Ye Yunshang's Diancang Staff Technique: furious, chaotically swinging the staff. Each round has a 30% chance to deal 1 instances of minor damage. — grammar ('1 instances')"
"CombatSkill/Name/C911","Man in Black","was: Black‑clad person — 黑衣人; was 'Black-clad person'"
"CombatSkill/Name/C912","Man in Black","was: Black‑clad person — 黑衣人; was 'Black-clad person'"
"CombatSkill/Desc/C911","Man in Black 'At a Loss': Can't you show a senior some respect? (Nullifies 100% of enemy damage)","was: Black‑clad person 'at a loss': Can't you respect the senior a bit? (100% neutralize damage caused by the enemy) — header matches name; casing"
"CombatSkill/Desc/C912","Man in Black 'Instructor': A true gentleman watches the game in silence. I'm a hypocrite, so I get to talk.","was: Black‑clad Person's Guide: A true gentleman remains silent while watching a game. I am a false gentleman, so I can speak. — header matches name; 指導者"
"CombatSkill/Name/C914","Beggar Sect Elder","was: Elder of Beggar Sect — was 'Elder of Beggar Sect'"
"CombatSkill/Desc/C914","Beggar Sect Elder 'Snake Herding': Summons a [Poison Snake] every three rounds.","was: Elder of Beggar Sect 'Mu She': Summons a [Poison Snake] every three rounds. — header matches name; 牧蛇 untranslated"
"CombatSkill/Desc/C915","Poison Snake: Minor damage and 40 poison buildup each round.","was: Poison Snake: Causes minor damage each round, 40 toxin accumulation value. — buildup term; shorter"
"CombatSkill/Desc/C918","Snake 'Poison Fang': Each round, chance of slight damage plus 30 poison and paralysis buildup.","was: She's Poison Fang: Each round, there is a chance to inflict slight damage to the opponent and cause 30 poison, numbness accumulation. — 'She's' (蛇 = Snake); buildup term"
"CombatSkill/Name/C920","Mountain Bandit","was: Mountain bandit — Title Case (as in 14_combat)"
"CombatSkill/Desc/C920","Mountain Bandit's 'Five Tigers' Broken Gate Blade': Minor damage each round; 30% chance to add 'Imbalance'.","was: Mountain Bandit's Five Tigers' Broken Gate Blade: Deals minor damage each round, 30% chance to add 'Imbalance'. — Title Case; blade name as in the Emei rows"
"CombatSkill/Desc/C921_1","Iron Fist Disciple's 'Five Tigers' Broken Gate Blade': Minor damage each round; 30% chance to add 'Imbalance'.","was: Iron Fist Disciple's 'Five Tigers' Duan Men Dao': causes minor damage each round, 30% chance to add 'Imbalance'. — blade name as in the Emei rows (was Duan Men Dao)"
"CombatSkill/Desc/C921_2","Iron Fist Disciple's 'Five Tigers' Broken Gate Blade': Minor damage each round; 30% chance to add 'Imbalance'.","was: Iron Fist Disciple's 'Five Tigers' Duan Men Dao': causes minor damage each round, 30% chance to add 'Imbalance'. — blade name as in the Emei rows (was Duan Men Dao)"
"CombatSkill/Desc/C921_3","Iron Fist Disciple's 'Five Tigers' Broken Gate Blade': Minor damage each round; 30% chance to add 'Imbalance'.","was: Iron Fist Disciple's 'Five Tigers' Duan Men Dao': causes minor damage each round, 30% chance to add 'Imbalance'. — blade name as in the Emei rows (was Duan Men Dao)"
"CombatSkill/Desc/C923","Ghost Soldier 'Fork Technique': Minor damage each round; 20% chance to add 'Disruption'.","was: Ghost Soldier 'Cross Method': Causes minor damage each round, and has a 20% chance to add 'Disturbance'. — 叉法; Disruption term"
"CombatSkill/Name/C928","Cursing Birds","was: Birds curse — 鳥說髒話; was 'Birds curse'"
"CombatSkill/Desc/C928","Cursing Birds: Birds circle overhead, hurling insults at you.\nMinor Qi damage each round. Can block one hidden weapon for the boar.","was: Birds curse: Birds circle in the sky, spitting curses and insulting you. Causes minor air damage each round. Can block one Hidden Weapon attack for the mountain pig. — 'air damage' -> Qi; keeps line break"
"CombatSkill/Desc/C930","Zhao Kui's 'Dharma King of Hell': Moderate damage each round and inflicts Burning. Enemy Qi -3 each round, with a chance of Timidity.","was: Zhao Kui's Dharma King: Deals moderate damage each turn and causes burn abnormal condition. The enemy loses spirit ‑3 each turn and has a chance to cause fear abnormal condition. — abnormal condition/spirit wording; status names"
"CombatSkill/Desc/C910","Wood Fairy Mistress's 'Whisk Technique': While on the field, waves the whisk to obscure vision; enemy hit rate -20%. Moderate damage every two rounds.","was: Wood Fairy Mistress's Broom Dust Technique: While active, waving the whisk to disrupt vision. The enemy's accuracy decreases by 20%. It deals moderate damage every two rounds. — 拂塵 = whisk (was Broom Dust)"
"CombatSkill/Name/E001","Adding Insult to Injury","was: Adding insult to injury — Title Case"
"CombatSkill/Desc/E001","Adding Insult to Injury: Verbal Attacks on an enemy with a status effect enrage more often.","was: Adding insult to injury: When verbally attacking an enemy in an abnormal state, the success rate of provoking them increases. — Verbal Attack term; shorter | ruled 20260912 (q14): was Adding Insult to Injury: Verbal Attacks on an enemy with a s"
"CombatSkill/Name/E002","Pressing the Advantage","was: Those who are in the right do not spare others. — 得理不饒人; was a full sentence"
"CombatSkill/Name/E002_1","Pressing the Advantage","was: Those who are in the right do not spare others. — 得理不饒人; was a full sentence"
"CombatSkill/Desc/E002","Pressing the Advantage: Consecutive Verbal Attacks grow stronger.","was: Those who are in the right do not spare others: The effect increases during continuous verbal attacks. — header matches name"
"CombatSkill/Desc/E002_1","Pressing the Advantage: Verbal Attack effect +50%.","was: Those who are in the right do not spare others: Mouth attack effect increased by 50%. — header matches name"
"CombatSkill/Name/E003","Mencius Said","was: Mencius said — Title Case"
"CombatSkill/Name/E003_1","Mencius Said","was: Mencius said — Title Case"
"CombatSkill/Desc/E003","Mencius Said: Triggers when the enemy has [Anger].","was: Mencius said: Activate when the enemy is in an Anger state. — punctuation, shorter"
"CombatSkill/Desc/E003_1","Mencius Said: When the enemy has [Anger], Verbal Attack becomes [War God's Sayings].\nNullifies the opponent's action and inflicts [Internal Injury].","was: Mencius said: When the enemy is in an anger state, verbal attack becomes War God's Sayings, rendering the opponent's action ineffective and causing internal injury. — Verbal Attack term; keeps line break and brackets"
"CombatSkill/Desc/E004","Fiery Zen: When angry, no longer Stabs; instead uses Verbal Attack and breathes fire.","was: Fiery Zen: When angry, no longer stab people, but instead verbal assaults and spitting fire. — Stab/Verbal Attack terms"
"CombatSkill/Desc/E004_1","Fiery Zen: When angry, no longer Stabs; instead uses Verbal Attack and breathes fire, inflicting 'Burning'.","was: Fiery Zen: When angry, no longer stab people, transform into verbal attacks and spit fire from the mouth to cause 'Burning'. — Stab/Verbal Attack terms"
"CombatSkill/Desc/E006","Dragon's Cry Skill: Realm 2+, Verbal Attack becomes [Azure Dragon's Cry].","was: Dragon's Roar Technique: Above the second realm, the mouth attack becomes 'Azure Dragon Roar.' — Realm/Verbal Attack terms; move in [brackets] (an apostrophe inside '…' read as a broken quote) | glossary: 龍吟功 = Dragon's Cry Skill"
"CombatSkill/Desc/E006_1","Dragon's Cry Skill: Realm 2+, Verbal Attack becomes [Azure Dragon's Cry], spending extra Internal Force to give it real damage.","was: Dragon's Roar Technique: At level two or higher, the mouth attack transforms into 'Cao Long Yin,' consuming additional inner strength to grant the mouth attack substantial damage. — 'Cao Long Yin' untranslated; Realm term; move in [brackets] | glossary: Dragon's Cry Skill | ruled 20260912 (q04): was Dragon's Cry Skill: Realm 2+, Verbal Attack becomes [Azure D"
"CombatSkill/Desc/E007","Lion's Roar Skill: Realm 2+, Verbal Attack becomes [Lion's Roar].","was: Lion's Roar Skill: Level Two and above, mouth attack becomes 'Lion's Roar'. — Realm/Verbal Attack terms; move in [brackets]"
"CombatSkill/Desc/E007_1","Lion's Roar Skill: Realm 2+, Verbal Attack becomes [Lion's Roar], spending extra Internal Force to give it real damage.","was: Lion's Roar Skill: Level two and above, mouth attack becomes 'Lion's Roar,' consumes additional inner strength, causing the mouth attack to have substantial damage. — Realm/Verbal Attack terms; move in [brackets] | ruled 20260912 (q04): was Lion's Roar Skill: Realm 2+, Verbal Attack becomes [Lion's R"
"CombatSkill/Name/E008","Tiger's Roar Skill","was: Tiger Howl Skill — parallel to Lion's Roar Skill; action is Tiger's Roar"
"CombatSkill/Name/E008_1","Tiger's Roar Skill","was: Tiger Howl Skill — parallel to Lion's Roar Skill; action is Tiger's Roar"
"CombatSkill/Desc/E008","Tiger's Roar Skill: Realm 2+, Verbal Attack becomes [Tiger's Roar].","was: Tiger Howl Skill: Above the second realm, the mouth attack becomes 'Tiger Howl.' — Realm/Verbal Attack terms; move in [brackets]"
"CombatSkill/Desc/E008_1","Tiger's Roar Skill: Realm 2+, Verbal Attack becomes [Tiger's Roar], spending extra Internal Force to give it real damage.","was: Tiger Howl Skill: At Level Two and above, the mouth attack transforms into 'Tiger Howl Roar,' consuming additional inner strength to grant the mouth attack substantial damage. — Realm/Verbal Attack terms; move in [brackets] | ruled 20260912 (q04): was Tiger's Roar Skill: Realm 2+, Verbal Attack becomes [Tiger's"
"CombatSkill/Desc/F001","Dog Punch: Gain 'Dog Punch' when the enemy's Qi is below yours.","was: Dog Punch: When the enemy's stamina is lower than your own, gain 'Dog Punch.' — Qi term"
"CombatSkill/Desc/F001_1","Dog Punch: Stab becomes [Pursuit], adding extra damage based on Qi.","was: Dog Punch: The target's command changes to [pursuit], adding extra damage based on the opponent's Qi. — 'target's command' -> Stab"
"CombatSkill/Desc/F002","Extreme Dog Punch: Locks all commands, always uses Dog Punch and stacks 'Frenzy'.","was: Extreme Dog Punch: Lock in all commands, unconditionally use Dog Punch, and stack 'Rabidness'. — 'Rabidness' -> Frenzy (B007 name)"
"CombatSkill/Desc/F003","Surging Wave Blade Technique: Gain 'Surging Wave Blade Technique' when a Stab hits.","was: Surging Wave Blade Technique: Gain 'Surging Wave Blade Technique' upon hitting a target with a stab. — Stab term"
"CombatSkill/Desc/F003_1","Surging Wave Blade Technique: Stab becomes [Pursuit]; 30% chance to add 'Imbalance'.","was: Surging Wave Blade Technique: The 'stab' command changes to [pursuit], 30% chance to add 'imbalance'. — Stab term; casing"
"CombatSkill/Name/F004","Foolhardy","was: Bravery — 蠻勇 (reckless courage); was Bravery"
"CombatSkill/Desc/F004","Foolhardy: Stab is not interrupted by hidden weapons, but damage taken +50%.","was: Bravery: The stab command will not be interrupted by hidden weapons, but the damage taken is +50%. — header matches name; Stab term"
"CombatSkill/Desc/F006","Backhand Punch: On a successful dodge, Stab becomes [Counterattack].","was: Backhand Punch: When dodging successfully, the strike command changes to [Counterattack]. — 'strike command' -> Stab"
"CombatSkill/Desc/F006_1","Backhand Punch: On a successful dodge, Stab becomes [Counterattack], dealing 250% damage.","was: Backhand Punch: When the dodge is successful, the stab command changes to [counterattack], causing 250% damage. — Stab term; casing"
"CombatSkill/Desc/G003","Immortal Crane's Elusive Steps: After a successful Brace, gain 'Immortal Crane's Elusive Steps'.","was: Immortal Crane's Elusive Steps: After successfully defending, obtain a 'Immortal Crane's Elusive Steps'. — Brace term; article"
"CombatSkill/Desc/G003_1","Immortal Crane's Elusive Steps: Dodge chance +[50% of Qinggong] for 2 rounds.","was: Immortal Crane's Elusive Steps: Increases evasion rate based on lightness skill [50%], lasting for 2 rounds. — Qinggong/Dodge terms"
"CombatSkill/Desc/G004","One-Toe Divine Skill: Realm 2+, Brace becomes [One-Toe Divine Skill].","was: One‑Toe Divine Skill: Level Two and above, [One‑Toe Divine Skill] is activated upon being struck. — Realm/Brace terms"
"CombatSkill/Desc/G004_1","One-Toe Divine Skill: Realm 2+, Brace becomes [One-Toe Divine Skill]; a successful Brace grants 'One-Toe Wind Control'.","was: One‑Toe Divine Skill: Level two or above, when used, becomes [One‑Toe Divine Skill], and upon successful execution, gains 'One‑Toe Wind Control'. — Realm/Brace terms"
"CombatSkill/Desc/G004_2","One-Toe Wind Control: Qinggong +[100% of Internal Force], dodge chance +[50% of Qinggong], for 2 rounds.","was: One‑Toe Wind Control: Based on Inner strength [100%], enhance Qinggong. Based on Qinggong [50%], increase dodge rate, lasting for 2 rounds. — consistent bracket form | ruled 20260912 (q04): was One-Toe Wind Control: Qinggong +[100% of Inner Strength], do"
"CombatSkill/Name/G008","Myriad Swords Return","was: Ten Thousand Swords Return to the Sect — 萬劍歸宗; was 39 chars, overflows the buff bar"
"CombatSkill/Desc/G008","Myriad Swords Return: On Brace, spends the whole combo count and gains extra Qi based on it.","was: Ten Thousand Swords Return to the Sect: When taking damage, consume all combo count and gain additional Qi based on the combo count. — header matches name; Brace term"
"CombatSkill/Desc/G009","Return to Origin: When the combo count exceeds 2, Brace becomes [Return to Origin].","was: Return to Origin: When the number of consecutive hits exceeds 2, Defensive State becomes [Return to Origin]. — Brace term"
"CombatSkill/Desc/G009_1","Return to Origin: When the combo count exceeds 2, Brace becomes [Return to Origin].\nGenerates a 'Qi Shield' based on the combo count, up to Lv5.","was: Return to Origin: When the combo count exceeds 2, defense transforms into [Return to Origin]. Generate a 'protective aura' based on the combo count, with the highest level being 5. — Brace/Qi Shield terms; keeps line break"
"CombatSkill/Desc/G2108_1","Iron Chessboard: On Brace, triggers a mechanism that catches all hidden weapons; next hidden weapon damage +30%.","was: Iron Chessboard: When defending, activate the mechanism to absorb all hidden weapons, and the next time hidden weapon damage increases by 30%. — Brace term"
"CombatSkill/Desc/G2111_1","Withering and Flourishing Divine Skill: Brace becomes [Withering and Flourishing Divine Skill], healing 10% HP and granting [Qi Shield Lv3].","was: Withering and Flourishing Divine Skill: Transform into 'Withering and Flourishing Divine Skill,' restore 10% health, gain 'Protective Aura Lv3'. — header matches name; Brace/Qi Shield terms; [brackets] like PlayerTalent/Desc/2111"
"CombatSkill/Desc/H004","Swift Meteor Sword: Attack x3 on the first round of the duel.","was: Swift Meteor Sword: First round of the duel begins, attack power is 3 times. — grammar"
"CombatSkill/Desc/H005","Axis Locking Heaven Gate: Realm 1+, gain 'Transcendence'.\nRaising your realm also strengthens 'Transcendence'.","was: Axis Locking Heaven Gate: Above the first realm, obtain 'Transcendence.' After that, when the realm is enhanced, the 'Transcendence' effect will also be enhanced. — Realm term; keeps line break"
"CombatSkill/Desc/H006","Sword Realm","was: Sword Realm: — dangling colon"
"CombatSkill/Desc/H006_1","Sword Realm: Realm 3+, allies' Blade and Sword +30%, enemies' -30%.\nParry chance rises with the Blade and Sword gap.","was: Sword Realm: Level three and above, our side's blade and sword +30%, enemy's blade and sword ‑30%. Increase the probability of defending based on the difference in blade and sword. — Realm/Parry terms; keeps line break"
"CombatSkill/Desc/H007","Suffering Fist: While Heart Connection is below Moderate, Attack +1% per point below.","was: Sorrowful Fist: When the Heart Connection is below Moderate, each 1 point increases attack power by 1%. — clearer stat wording | ruled 20260912 (q23): was Sorrowful Fist: While Heart Connection is below Moderate, At"
"CombatSkill/Name/H3100","Bully the Weak","was: Bullying the weak and fearing the strong — 欺善怕惡; was a long sentence"
"CombatSkill/Desc/H3100","Bully the Weak: All stats -20% when the opponent's Qi exceeds yours, +20% when it is lower.","was: Bullying the weak and fearing the strong: When the opponent's anger is greater than theirs, their full attributes are at ‑20%; when the opponent's anger is less than theirs, their full attributes are at +20%. — 氣 mistranslated as anger"
"CombatSkill/Desc/S002","Severed Arm: Attack and Defense -25%.","was: Severed Arm: Offense and Defense ‑25% — punctuation"
"CombatSkill/Desc/S100","Fist and Sword Combined: Attacking a Bracing target inflicts Imbalance;\na successful Brace adds counterattack damage; taking damage raises Qi recovery.","was: Fist and Sword Combined: When attacking the target, cause the Imbalance status; when the defense is successful, add counterattack damage; when taking damage, stamina recovery increases. — Brace/Qi terms; keeps line break"
"CombatSkill/Desc/S102","Admiration: Deep down he admires you. Attack -20%, Defense -20%.","was: Admiration: He deeply admires you, attack ‑20%, defense ‑20% — punctuation"
"CombatSkill/Desc/S103","Reversal of Rivers Dragon King Dao: The essence of the Shangguan blade art: the harder pressed, the stronger; its wind churns into crashing waves that unbalance everyone.\nBased on the combo count, attacks may inflict Imbalance and interrupt actions; at the end of the round, Qi +3 for each person on the field.","was: Fang Jiang Long Wang Dao: The true essence of Shangguan Blade Technique is to grow stronger when faced with adversity, with the blade's wind swirling into terrifying waves, causing collective imbalance. Based on the number of consecutive strikes, there is a chance to cause imbalance and interrupt actions during attacks. At the end of the turn, for each person present, an additional +3 is granted. — header matched name (was Fang Jiang Long Wang Dao); '+3' unit; keeps line break"
"CombatSkill/Name/S104","Formless Divine Skill · Secret Pact","was: Formless Divine Skill: Secret Agreement of Unity — colon in the name collided with the 'Name: desc' pattern"
"CombatSkill/Desc/S104","Formless Divine Skill · Secret Pact: While free of ailments, extra Qi +3.","was: Formless Divine Skill: Secret Agreement of Unity: When there's no abnormal state, extra power +3. — header matches name; Qi term"
"CombatSkill/Desc/S105","Big Dipper Formation: All stats +10%.","was: Big Dipper Formation: Full Value +10% — 'Full Value'"
"CombatSkill/Desc/S107","Battling Tang Buyi: No time for you.","was: Intense Battle with Tang Buyi: I don't have time to deal with you. — header matches name"
"CombatSkill/Name/S108","Ambidextrous","was: Shooting an arrow with both hands — 左右開弓; was 'Shooting an arrow with both hands'"
"CombatSkill/Desc/S108","Ambidextrous: The right hand duels Eldest Senior Brother with the sword; the left beats you with the scabbard.","was: Shooting an arrow with both hands: Right hand wields the sword to fight Master Brother, left hand uses the sword sheath for a poisonous strike. — header matches name; 毒打 is 'beats savagely', not poison"
"CombatSkill/Name/S109","Probing","was: Test or Probe — 試探; was 'Test or Probe'"
"CombatSkill/Desc/S109","Probing: When the combo is zero or when angry, attacks Eldest Senior Brother once and gains +1 combo. (Uses no attack command that round)","was: Test or Probe: Attack Master Brother 1 times when consecutive hits are zero or when angry, and consecutive hits +1 (the attack command will not be used in this round). — header matches name"
"CombatSkill/Name/S110","Targeting Third Senior Brother","was: Regarding Third Senior Brother — 針對三師兄; was 'Regarding'"
"CombatSkill/Desc/S110","Targeting Third Senior Brother: Focused on Third Senior Brother, only half-minding you. Attack -50%.","was: Regarding Third Senior Brother: Main force to deal with Third Senior Brother, distract yourself to deal with you. Attack power ‑50%. — header matches name"
"CombatSkill/Desc/S111","Burning Sky Flames: When hit by anything but a hidden weapon, inflicts Burning on the attacker.","was: Burning Sky Flames: Causes the opponent to have a burning abnormality when attacked by non‑hidden weapons. — clearer; status name"
"CombatSkill/Name/S112","Blazing Wind Fan","was: Blazing Fire and Wind Flow Fan — 烈火風流扇; name/desc mismatch (Blazing Fire and Wind Flow Fan / Flame Gale Fan)"
"CombatSkill/Desc/S112","Blazing Wind Fan: Lights the fan on the shoulder guard before throwing it; hidden weapon hits inflict Burning.","was: Flame Gale Fan: Ignite the fan before projecting it under the shoulder armor; when a hidden weapon hits, it causes a burning abnormal condition. — header matches name"
"CombatSkill/Name/S113","Iron-Hearted","was: Iron‑hearted — Title Case"
"CombatSkill/Desc/S113","Iron-Hearted: When the combo is zero, attacks Shangguan Ying and gains +1 combo. (Uses no attack command that round)","was: Iron‑hearted: When consecutive hits are zero, attack Shangguan Ying, and perform the +1 combo (will not use an attack command in this round) — grammar"
"CombatSkill/Name/S116","Mechanism Box","was: Mechanical box — Title Case; one name for 機關篋笥 (was Mechanical box/Mechanism Box/Trap Box/Mechanism Chest)"
"CombatSkill/Desc/S116","Mechanism Box: Each round, randomly takes one of these forms:\nMechanism Box · Bird-Catching\nMechanism Box · Horse-Tripping\nMechanism Box · Smokescreen","was: Mechanism Box: Each round randomly transforms into one of the following types ‑ Mechanism Box ‑ Bird Catching Type, Mechanism Box ‑ Blending Horse Form, Mechanism Box ‑ Misty Smoke Form. — form names unified; keeps line breaks"
"CombatSkill/Name/S116_1","Mechanism Box · Bird-Catching","was: Trap Box ‑ Bird Catching Type — unified form naming, shorter"
"CombatSkill/Desc/S116_1","Mechanism Box · Bird-Catching: Fires flying needles for multiple minor hits.","was: Mechanical Box ‑ Bird Catching Type: Launches flying needles to inflict multiple minor injuries. — header matches name"
"CombatSkill/Name/S116_2","Mechanism Box · Horse-Tripping","was: Mechanism Box ‑ Blending Horse Form — 拌馬 = horse-tripping rope (was Blending Horse)"
"CombatSkill/Desc/S116_2","Mechanism Box · Horse-Tripping: Fires a tripping rope, causing Imbalance.","was: Mechanism Box ‑ Blending Horse Form: Launches the Blending Horse Rope to cause imbalance. — header matches name"
"CombatSkill/Name/S116_3","Mechanism Box · Smokescreen","was: Mechanism Box ‑ Misty Smoke Form — 迷煙 (was Misty Smoke Form)"
"CombatSkill/Desc/S116_3","Mechanism Box · Smokescreen: Spreads blinding smoke, causing Blindness.","was: Mechanical Box ‑ Misty Smoke Form: Disperses misty smoke to cause blindness. — header matches name"
"CombatSkill/Name/S117","Mechanism Box","was: Mechanical box — Title Case; unified name"
"CombatSkill/Desc/S117","Mechanism Box: Each round, randomly takes one of these forms:\nMechanism Box · Hunting\nMechanism Box · Horse-Slaying\nMechanism Box · Slaughter\nRealm 2+ unlocks the Ultimate: Mechanism Box · Sacred Armor","was: Mechanical Box: Each round randomly transforms into one of the following forms: Mechanism Box ‑ Hunting Type, Mechanism Box ‑ Horse‑Slaying Form, Mechanism Box ‑ Slaughter Type. Unlock ultimate move at level two or above: Mechanism Chest. Sacred Garment Form. — form names unified; Realm term; keeps line breaks"
"CombatSkill/Name/S117_1","Mechanism Box · Hunting","was: Mechanism Box ‑ Hunting Type — unified form naming"
"CombatSkill/Desc/S117_1","Mechanism Box · Hunting: Fires crossbow bolts for multiple moderate hits.","was: Mechanical Box ‑ Hunting Type: Causes multiple stages of moderate damage by launching crossbow arrows. — header matches name; punctuation"
"CombatSkill/Name/S117_2","Mechanism Box · Horse-Slaying","was: Mechanism Box ‑ Horse‑Slaying Form — unified form naming"
"CombatSkill/Desc/S117_2","Mechanism Box · Horse-Slaying: Fires horse-slaying flying knives for moderate damage, adding Imbalance.","was: Mechanism Box ‑ Horse‑Slaying Form: Launches a Horse‑Slaying Flying Knife, causing moderate damage and adding Imbalance. — header matches name"
"CombatSkill/Name/S117_3","Mechanism Box · Slaughter","was: Mechanism Box ‑ Slaughter Type — unified form naming"
"CombatSkill/Desc/S117_3","Mechanism Box · Slaughter: Spreads poison smoke causing Blindness and 80 blood poison buildup.","was: Mechanical Box ‑ Slaughter Type: Spread toxic smoke causing blindness, and accumulate 80 blood poison. — header matches name; buildup term"
"CombatSkill/Name/S117_4","Mechanism Box · Sacred Armor","was: Mechanism Chest. Sacred Garment Form. — 聖衣型態 (worn as armor); was 'Mechanism Chest. Sacred Garment Form.'"
"CombatSkill/Desc/S117_4","Mechanism Box · Sacred Armor: Realm 2+, Fourth Senior Brother dons the Mechanism Box and always unleashes the Ultimate, a meteor-like strike.","was: Mechanical box. Sacred Garment Form: Realm two or above, Fourth Senior Brother equips the mechanical box, delivers a powerful strike like a meteor, will definitely unleash the ultimate technique. — header matches name; Realm term"
"CombatSkill/Desc/S118","Vomit: Vomit on the ground, slippery and disgusting. Qinggong -30%.","was: Vomit: There is vomit on the ground, which is slippery and nauseating. Qinggong ‑30% — punctuation"
"CombatSkill/Name/S119","Show Mercy","was: Show mercy — Title Case"
"CombatSkill/Desc/S119","Show Mercy: Attack -50%; Ultimate sealed.","was: Show mercy: Attack power ‑50%, Seal the Ultimate Move — punctuation"
"CombatSkill/Desc/S121","Wolf Howl: Summons a wolf after a Verbal Attack.","was: Wolf Howl: After using mouth technique, summon a wolf. — 'mouth technique' -> Verbal Attack"
"CombatSkill/Desc/S122_1","Torture: Cannot use [Hidden Weapon]; [Stab] becomes [Lash].\nDamages both HP and Qi, but only slightly.\nNo effect while angry.","was: Torture: Cannot use [Hidden Weapon], [Stab] changes to [Poke]. Can damage both blood and qi, but the damage is low. It becomes ineffective when angry. — Lash (14_combat, was Poke); HP/Qi terms; keeps line breaks"
"CombatSkill/Name/S124","Unsteady Plank Road","was: Path is unstable — 棧道不穩; was 'Path is unstable'"
"CombatSkill/Desc/S124","Unsteady Plank Road: Qinggong -20%.","was: Path is unstable: Qinggong ‑20% — header matches name"
"CombatSkill/Desc/S125_1","Distraction: [Ultimate] becomes [Protect Yunshang].","was: Distraction: [Ultimate] becomes [Protect Yunshang] — punctuation"
"CombatSkill/Desc/S126","Protect Yunshang: Damage taken +50%.","was: Protect Yunshang: Damage Taken +50% — punctuation"
"CombatSkill/Desc/S127","Life-Sustaining Pill: Stamina +40.","was: Life‑Sustaining Pill: Stamina +40 — punctuation"
"CombatSkill/Name/S128","Other Shore Incense","was: Fragrant Shore — 彼岸香 (Buddhist 'other shore'); was Fragrant Shore, mismatched D007 Other Shore Immortal Fragrance"
"CombatSkill/Desc/S128","Other Shore Incense: Every attack adds 60 blood poison buildup.","was: Fragrant Shore: All attacks will accumulate blood poison 60. — header matches name; buildup term"
"CombatSkill/Name/S600","Other Shore Incense","was: Fragrant Shore — same as S128"
"CombatSkill/Desc/S600","Other Shore Incense: Both sides gain poison buildup each round.","was: Fragrant Shore: Both enemy and myself increase toxicity accumulation value each round. — header matches name; buildup term"
"CombatSkill/Desc/S601","Soft Fragrance: Both sides gain paralysis buildup each round.","was: Soft Fragrance: Both sides increase paralysis accumulation value each round. — buildup term"
"CombatSkill/Desc/S129","Pepper Powder Poison: Suppresses true qi; Qi -2 each round.","was: Pepper Powder Poison: Suppresses true qi, causing the self to ‑2 each round. — missing 'Qi' after 'to -2'"
"CombatSkill/Desc/S131","Heartburning Fire Seal: When the countdown ends, sacrifices half your HP to force Realm 3; Ultimate becomes 'Vajra Divine Spear Technique'.","was: Heartburning Fire Seal: At the end of the countdown, sacrificing half one's blood as a cost, forcefully entering realm three, the ultimate technique becomes 'Vajra Divine Spear Technique'. — Realm/HP terms; shorter"
"CombatSkill/Desc/S131_1","Vajra Divine Spear Technique: Always unleashes the Ultimate, dealing devastating lethal damage.","was: Vajra Divine Spear Technique: Definitely use the Ultimate, causing an absolutely fatal injury. — grammar"
"CombatSkill/Desc/S1206_1","Soul-Stealing Phantom Claw: Realm 2+, Stab becomes [Soul-Stealing Phantom Claw], which can inflict [Imbalance].","was: Soul‑Stealer Phantom Claw: Level Two or above, when used to stab someone, transforms into [Soul‑Stealer Phantom Claw], causing [Imbalance]. — Realm/Stab terms | ruled 20260912 (q15): was Soul-Stealer Phantom Claw: Realm 2+, Stab becomes [Soul-Stea"
"CombatSkill/Name/S1207","Provoking Sword","was: Sword Offense — 犯劍; was Sword Offense"
"CombatSkill/Desc/S1207","Provoking Sword: Low damage; can enrage the opponent. Deals 200% damage to an opponent with [Anger].","was: Sword Offense: Low damage, can anger the opponent. If used on an opponent with [Anger] abnormal status, can deal 200% damage. — header matches name"
"CombatSkill/Desc/S1209_1","Snow Mountain Flying Swan Claw: Realm 2+, Stab becomes [Snow Mountain Flying Swan Claw], which can inflict [Imbalance].","was: Snow Mountain Flying Swan Claw: Level Two or above, piercing someone changes into [Snow Mountain Flying Swan Claw], which can cause [Imbalance]. — Realm/Stab terms"
"CombatSkill/Desc/S3112","Shadowless Claw: Attack crit dice +10.","was: Shadowless Claw: Attack critical hit dice +10 — punctuation | glossary: crit dice"
"CombatSkill/Desc/S3115","Heart of the Lion: Greatly restores Qi based on damage taken.","was: Heart of the Lion: Significantly restore vitality based on the damage sustained. — 'vitality' -> Qi"
"CombatSkill/Name/S608","Corpse Blood Needle","was: Ten Thousand Longevity Corpse Blood Needle — 萬壽屍血針; was 42 chars, overflows the buff bar"
"CombatSkill/Desc/S608","Corpse Blood Needle: When damaged, adds poison and paralysis buildup to the enemy.","was: Ten Thousand Longevity Corpse Blood Needle: When taking damage, inflict poison on enemies, accumulating numbness. — header matches name; buildup term"
"CombatSkill/Name/S7001","Fire Whisk","was: Fire Sweeping Dust — 拂塵 = horsetail whisk; was Fire Sweeping Dust / desc Huo Fu Chen"
"CombatSkill/Desc/S7001","Fire Whisk: All attacks have a 40% chance to inflict [Burning].","was: Huo Fu Chen: All attacks have a 40% chance to inflict [Burning]. — header matches name"
"CombatSkill/Name/S906","Iron Whisk","was: Iron Dust Brush — 鐵拂塵; was Iron Dust Brush"
"CombatSkill/Desc/S906","Iron Whisk: On a successful Brace, sweeps the enemy's eyes; 80% chance to inflict [Blindness].","was: Iron Dust Brush: When the attack is successful, sweep the opponent's eyes, with a 80% chance to cause [Blindness]. — header matches name; Brace term"
"CombatSkill/Desc/S801","Heaven and Earth Silent Power: Junior Martial Sister's signature art.\nStab and Hidden Weapon also trigger 'Unpredictable Flying Shuttle'.\nUsing the Ultimate spends all 'Unpredictable Flying Shuttle' and regenerates 5.","was: Heaven and Earth Silent Power: Junior Martial Sister's exclusive martial arts technique. Using the hidden weapon attack triggers the additional activation of 'Unpredictable Flying Shuttle.' When executing the ultimate technique, it consumes all 'Unpredictable Flying Shuttle' and regenerates 5 number of 'Unpredictable Flying Shuttle.' — Stab term; '5 number of'; keeps line breaks"
"CombatSkill/Desc/S802","Unpredictable Flying Shuttle: Can be spent to negate an enemy hidden weapon.\nFires to wound when the countdown ends.","was: Unpredictable Flying Shuttle: Can consume this skill to negate enemy‑launched hidden weapons. When the countdown ends, shoot to injure. — clearer; keeps line break"
"CombatSkill/Desc/S803","Money Dart: Hidden weapon hits add heavy paralysis buildup.","was: Money Dart: Causes large paralysis accumulation upon hitting the hidden weapon. — 'upon hitting the hidden weapon'; buildup term"
"CombatSkill/Desc/S804","Flying Swallow Meteor Feather: Realm 3+, Hidden Weapon becomes [Flying Swallow Meteor Feather].","was: Flying Swallow Meteor Feather: Level Three or above, the hidden weapon becomes [Flying Swallow Meteor Feather]. — Realm term"
"CombatSkill/Desc/S804_1","Flying Swallow Meteor Feather: Realm 3+, Hidden Weapon becomes [Flying Swallow Meteor Feather].\nSpends a lot of Qi for hidden weapon damage and creates four 'Flying Swallow Meteor Feather' hidden weapons.","was: Flying Swallow Meteor Feather: Level three or above, the hidden weapon becomes [Flying Swallow Meteor Feather], consuming a large amount of Qi to deal hidden weapon damage, and generating four hidden weapons 'Flying Swallow Meteor Feather'. — Realm term; keeps line break"
"CombatSkill/Desc/S806","Vajra Divine Spear Technique: Realm 3+, Hidden Weapon becomes [Vajra Divine Spear Technique].","was: Vajra Divine Spear Technique: Level three or above, Hidden Weapon becomes [Vajra Divine Spear Technique]. — Realm term"
"CombatSkill/Desc/S806_1","Vajra Divine Spear Technique: Realm 3+, Hidden Weapon becomes [Vajra Divine Spear Technique]; you cannot act this round.\nAt the [start] of the next round, deals massive damage, boosted by [200% of Internal Force].","was: Vajra Divine Spear Technique: At level three or above, the Hidden Weapon becomes [Vajra Divine Spear Technique], and the character cannot act during this turn. On the start of the next turn, supercharged damage is dealt, and the power is enhanced based on Inner Strength [200%]. — Realm term; keeps line break | ruled 20260912 (q04): Inner Strength -> Internal Force"
"CombatSkill/Name/S907","Countless Changes","was: Countless changes — Title Case (desc already had it)"
"CombatSkill/Desc/S907","Countless Changes: Versed in every school of martial arts; each round randomly uses one set of six-sect skills.","was: Countless Changes: Explore martial arts from all over the world, each round will randomly use a set of six‑school system skills. — shorter"
"CombatSkill/Desc/S6011","Poison Skill: Stab adds 50% poison and paralysis buildup.","was: Poison Skill: Deals 50% poison and numbness accumulation when stabbing. — Stab/buildup terms"
"CombatSkill/Desc/S8101_1","Thunder Blade: Realm 2+, Ultimate becomes [Cloud Sky Thunderbolt Blade], with extra damage based on Personality.","was: Thunder Blade: Level 2 or above, Ultimate technique becomes [Cloud Sky Thunderbolt Blade], causing additional damage based on personality. — Realm term; 性情 = Personality"
"CombatSkill/Desc/S8106_1","Yin and Yang Theft: Realm 2+, Ultimate becomes [Yin and Yang Theft].\nInflicts Imbalance.","was: Yin and Yang Theft: Level Two or above, Ultimate technique becomes [Yin and Yang Theft]. Causes imbalance. — Realm term; keeps line break"
"CombatSkill/Desc/S8108_1","Iron Arm Flying Fist: Realm 2+, Ultimate becomes [Iron Arm Flying Fist].\nAdds [Shock].","was: Iron Arm Flying Fist: Level two and above, Ultimate becomes [Iron Arm Flying Fist]. Add [Shock]. — Realm term; keeps line break"
"CombatSkill/Desc/S8111_1","Divine Thunder: Realm 3+, Ultimate becomes [Divine Thunder].\nLeaps skyward and always nullifies all enemy commands.\nDamage rises with Xingyi Quan mastery.","was: Divine Thunder: Available at level three or above, Ultimate becomes [Divine Thunder]. Leaping into the air will definitely render all of the enemy's commands ineffective, and the damage is increased based on proficiency in Xingyi Quan. — Realm term; keeps line breaks"
"CombatSkill/Desc/S8112_1","Taibai Immortal Footprints: Realm 2+, Ultimate becomes [Taibai Immortal Footprints].\nFor four rounds, all stats hugely boosted and 50% chance to dodge enemy attacks; afterwards Qi drops to zero.\nStab becomes 'Sword Dance', dealing 1~3 hits.\nWhen the combo exceeds 10, immediately adds massive damage and ends Taibai Immortal Footprints.","was: Taibai Immortal Footprints: Level 2 or higher, Ultimate becomes [Taibai Immortal Footprints]. Within four rounds, all attributes are superboosted, with a 50% chance to evade enemy attacks. After four rounds, energy returns to zero. The stun command becomes 'Dance Sword,' dealing 1~3 hits of damage. When combo count exceeds 10, immediately add super strong damage and remove the Taibai Immortal Footprints status. — 'stun command' -> Stab; Realm term; keeps line breaks"
"CombatSkill/Desc/S8113_1","Shadowless Surprise Attack: Realm 3+, Ultimate becomes 'Shadowless Surprise Attack', an attack with a vast number of critical dice.\nDoubled if the enemy attacks, halved if the enemy defends.\nInflicts [Imbalance] on you next round.","was: Shadowless Surprise Attack: For characters at Level 3 or above, this Ultimate becomes 'Shadowless Surprise Attack,' causing an extremely large amount of attack dice rolls. If the enemy takes an attack action, the power doubles; if the enemy takes a defensive action, the power is halved. The next turn, it inflicts a debuff [Imbalance]. — Realm term; 'debuff'; keeps line breaks"
"CombatSkill/Desc/S8119_1","Heavenly Gang Subduing Demon Sword: Realm 3+, a devastating attack. Afterwards your Qi drops to zero and you become Exhausted.","was: Heavenly Gang Subduing Demon Sword: At level three or above, it causes an extremely powerful attack. Subsequently, the user's energy depletes to zero, entering a state of exhaustion. — Realm term; status name"
"CombatSkill/Desc/S8121_1","Wind-Thunder God Kick: Realm 2+ with a combo above 3, Ultimate becomes [Wind-Thunder God Kick].\nSpends moderate Qi for multi-hit damage. On hit, gain [Airborne] for one round.","was: Wind Thunder God Foot: When at Level 2 or higher and consecutive hits exceed 3, Ultimate becomes [Wind Thunder God Foot]. Consumes moderate Qi, dealing multi‑hit damage. Upon landing the Ultimate, gain [Soaring into the Sky], lasting for one round. — Realm term; [Airborne] = B008; keeps line break | ruled 20260912 (q20): was Wind Thunder God Foot: Realm 2+ with a combo above 3, Ultima"
"CombatSkill/Desc/S8127_1","Second Ultimate: When the combo count exceeds 3, Ultimate becomes [Second Ultimate]; damage scales with the combo count and deals extra Qi damage. Above 12, the combo count is cleared.","was: Second Extreme Move: When the combo count exceeds 3, the ultimate move becomes [Second Extreme Move], with damage influenced by the current combo count, dealing additional force damage. When the combo count exceeds 12, clear all combo counts. — 'force damage' -> Qi damage | ruled 20260912 (q13): was Second Extreme Move: When the combo count exceeds 3, Ultimat"
"CombatSkill/Name/S8128_1","Third Ultimate","was: Third Extreme Technique — consistent with First/Second Extreme Move (14_combat) | ruled 20260912 (q13): was Third Extreme Move"
"CombatSkill/Desc/S8128_1","Third Ultimate: When the combo count exceeds 3, Ultimate becomes [Third Ultimate]; damage scales with the combo count. Above 20, the combo count is cleared.","was: Third Extreme Technique: When the combo count exceeds 3, the Ultimate becomes [Third Extreme Technique], and damage is influenced by the current combo count. When the combo count exceeds 20, all combo counts are cleared. — header matches name | ruled 20260912 (q13): was Third Extreme Move: When the combo count exceeds 3, Ultimate"
"CombatSkill/Name/S9105","Lost Soul","was: Lost in thought — 失魂落魄; was 'Lost in thought' (mistranslation)"
"CombatSkill/Desc/S9105","Lost Soul: 10% chance each round to forget who you are and why you're here; cannot act.","was: Lost in thought: has a 10% chance of occurring, forgetting who they are, why they are here, and unable to act. — header matches name"
"CombatSkill/Name/S9106","Blocked Meridians","was: Meridian blockage — 經脈閉塞; Title Case"
"CombatSkill/Desc/S9106","Blocked Meridians: Internal Force greatly weakened.","was: Meridian blockage: Inner strength is significantly weakened — header matches name; punctuation | ruled 20260912 (q04): was Blocked Meridians: Inner Strength greatly weakened."
"CombatSkill/Desc/S9112","Nine Cycles of Reincarnation: Survives a fatal blow and restores 100% HP.","was: Nine Cycles of Reincarnation: Can withstand fatal attacks, restore 100% health. — HP term; grammar"
"CombatSkill/Desc/S9113","Vow of Growing Old Together: Survives a fatal blow and restores 100 Qi.","was: Vow of Growing Old Together: Can withstand fatal attacks, restore 100 strength. — 'strength' -> Qi"
"CombatSkill/Name/S9201","Monkey King Splits the Mountain","was: Yuan Wang Splitting Mountain — 猿王 = Monkey King (glossary); matches PlayerTalent/Name/9201 and S9202_1"
"CombatSkill/Desc/S9201","Monkey King Splits the Mountain: Damage based on the combo count.","was: Yuan Wang Splitting Mountain: Deal damage based on the number of consecutive hits. — header matches name"
"CombatSkill/Name/S9202_1","@table","label shows the served table text (@table): the scene layer has another line for this Chinese"
"CombatSkill/Desc/S9202_1","Monkey King's Wind Return: Ultimate becomes [Monkey King's Wind Return]: costs no Qi, deals minor damage, grants a 3-hit combo and has a 50% chance to inflict Imbalance.","was: Ultimate: Monkey King's Wind Return becomes [Monkey King's Wind Return], does not consume Qi, deals minor damage, grants 3 consecutive hits, and has a 50% chance to cause imbalance. — desc started with 'Ultimate:'; header matches name"
"CombatSkill/Name/B221_1","Refined Poison Lv1","was: Essence Poison Lv1 — glossary: 粹毒 = Refined Poison (PlayerTalent/Name/2020)"
"CombatSkill/Name/E006","Dragon's Cry Skill","was: Dragon's Roar Technique — glossary: 龍吟功 = Dragon's Cry Skill; the move is Azure Dragon's Cry"
"CombatSkill/Name/E006_1","Dragon's Cry Skill","was: Dragon's Roar Technique — glossary: Dragon's Cry Skill"
"CombatSkill/Desc/A006","Dog-Beating Fist: A chaotic style suited to bullying the weak, knocking out one ally per round and forcing them to retreat.","was: Dog Punch: A chaotic fighting style suitable for bullying the weak, knocking out one partner per round and making them retreat. | Name synced to register; no meaning change."
"CombatSkill/Desc/A012_2","Tang Clan Hidden Weapons Lv2: Increase 2% Hidden Weapon Hit Rate, 3% Hidden Weapon Damage, add 2 Hidden Weapon Dice.","was: Tang Clan Hidden Weapon Lv2: Increase 2% Hidden Weapon Hit Rate, 3% Hidden Weapon Damage, Add 2 Hidden Weapon Dice. | Plural discipline name matching Lv1's own correct phrasing; lowercased 'add' for list consistency."
"CombatSkill/Desc/A012_3","Tang Clan Hidden Weapons Lv3: Increase 4% Hidden Weapon Hit Rate, 5% Hidden Weapon Damage, add 3 Hidden Weapon Dice.","was: Tang Clan Hidden Weapon Lv3: Increase 4% Hidden Weapon Hit Rate, 5% Hidden Weapon Damage, Add 3 Hidden Weapon Dice. | Plural discipline name in the prefix."
"CombatSkill/Desc/A012_4","Tang Clan Hidden Weapons Lv4: Increase 6% Hidden Weapon Hit Rate, 6% Hidden Weapon Damage, add 3 Hidden Weapon Dice.","was: Tang Clan Hidden Weapon Lv4: Increase 6% Hidden Weapon Hit Rate, 6% Hidden Weapon Damage, Add 3 Hidden Weapon Dice. | Plural discipline name in the prefix."
"CombatSkill/Desc/A012_6","Tang Clan Hidden Weapons Lv6: Increase 10% Hidden Weapon Hit Rate, 10% Hidden Weapon Damage, add 4 Hidden Weapon Dice.","was: Tang Clan Hidden Weapon Lv6: Increase 10% Hidden Weapon Hit Rate, 10% Hidden Weapon Damage, and add 4 Hidden Weapon Dice. | Plural discipline name; dropped stray 'and' to match the list format."
"CombatSkill/Desc/A012_7","Tang Clan Hidden Weapons Lv7: Increase 12% Hidden Weapon Hit Rate, 12% Hidden Weapon Damage, add 6 Hidden Weapon Dice.","was: Tang Clan Hidden Weapon Lv7: Increase 12% Hidden Weapon Hit Rate, 12% Hidden Weapon Damage, add 6 Hidden Weapon Dice. | Plural discipline name in the prefix."
"CombatSkill/Desc/A012_8","Tang Clan Hidden Weapons Lv8: Increase 14% Hidden Weapon Hit Rate, 14% Hidden Weapon Damage, add 6 Hidden Weapon Dice.","was: Tang Clan Hidden Weapon Lv8: Increase 14% Hidden Weapon Hit Rate, 14% Hidden Weapon Damage, Add 6 Hidden Weapon Dice. | Plural discipline name in the prefix."
"CombatSkill/Desc/B0013_1","Heart Sword Lv1: Fist and Palm +[2%] of Blade and Sword.","was: Heart Sword Lv1: Enhance Fist and Palm based on Blade and Sword [ 2% ]. | Realigned to the crit-dice-style template used for 'stat contributes X% to another stat' lines; removes stray bracket spaces."
"CombatSkill/Desc/B0013_2","Heart Sword Lv2: Fist and Palm +[4%] of Blade and Sword.","was: Heart Sword Level 2: Enhance Fist and Palm based on Blade and Sword [4%] | 'Level 2'->'Lv2'; adds missing final period."
"CombatSkill/Desc/B0013_3","Heart Sword Lv3: Fist and Palm +[6%] of Blade and Sword.","was: Heart Sword Lv3: Enhance fist and palm based on blade and sword [6%]. | Title Case for Fist and Palm/Blade and Sword (GLOSSARY)."
"CombatSkill/Desc/B0013_4","Heart Sword Lv4: Fist and Palm +[8%] of Blade and Sword.","was: Heart Sword Lv4: Enhance Fist and Palm based on Blade and Sword [8%]. | Realigned to the family template."
"CombatSkill/Desc/B0013_5","Heart Sword Lv5: Fist and Palm +[10%] of Blade and Sword.","was: Heart Sword Lv5: Enhance fist and palm based on Blade and sword [10%]. | Casing fixed to Title Case."
"CombatSkill/Desc/B0013_6","Heart Sword Lv6: Fist and Palm +[12%] of Blade and Sword.","was: Heart Sword Level 6: Enhance Fist and Palm based on Blade and Sword [12%]. | 'Level 6'->'Lv6'."
"CombatSkill/Desc/B0013_7","Heart Sword Lv7: Fist and Palm +[14%] of Blade and Sword.","was: Heart Sword Lv7: Enhance Fist and Palm based on Blade and Sword [ 14% ]. | Removes stray bracket spaces."
"CombatSkill/Desc/B0013_8","Heart Sword Lv8: Fist and Palm +[16%] of Blade and Sword.","was: Heart Sword Lv8: Enhance Fist and Palm based on Blade and Sword [16%]. | Realigned to the family template."
"CombatSkill/Desc/B0013_9","Heart Sword Lv9: Fist and Palm +[18%] of Blade and Sword.","was: Heart Sword Lv9: Enhance Fist and Palm based on Blade and Sword [18%]. | Realigned to the family template."
"CombatSkill/Desc/B0014","Emei Nineteen Stances: All attributes are enhanced based on Xingyi Fist mastery.","was: Emei Nineteen Stakes: All attributes are enhanced based on the mastery level of Xingyi Quan. | Fixes Stakes->Stances; 形意拳=Xingyi Fist and NOMENCLATURE forbids mixing Quan/Fist in one document."
"CombatSkill/Desc/B0035_1","Long Yuan Seven Absolutes Lv1: All damage +[2%] of six dimensions.","was: Long Yuan Seven Absolutes Lv1: Increase all damage based on the six attributes of [2%]. | Accepted with a term correction: proposer unified this family on 'six attributes', but 屬性 is already independently established elsewhere in the corpus as 'Attributes'/'stats' (B0014, H3100, SystemLocalization), and this same skill's own talent description (PlayerTalent/Desc/0035, outside this file) alrea"
"CombatSkill/Desc/B0035_2","Long Yuan Seven Absolutes Lv2: All damage +[4%] of six dimensions.","was: Long Yuan Seven Absolutes Lv2: Increase all damage based on [ 4% ] of six attributes. | Same correction as Lv1 (term) plus removes stray bracket spaces."
"CombatSkill/Desc/B0035_3","Long Yuan Seven Absolutes Lv3: All damage +[6%] of six dimensions.","was: Long Yuan Seven Absolutes Lv3: Increase all damage based on the [ 6% ] of six dimensions. | Fixes garbled word order; 'dimensions' already correct in this row, kept as-is."
"CombatSkill/Desc/B0035_4","Long Yuan Seven Absolutes Lv4: All damage +[8%] of six dimensions.","was: Long Yuan Seven Absolutes Lv4: Increase all damage based on the [ 8% ] of six dimensions. | Same fix as Lv3."
"CombatSkill/Desc/B0035_5","Long Yuan Seven Absolutes Lv5: All damage +[10%] of six dimensions.","was: Long Yuan Seven Absolutes Lv5: Increases all damage based on the [10%] enhancement of the six dimensions. | Same fix as Lv3; also simplifies doubled 'increases/enhancement' phrasing."
"CombatSkill/Desc/B0035_6","Long Yuan Seven Absolutes Lv6: All damage +[12%] of six dimensions.","was: Long Yuan Seven Absolutes Lv6: Increase all damage based on the [ 12% ] of six dimensions. | Same fix as Lv3."
"CombatSkill/Desc/B0035_7","Long Yuan Seven Absolutes Lv7: All damage +[14%] of six dimensions.","was: Long Yuan Seven Absolutes Lv7: Increase all damage based on the [14%] of six attributes. | Same term correction as Lv1/Lv2 (kept 'dimensions' for consistency with the majority of this family and the sibling talent text)."
"CombatSkill/Desc/B114_1","Vajra Leg Lv1: Enhance Qinggong and defense based on [Fist and Palm 2%].","was: Diamond Leg Lv1: Enhance Qinggong and Defense based on [Fist and Palm 2%]. | Name fix; lowercase 'defense' matches sentence-case convention used by sibling families (e.g. B115)."
"CombatSkill/Desc/B114_2","Vajra Leg Lv2: Enhance Qinggong and defense based on [Fist and Palm 4%].","was: Diamond Leg Lv2: Enhance Qinggong and defense based on [Fist and palm 4%]. | Name fix; Title Case for Fist and Palm per GLOSSARY."
"CombatSkill/Desc/B114_3","Vajra Leg Lv3: Enhance Qinggong and defense based on [Fist and Palm 6%].","was: Diamond Leg Lv3: Enhance Qinggong and Defense based on [Fist and Palm 6%]. | Name fix; lowercased defense for consistency."
"CombatSkill/Desc/B114_4","Vajra Leg Lv4: Enhance Qinggong and defense based on [Fist and Palm 8%].","was: Diamond Leg Lv4: Enhance Qinggong and Defense based on [Fist and Palm 8%]. | Name fix."
"CombatSkill/Desc/B114_5","Vajra Leg Lv5: Enhance Qinggong and defense based on [Fist and Palm 10%].","was: Diamond Leg Lv5: Based on [Fist and palm 10%], enhance Qinggong and defense. | Name fix; reordered to match family template."
"CombatSkill/Desc/B114_6","Vajra Leg Lv6: Enhance Qinggong and defense based on [Fist and Palm 12%].","was: Diamond Leg Lv6: Enhance Qinggong and Defense based on [Fist and Palm 12%]. | Name fix."
"CombatSkill/Desc/B114_7","Vajra Leg Lv7: Enhance Qinggong and defense based on [Fist and Palm 14%].","was: Diamond Leg Lv7: Enhance Qinggong and Defense based on [Fist and Palm 14%]. | Name fix."
"CombatSkill/Desc/B114_8","Vajra Leg Lv8: Enhance Qinggong and defense based on [Fist and Palm 16%].","was: Diamond Leg Lv8: Based on [Fist and palm 16%], enhance Qinggong and defense. | Name fix; reordered/capitalized to match family template."
"CombatSkill/Desc/B114_9","Vajra Leg Lv9: Enhance Qinggong and defense based on [Fist and Palm 18%].","was: Diamond Leg Lv9: Enhance Qinggong and defense based on [Fist and palm 18%]. | Name fix; Title Case Fist and Palm."
"CombatSkill/Desc/B300_5","Diancang Quick Sword Lv5: Enhance [Blade and Sword] based on [Qinggong 10%].","was: Diancang Quick Sword Lv5: Based on [Qinggong 10%], enhances [Blade and Sword]. | Matches parallel phrasing used by every other level in this family; fixes stray verb agreement."
"CombatSkill/Desc/B300_6","Diancang Quick Sword Lv6: Enhance [Blade and Sword] based on [Qinggong 12%].","was: Diancang Quick Sword Lv6: Enhance [Blade and Sword] based on [Qinggong 12%] | Adds missing terminal period (verified old had none)."
"CombatSkill/Desc/B300_7","Diancang Quick Sword Lv7: Enhance [Blade and Sword] based on [Qinggong 14%].","was: Diancang Quick Sword Lv7: Enhances [Blade and sword] based on [Qinggong 14%]. | Fixed verb agreement and Title Case for Blade and Sword."
"CombatSkill/Desc/B300_8","Diancang Quick Sword Lv8: Enhance [Blade and Sword] based on [Qinggong 16%].","was: Diancang Quick Sword Lv8: Based on [Qinggong 16%], enhances [Blade and Sword]. | Matches family phrasing; fixes verb agreement."
"CombatSkill/Desc/C001","Tang Clan Disciple 'Hidden Weapon General Principles': causes minor damage each time.","was: Tang Clan Disciple 'Tang Clan Hidden Weapon General Principles': causes minor damage each time. | Old/zh verified at line 393. NOMENCLATURE maps 唐門暗器總綱 directly to 'Hidden Weapon General Principles' (no repeated Tang Clan); matches Book/Name/1000 and the GLOSSARY entry."
"CombatSkill/Desc/C002","Tang Clan Disciple 'Hidden Weapon General Principles': causes minor damage each time.","was: Tang Clan Disciple 'Tang Clan Hidden Weapon General Principles': causes minor damage each time. | Identical Chinese to C001 (line 395); same register fix."
"CombatSkill/Desc/C003","Tang Clan Disciple 'Hidden Weapon General Principles': causes minor damage each time.","was: Tang Clan Disciple 'Tang Clan Hidden Weapon General Principles': causes minor damage each time. | Identical Chinese to C001 (line 397); same register fix."
"CombatSkill/Desc/C005_1","Tang Moling's 'Furious Unpredictable Flying Shuttle': Deals 4 instances of minor damage each time; interrupts the enemy's action when the damage exceeds 18.","was: Tang Meling's Extreme Anger Unpredictable Flying Shuttle: Each time it deals 4 instances of minor damage, interrupt the enemy's action when the damage exceeds 18. | Old/zh verified at line 403. Name corrected; unifies the technique name with C005_2 (same 極怒無定飛梭); fixes subject-verb agreement ('interrupt'->'interrupts')."
"CombatSkill/Desc/C005_2","Tang Moling's 'Furious Unpredictable Flying Shuttle': Deals 10 instances of minor damage each time; interrupts the enemy's action when the damage exceeds 40.","was: Tang Meling's 'Fury's Unpredictable Flying Shuttle': Each time it deals 10 instances of minor damage, damage exceeding 40 interrupts enemy action. | Old/zh verified at line 405. Same technique as C005_1 (極怒無定飛梭) previously had a second English name ('Fury's Unpredictable...'); unified, name corrected."
"CombatSkill/Desc/C006","Long Yuan's 'Seven Absolutes': Can counter the enemy's Ultimate. When this effect does not trigger, performs a powerful attack each round.","was: Long Yuan Seven Absolutes: Can counter the enemy's ultimate move. When the above effect is not triggered, it performs a powerful attack each round. | Old/zh verified at line 413. 絕招 = Ultimate (GLOSSARY), not lowercase 'ultimate move'; restores possessive so the character's name and his named technique (龍淵七絕) aren't run together, matching the 'Sword Saint's First Ultimate' pattern in NOMENCLA"
"CombatSkill/Desc/C008_1","Two Evils 'Luohan Fist': 30% chance to deal minor damage.","was: Two Evils 'Luo Han Quan': 30% chance to deal minor damage. | Old/zh verified at line 417. NOMENCLATURE: 羅漢 stays pinyin 'Luohan' (see 羅漢拳譜 = Luohan Fist Manual), 拳 = Fist; 'Luo Han Quan' mixed pinyin/English inconsistently."
"CombatSkill/Desc/C008_2","Three Evils 'Single Whip Iron Claw Fist': 30% chance to slightly reduce the opponent's Qi.","was: Three Evils 'Single Whip Iron Claw Fist': 30% chance to slightly reduce the opponent's strength | Old/zh verified at line 419. 氣力 (duel bar) = Qi per GLOSSARY, not 'strength'; added missing terminal period."
"CombatSkill/Desc/C011_1","Tang Buyi's 'Coin Dart': Deals minor damage each round and builds up a large amount of paralysis, while also removing one of the opponent's reinforcements.","was: Tang Buyi's 'Money Dart': Causes minor damage each round and accumulates a large amount of paralysis, while simultaneously removing an ally from the opponent. | Old/zh verified at line 425. NOMENCLATURE items table gives 金錢鏢 = Coin Dart explicitly (parallel to 金錢劍 Coin Sword), not 'Money Dart'; clarifies the removed unit is the opponent's reinforcement."
"CombatSkill/Desc/C013","Tang Clan Female Disciple 'Hidden Weapon General Principles': Deals extreme damage each time.","was: Tang Clan female disciple 'Tang Clan Hidden Weapon General Principles': Inflicts excessive damage each time. | Old/zh verified at line 429. Title Case for label; drops 'Tang Clan' from the technique name per register; 超幅 (a tier above 大幅/major) isn't itself in the register, but 'excessive' reads as a flaw rather than a magnitude, so 'extreme' is a reasonable improvement."
"CombatSkill/Desc/C019","Tang Clan Female Disciple 'Hidden Weapon General Principles': Deals significant damage each time.","was: Tang Clan female disciple 'Tang Clan Hidden Weapon General Principles': causes significant damage each time. | Old/zh verified at line 445. Title Case + drop 'Tang Clan' from technique name per register."
"CombatSkill/Desc/C020","Jianghu Fist Master 'Brute Force Fist': Deals moderate damage each time, but has a 50% chance to miss.","was: Jianghu Fist Master 'Brutal Force Fist': Deals moderate damage each time, but has a 50% chance to miss. | Old/zh verified at line 447. Confirmed the same 蠻力拳 technique already reads 'Brute Force Fist' at C004 (line 399) and C021 (line 449); 'Brutal Force Fist' here was a stray third rendering. One-term-one-term consistency fix."
"CombatSkill/Desc/C021","Xu Dajing's Brute Force Fist: Deals moderate damage each time, but has a 50% chance to miss.","was: Xu Daqing's Brute Force Fist: Deals moderate damage each time, but has a 50% chance to miss. | Old/zh verified at line 449. Matches the corrected name; technique name was already correct here."
"CombatSkill/Desc/C023","Tang Jiaojiao's Flower Fist Eye-Piercing Technique: Deals 5 instances of minor damage each round, with a chance to cause [Blindness].","was: Tang Jiao Jiao's Flower Fist Eye Piercing Technique: Deals 5 instances of minor damage each round, with a chance to cause [Blindness]. | Old/zh verified at line 453. Matches corrected name spelling; [Blindness] bracket tag preserved exactly."
"CombatSkill/Desc/C024","Tang Fang's 'Poison Classic Pharmacopoeia': Each round, restores our side's HP and reduces poison and paralysis buildup, while also dealing minor damage to the enemy and building up moderate Blood Poison and Paralysis Poison.","was: Tang Fang's Poison Classic Pharmacopoeia: Each turn, restore health to my side and accumulate poison and numbness values; at the same time, deal minor damage to the enemy, accumulating moderate amounts of blood poison and numbness poison. | Old/zh verified at line 455. 回復 (restore) governs both 血 and 毒麻累積值 in the Chinese, so it cures/reduces our side's buildup, not 'accumulates' it as the old"
"CombatSkill/Desc/C101","Hidden Weapon: After the round countdown ends, inflicts minor damage to the enemy.","was: Hidden Weapon: After the round countdown ends, inflict minor damage to the enemy. | Old/zh verified at line 457. Subject-verb agreement fix ('inflict'->'inflicts'), matching 'Deals'/'Causes' elsewhere."
"CombatSkill/Desc/C103","Hidden Weapon: After the round countdown ends, inflicts minor damage to the enemy.","was: Hidden Weapon: After the round countdown ends, inflict minor damage to the enemy. | Identical Chinese to C101, verified at line 459."
"CombatSkill/Desc/C110","Hidden Weapon: After the round countdown ends, deals significant damage to the enemy.","was: Hidden Weapon: After the round countdown ends, deal significant damage to the enemy. | Old/zh verified at line 461. Same subject-verb agreement fix as C101/C103."
"CombatSkill/Desc/C150","Tang Clan Disciple 'Hidden Weapon General Principles': causes minor damage each time.","was: Tang Clan Disciple 'Tang Clan Hidden Weapon General Principles': causes minor damage each time. | Old/zh verified at line 463. Drop 'Tang Clan' per register, matching C001-C003."
"CombatSkill/Desc/C151","Tang Clan Disciple 'Hidden Weapon General Principles': causes minor damage each time.","was: Tang Clan Disciple 'Tang Clan Hidden Weapon General Principles': causes minor damage each time. | Old/zh verified at line 465. Same register fix; the 小幅/微幅 magnitude wording is unchanged by this proposal."
"CombatSkill/Desc/C152","Tang Clan Disciple 'Hidden Weapon General Principles': causes minor damage each time.","was: Tang Clan Disciple 'Tang Clan Hidden Weapon General Principles': causes minor damage each time. | Old/zh verified at line 467. Same register fix."
"CombatSkill/Desc/C153","Tang Clan Disciple 'Hidden Weapon General Principles': causes minor damage each time.","was: Tang Clan Disciple 'Tang Clan Hidden Weapon General Principles': causes minor damage each time. | Old/zh verified at line 469. Same register fix."
"CombatSkill/Desc/C154","Tang Clan Disciple 'Hidden Weapon General Principles': causes minor damage each time.","was: Tang Clan Disciple 'Tang Clan Hidden Weapon General Principles': causes minor damage each time. | Old/zh verified at line 471. Same register fix."
"CombatSkill/Desc/C155","Tang Clan Disciple 'Hidden Weapon General Principles': causes minor damage each time.","was: Tang Clan Disciple 'Tang Clan Hidden Weapon General Principles': causes minor damage each time. | Old/zh verified at line 473. Same register fix."
"CombatSkill/Desc/C160","Tang Clan Female Disciple 'Hidden Weapon General Principles': causes minor damage each time.","was: Tang Clan female disciple 'Tang Clan Hidden Weapon General Principles': causes minor damage each time. | Old/zh verified at line 475. Title Case + drop 'Tang Clan' per register."
"CombatSkill/Desc/C161","Tang Clan Female Disciple 'Hidden Weapon General Principles': causes minor damage each time.","was: Tang Clan female disciple 'Tang Clan Hidden Weapon General Principles': causes minor damage each time. | Old/zh verified at line 477. Same register fix."
"CombatSkill/Desc/C162","Tang Clan Female Disciple 'Hidden Weapon General Principles': causes minor damage each time.","was: Tang Clan female disciple 'Tang Clan Hidden Weapon General Principles': causes minor damage each time. | Old/zh verified at line 479. Same register fix."
"CombatSkill/Desc/C163","Tang Clan Female Disciple 'Hidden Weapon General Principles': causes minor damage each time.","was: Tang Clan female disciple 'Tang Clan Hidden Weapon General Principles': causes minor damage each time. | Old/zh verified at line 481. Same register fix."
"CombatSkill/Desc/C173","Tang Clan Disciple 'Hidden Weapon General Principles': causes moderate damage each time.","was: Tang Clan Disciple 'Tang Clan Hidden Weapon General Principles': causes moderate damage each time. | Old/zh verified at line 489. Drop 'Tang Clan' per register."
"CombatSkill/Desc/C174_1","Tang Clan Female Disciple's 'Fright Counterattack': Suddenly startled, she strikes back without hesitation, dealing significant damage.","was: Tang Clan female disciple's Shock Counterattack: Suddenly shocked, they launch a counterattack without hesitation, inflicting significant damage. | Old/zh verified at line 491. GLOSSARY splits 驚嚇/震撼 as Fright/Shock; 'Shock Counterattack' collided with the separately registered 震撼 = Shock. Title Case for the label."
"CombatSkill/Desc/C174_2","Tang Clan Female Disciple's 'Fright Counterattack': Suddenly startled, she strikes back without hesitation, dealing significant damage.","was: Tang Clan female disciple's Shock Counterattack: Suddenly shocked, they launch a counterattack without hesitation, inflicting significant damage. | Identical Chinese to C174_1, verified at line 493. Same fix."
"CombatSkill/Desc/C175_1","Tang Clan Female Disciple's 'Tang Clan Poison Classic': Each hit adds minor poison and paralysis buildup.","was: Tang Clan female disciple 'Tang Clan Poison Classic': Each time causing mild poison and numbness, which accumulate over time. | Old/zh verified at line 495. Title Case, and the GLOSSARY's poison buildup / paralysis buildup phrasing; 'Tang Clan' retained in the technique name here to match this row's own established form (unlike the Hidden Weapon General Principles rows, which drop it per a di"
"CombatSkill/Desc/C175_2","Tang Clan Female Disciple's 'Tang Clan Poison Classic': Each hit adds minor poison and paralysis buildup.","was: Tang Clan female disciple 'Tang Clan Poison Classic': Each time causing mild poison and numbness, which accumulate over time. | Identical Chinese to C175_1, verified at line 497. Same fix."
"CombatSkill/Desc/C202","Diancang Disciple's 'Sword Technique': 50% chance to inflict minor damage.","was: Diancang disciple's 'Sword Technique': 50% chance to inflict minor damage. | Old/zh verified at line 501 (Desc already said 'Diancang', lowercase 'disciple'). Title Case fix, matching the sibling 'Qingcheng Disciple's' pattern at line 499."
"CombatSkill/Desc/C203","Emei Disciple 'Flying Kick': 50% chance to deal minor damage.","was: Emei Disciple 'Fei Ti': 50% chance to deal minor damage. | Old/zh verified at line 503. 飛踢 is plain descriptive Chinese ('flying kick'), not a proper technique name, so per NOMENCLATURE rule 2 it must be translated rather than left as pinyin 'Fei Ti'."
"CombatSkill/Desc/C204","Beggar Sect Disciple 'Curse': 30% chance to slightly reduce the opponent's Qi.","was: Beggar Sect Disciple 'Curse': 30% chance to slightly reduce the opponent's strength | Old/zh verified at line 505. 氣力 = Qi per GLOSSARY, not 'strength'; added missing terminal period."
"CombatSkill/Desc/C205","Disciple of the Flying Stone Gang's 'Curse': 30% chance to slightly reduce the opponent's Qi.","was: Disciple of the Flying Stone Gang's 'Curse': 30% chance to slightly reduce the opponent's strength | Old/zh verified at line 507. Same Qi fix as C204."
"CombatSkill/Desc/C211","Xiangyang Great Hero: Damage Reduction 30%, after being attacked, has a 30% chance to trigger 50% damage reflection.","was: Xiangyang Hero: Damage Reduction 30%, after being attacked, has a 30% chance to trigger 50% damage reflection. | Old/zh verified at line 511. Matches corrected name only."
"CombatSkill/Desc/C212","Beggar Sect Disciple 'Jianghu Tricks': 15% chance to sprinkle lime powder causing blindness, 15% chance to pour oil causing imbalance.","was: Beggar Sect disciple 'Jianghu Tricks': 15% chance to sprinkle lime powder causing blindness, 15% chance to pour oil causing imbalance. | Old/zh verified at line 513. Title Case fix only."
"CombatSkill/Desc/C231","Nangong Family Servant's 'Dashing Fan Technique': Uses the fan technique to restrain the opponent, reducing their Hit Rate by 10%. Damage taken by our side is reduced by 10%.","was: Nangong Family Servant's 'Fengliu Fanfa': Use the fan technique to restrain the opponent, reducing their accuracy by 10%. The damage taken by the party is reduced by 10%. | Old/zh verified at line 517. 風流扇法 is meaningful Chinese ('dashing fan technique') left as pinyin 'Fengliu Fanfa'; 命中率 = Hit Rate per GLOSSARY, not 'accuracy'; fixed verb agreement."
"CombatSkill/Desc/C251","Cang Gang Disciple's Surging Wave Blade Technique: causes minor damage based on the number of consecutive hits, and has a 20% chance to inflict [Imbalance] status.","was: Cang Gang disciple's Surging Wave Blade Technique: causes minor damage based on the number of consecutive hits, and has a 20% chance to inflict [Imbalance] status. | Old/zh verified at line 521. Title Case fix only; [Imbalance] bracket tag preserved exactly."
"CombatSkill/Desc/C251_2","Cang Gang Disciple's Surging Wave Blade Technique: causes minor damage based on the number of consecutive hits, and has a 20% chance to inflict [Imbalance] status.","was: Cang Gang disciple's Surging Wave Blade Technique: causes minor damage based on the number of consecutive hits, and has a 20% chance to inflict [Imbalance] status. | Identical Chinese, verified at line 523. Same fix."
"CombatSkill/Desc/C251_3","Cang Gang Disciple's Surging Wave Blade Technique: causes minor damage based on the number of consecutive hits, and has a 20% chance to inflict [Imbalance] status.","was: Cang Gang disciple's Surging Wave Blade Technique: causes minor damage based on the number of consecutive hits, and has a 20% chance to inflict [Imbalance] status. | Identical Chinese, verified at line 525. Same fix."
"CombatSkill/Desc/C251_4","Cang Gang Disciple's Surging Wave Blade Technique: causes minor damage based on the number of consecutive hits, and has a 20% chance to inflict [Imbalance] status.","was: Cang Gang disciple's Surging Wave Blade Technique: causes minor damage based on the number of consecutive hits, and has a 20% chance to inflict [Imbalance] status. | Identical Chinese, verified at line 527. Same fix."
"CombatSkill/Desc/C301","Human Wave Tactics: When HP falls below 10%, it fully restores.","was: Human Wave Tactics: When health is below 10%, it will restore to full health. | Old/zh verified at line 529. 血量 = HP in state-effect text per GLOSSARY, not 'health'."
"CombatSkill/Desc/C302","Human Wave Tactics: When HP falls below 10%, it fully restores.","was: Human Wave Tactics: When health is below 10%, it will restore to full health. | Identical Chinese to C301, verified at line 531. Same fix."
"CombatSkill/Desc/C503","Nangong Qian: Inflicts minor damage each round.","was: Nangong Qian: Inflicts minor damage each round | Old verified at line 539 missing terminal period. Punctuation-only fix."
"CombatSkill/Desc/C507","Mystic Skill Disciple 'On-the-spot Guidance': Crit dice +50, Damage Reduction +50%.","was: Mystic Skill Disciple 'On‑the‑spot Guidance': Critical Hit Dice +50 dice, Damage Reduction +50% | Old/zh verified at line 547 (two U+2011 hyphens). ASCII hyphen fix; GLOSSARY: 爆擊骰 = 'crit dice', not 'Critical Hit Dice'; removes the redundant 'dice +50 dice' phrasing and adds the missing period."
"CombatSkill/Desc/C512","Passerby Hero's 'Leopard Heart, Ox's Lament Slash': Doesn't even look, just keeps hitting you, over and over. Deals 2 instances of minor damage each round, or misses.","was: Passerby Hero's Tiger Heart Ox's lament Slash: You don't even look, just keep hitting you, keep hitting you. Each round deals 2 instances of minor damage or misses. | Old/zh verified at line 557. 豹 is leopard, not tiger - a straightforward character-level correction, not a register judgment call. Also fixes the subject: the Chinese has the Passerby Hero (not the player) as the one who doesn't"
"CombatSkill/Desc/C513","Flying Heaven Disciple's 'Flying Heaven Kick': Deals minor damage each round and has a moderate chance to cause Imbalance.","was: Flying Heaven Kick: Deals minor damage each round and has a moderate chance to cause the Imbalance status effect. | Old/zh verified at line 559. The old text dropped the disciple actor entirely (same pattern as C170-172), reading as though 'Flying Heaven Kick' were the state's own name; restored to match the Name field (line 558, same as C504)."
"CombatSkill/Desc/C515","Ye Yunzhou's 'Breakthrough of Cloud Pass · Thunder Shakes the Heavens': Triggers a lethal super crit every three rounds, causing Shock.","was: Ye Yunzhao 'Breakthrough of Cloud Pass. Thunder Shakes the Heavens': Activates lethal super critical damage every three rounds, causing Shock. | Old/zh verified at line 563. Corrected name; the Chinese '．' compound-name separator was rendered as a sentence-ending period in the old text, splitting one technique name into two sentences - GLOSSARY's permitted ' · ' separator (also used in this s"
"CombatSkill/Desc/C516","Ye Yunzhou's 'Breakthrough of Cloud Pass': Triggers a significant crit every three rounds.","was: Ye Yunzhao's Breakthrough of Cloud Pass: Triggers a significant burst damage every three turns. | Old/zh verified at line 565. Corrected name; 'turns' changed to 'rounds' (回合) to match the rest of the file; 爆擊 = Crit, not generic 'burst damage'."
"CombatSkill/Desc/C518","Diancang Disciple's 'Dual Sword Harmony': Combo Count +1 on hit; attack/defense/Qi recovery speed increase as the combo count rises.","was: Diancang Disciple 'Dual Sword Harmony': Hit Chain Count +1, increases attack/defense/spirit recovery speed as the chain count increases. | Old/zh verified at line 569. GLOSSARY: 連擊數 = Combo Count, not 'Hit Chain Count'; 氣 = Qi, and GLOSSARY explicitly excludes 'spirit' as a rendering of 氣."
"CombatSkill/Desc/C521","Xiahou Lan's 'Soul-Stealing Orchid': When present, enemy critical strikes are nullified. 50% chance to fall into [Timidity] state.","was: Xiahou Lan 'Soul‑Stealer Orchid': When present, enemy critical strikes are nullified. 50% chance to fall into [Timidity] state. | Register requires Soul-Stealing Orchid, not Soul-Stealer; non-ASCII hyphen fixed; missing possessive restored."
"CombatSkill/Desc/C523","Jinxiang Disciple's Sword Technique: 50% chance to deal medium damage.","was: Jinxiang Disciple's 'Sword Technique': 50% chance to deal medium damage. | Matches the unquoted format used one row later (C524) for the identical Chinese pattern 畫中仙《劍法》."
"CombatSkill/Desc/C525_1","Xiao Mei's Vigil: A hundredfold courage when facing her beloved, with increased Qi recovery per round.","was: Xiao Mei's Vigil: A hundredfold courage when facing the beloved, with increased spirit recovery per round. | 氣 is the Qi stat, not spirit; clarifies whose beloved without changing meaning."
"CombatSkill/Desc/C525_2","Xiao Mei's Vigil: A hundredfold courage when facing her beloved, but it has no effect because you've fallen for someone else.","was: Xiao Mei's Vigil: In front of the beloved, she dares to do anything, but because you've fallen in love with someone else, it's all in vain. | Matches the identical opening phrase used in paired C525_1 instead of an unrelated paraphrase; old's 'she dares to do anything' didn't render 勇氣百倍 accurately."
"CombatSkill/Desc/C526","Lady Wen's Xianlu Gong · Nezha's Command · Dragon in Shallow Water: Qin sound carrying Internal Force. Each round, the enemy loses Qi -3 and HP -8%, with a 25% chance to randomly inflict Timidity or Anger.","was: Lady Wen's Shenlu Palace · Nezha's Command · Dragon in Shallow Water: Qin sound carrying inner strength, each round causes the enemy to lose Qi ‑3, HP ‑8%, and has a 25% chance to cause timidity or anger status effects. | 仙侶宮 isn't in the register (judgment call, flagged for a human, matching the musical-mode pattern in C527); corrected the proposal's 'Xianlü' to ASCII 'Xianlu' since Nomencla | ruled 20260912 (q04): was Lady Wen's Xianlu Gong · Nezha's Command · Dragon in Shallow"
"CombatSkill/Desc/C527","Lady Wen's Yue Diao · Leaning on the Balustrade · Mutual Forgetting from Afar: There is no qin sound carrying Internal Force; each round, our side's Qi +4, the enemy's Qi -4.","was: Lady Wen's Yue Tiao · Balcony Person · Forget Each Other Far Away: There is no qin sound carrying inner strength; each round, our side's qi +4, the enemy's qi ‑4. | 調 transliterates Diao not Tiao; unifies 憑欄人 with its translated form used in C557 (this row had it as 'Balcony Person', C557 had pinyin 'Peng Lan Ren' - one term, one English); Qi capitalized, hyphen fixed. Title wording is a best | ruled 20260912 (q04): was Lady Wen's Yue Diao · Leaning on the Balustrade · Mutual For"
"CombatSkill/Desc/C528","Yu Xiaomei's One-Toe Riding the Wind · Flying Heaven Kick: Deals minor damage each round. Has a 50% chance to cause Imbalance when attacking. When the party is Imbalanced, skip attacking, assist, and remove the Imbalance status.","was: Yu Xiaomei's One Toe Riding the Wind · Flying Heaven Kick: Deals minor damage each round. Has a 50% chance to cause Imbalance when attacking. When the party is Imbalanced, skip attacking, assist, and remove the Imbalance status. | Hyphenates 'One-Toe' to match the register's 一趾 compounds (One-Toe Divine Power)."
"CombatSkill/Desc/C529","Long Xiang's Longyuan Seven Absolutes: Can defend against the enemy's Ultimate. When this effect does not activate, performs a powerful attack each round.","was: Long Xiang's 'Long Yuan Seven Absolutes': Can defend against the enemy's ultimate move. When the above effect does not activate, perform a powerful attack each round. | 絕招 is the register's Ultimate; 龍淵 joins as Longyuan per the transliteration rule, matching its reuse in C907."
"CombatSkill/Desc/C530","Tang Moling's Unpredictable Flying Shuttle: Each round generates an [Unpredictable Flying Shuttle], which can negate the opponent's Hidden Weapons.\n[Unpredictable Flying Shuttle] fires after three rounds, dealing minor damage. When three [Unpredictable Flying Shuttle] are on the field, it consumes them all to deal powerful critical damage.","was: Tang Meling's Unpredictable Flying Shuttle: Each turn generates a [Unpredictable Flying Shuttle], which can negate the opponent's Hidden Weapons. After three turns, it fires causing minor damage. When there are three [Unpredictable Flying Shuttle] on the field, consume all to deal a powerful burst damage. | Name fix; 爆擊 is Crit not burst; \n restored. Also corrected the proposal itself: the s"
"CombatSkill/Desc/C531","Yuan Wuxian's Monkey King Staff: While defending against attacks from Nangong Qian, provoking you both to fight each other.","was: Yuan Wuxian's 'Yuan Wang Staff': While defending against attacks from Nangong Qian, provoking you to fight each other. | 猿王 is the register's Monkey King, distinct from the transliterated 袁 surname; 你們 is plural, so 'you both' fixes the referent."
"CombatSkill/Desc/C533","Tang Sheng's The Universe in the Sleeve: 30% chance to protect allies, 30% chance to deal minor damage and accumulate moderate paralysis buildup, 40% chance to observe and speak harshly, causing moderate Qi damage.","was: Tang Sheng's 'Sleeve's Hidden Realm': 30% chance to protect allies, 30% chance to deal minor damage and accumulate moderate paralysis, 40% chance to observe and speak harshly, causing moderate damage. | Restores dropped 氣 (it's Qi damage); 累積值 is buildup per glossary; unifies with the same character's C550 name for this sleeve-idiom technique (袖底/袖裡乾坤)."
"CombatSkill/Desc/C534","Tang Weiyuan's 'Seize Every Opportunity': When our side deals damage, immediately follows up with multiple instances of minor damage.","was: Tang Weiyuan 'Seize Every Opportunity': When our side causes damage, immediately pursue and deal with multiple minor damages. | 'Deal with...damages' read as handling rather than dealing damage; missing possessive restored."
"CombatSkill/Desc/C535","Danxiazi's 'Wind Blade and Fire Sword': Deals moderate damage twice per round and has a 50% chance to cause Imbalance.","was: Danxiazi's 'Wind Blade and Fire Sword': Deals 2 moderate damage per round and has a 50% chance to cause imbalance. | '2 moderate damage' is an uncountable-noun error; Imbalance capitalized to match its use everywhere else in the file."
"CombatSkill/Desc/C536","Fan Xiaotian's 'Dog-Beating Fist': Deals a 5-hit combo of minor damage per round.","was: Fan Xiaotian's 'Dog Punch': Deals 5 instances of minor consecutive damage per round. | Register requires Dog-Beating Fist (Dog Punch is explicitly wrong); 連擊 is combo per the glossary's N-Hit Combo form."
"CombatSkill/Desc/C537","Xie Wuchen's Great Forceful Kick: Triggers every two rounds, dealing 1-8 hits of minor combo damage, with a 30% chance to inflict Imbalance on the opponent.","was: Jie Wuchen's Great Forceful Kick: Triggered every two rounds, dealing 1~8 minor consecutive damage, and has a 30% chance to cause the opponent to become unbalanced. | Matches the file's Imbalance status name instead of paraphrasing 'become unbalanced'; ASCII hyphen for the range; combo terminology. | ruled 20260912 (q09): was Jie Wuchen's Great Forceful Kick: Triggers every two rounds,"
"CombatSkill/Desc/C538","Li Fugui's Startled Snake Staff: Each round deals minor damage and Qi damage, with a 30% chance to inflict [Timidity] status.","was: Li Fugui's Startled Snake Staff: Each round deals minor damage and qi damage, with a 30% chance to inflict [Timidity] status. | Qi is a proper stat name and should be capitalized."
"CombatSkill/Desc/C539","Fu Yun's Chatterbox: Lectures each round, causing moderate Qi damage to the opponent, with a 50% chance to inflict [Anger] status.","was: Fu Yun's Chatterbox: Lectures each round, causing moderate qi damage to the opponent, with a 50% chance to inflict [Anger] status. | Qi capitalization."
"CombatSkill/Desc/C540","Zou Bo's Convergence Palm · Celestial Master Sword: Each round, randomly attacks or defends. When attacking, deals moderate damage to the opponent and inflicts Shock; when defending, reduces incoming damage by 60% and restores 5 Qi.","was: Zou Bo's 'Shen Tong Zhang. Tian Shi Jian': Each round, randomly choose to attack or defend. When attacking, deal moderate damage to the opponent, adding a shock effect; when defending, reduce incoming damage by 60%, and restore +5 stamina. | 掌/劍 are meaningful technique names to translate, not transliterate; 天師劍 aligns with the register's Celestial Master Sword Technique; 震撼=Shock; 氣力=Qi not "
"CombatSkill/Desc/C541","Yu Xiaomei's Heaven Dragon Earth Tiger Style: When Venerable Golden Crow is not attacking, deals medium damage and builds combo; when he attacks, defends instead, reducing damage taken by 20%.","was: Yu Xiaomei's 'Tianlong Dihu Style': Perform a mid‑range attack when Jinwu Shangren is not actively attacking to increase combo damage; defend during his attack to reduce damage taken by 20%. | 金烏上人 is the register's Venerable Golden Crow (Jinwu Shangren is explicitly wrong); 中幅 is a damage-size tier (medium), not a distance ('mid-range'); technique name translated per rule 2."
"CombatSkill/Desc/C543","Songshan Disciple's Songshan Wind and Wave Staff: Deals moderate damage once every two rounds and has a 30% chance to cause Imbalance.","was: Songshan Disciple's Songshan Wind and Wave Staff: Deals one moderate damage over two rounds and has a 30% chance to cause Imbalance. | 'One moderate damage' is an uncountable-noun error."
"CombatSkill/Desc/C544","Xiahou Lan's Soul-Stealing Phantom Claw · Iron Umbrella Skill: Enemy Hidden Weapons are always blocked. Every three rounds, it triggers a super critical hit.","was: Xiahou Lan's Soul‑Stealer Phantom Claw · Iron Umbrella Skill: Enemy Hidden Weapons are definitely blocked. Every three turns, a super burst damage is triggered. | Register requires Soul-Stealing Phantom Claw, not Soul-Stealer; non-ASCII hyphen; 爆擊 is Crit, not burst."
"CombatSkill/Desc/C545","Nangong Shen's 'Dashing Fan True Transmission': While active, reduces damage taken by our side by 20% and grants a large amount of extra crit dice. Deals minor damage each round.","was: Nangong Shen's 'Flowery Fan True Transmission': While active, our team takes reduced damage 20%, and we add a large number of critical dice, causing minor damage each round. | 'Takes reduced damage 20%' was broken grammar; 爆擊骰 is crit dice per glossary. | ruled 20260912 (q21): was Nangong Shen's 'Flowery Fan True Transmission': While active"
"CombatSkill/Desc/C546","Shi Ming's 'Nayuta Calamity Finger': Causes moderate damage each round and accumulates moderate paralysis buildup.","was: Shi Ming's 'Nayuta Calamity Finger': Causes moderate damage each round and accumulates moderate paralysis. | 累積值 is buildup per glossary."
"CombatSkill/Desc/C547","Tang Moling's 'Heaven and Earth Silent Power · Assassination Sword': The Junior Martial Sister determined to kill. Low chance to deal super critical damage that cannot be parried or dodged.","was: Tang Meling's 'Heaven and Earth Silent Power · Assassination Sword': The junior martial sister determined to kill. Low probability of causing unavoidable, evasive super critical damage. | Name fix; old inverted the meaning of 無法招架、迴避 (damage that cannot be parried or dodged, not 'evasive' damage); Junior Martial Sister capitalized per register."
"CombatSkill/Desc/C548","Xiahou Lan's Snow Mountain Flying Swan Claw · Iron Umbrella Skill: Enemy Hidden Weapons are always blocked. Every three rounds, it triggers high critical damage, always causing Imbalance.","was: Xiahou Lan's Snow Mountain Flying Swan Claw · Iron Umbrella Skill: Enemy hidden weapons are definitely blocked. Every three turns, it triggers a high explosive damage, definitely causing imbalance. | 爆擊 is Crit, not explosive; Imbalance and Hidden Weapons capitalized."
"CombatSkill/Desc/C549","Fu Yun's Chatterbox Tempest Staff: Beats people while preaching.\nEach round deals minor Qi damage, moderate damage once every two rounds, and has a low chance to cause Imbalance.","was: Fu Yun's Chatterbox Tempest Staff: beats people while preaching. Each round deals minor Qi damage, moderate damage once after two rounds, and has a low chance to cause imbalance. | Sentence-start capitalization; a literal \n was dropped and is restored; Imbalance capitalized; 'once after two rounds' corrected to the recurring 'once every two rounds' matching 兩回合造成一次."
"CombatSkill/Desc/C550","Tang Sheng's The Universe in the Sleeve: Performs a medium attack once per round. Every 6 rounds, also performs a major attack and prevents the opponent from acting.","was: Tang Sheng's The Universe in the Sleeve: Once per round, a medium attack. Every 6 rounds, an additional strong attack, and prevents the opponent from taking action. | 大幅 is major per the glossary's minor/medium/major size tiers, not strong; cleans up the dangling sentence fragments."
"CombatSkill/Desc/C551","Shi Ming's 'Flower-Twirling Finger': Significantly increases our block chance and reduces the enemy's Qi by 3.","was: Shi Ming's 'Flower Plucking Finger': Significantly increases our defense chance and causes the enemy's strength to ‑3. | 氣力 is Qi, not strength; 格檔 (block) matches this file's own established rendering (C508, C544, C548); non-ASCII hyphen and broken '-3' grammar fixed. | ruled 20260912 (q22): was Shi Ming's 'Flower Plucking Finger': Significantly increases"
"CombatSkill/Desc/C552","Yin Zhiping's Reverse Step Big Dipper Seven Stars: Both sides' attack damage drops 60% and Qi -5.","was: Yin Zhiping's Reverse Step Big Dipper Seven Stars: Both sides' attack power damage decreases by 60%, spirit ‑5. | 氣力 is Qi, not spirit; non-ASCII hyphen."
"CombatSkill/Desc/C554","Diancang Twin Venerables' Yin and Yang Twin Swords: On hit, follows up with an attack, increasing combo count by +2; as combo count rises, attack, defense, and Qi recovery increase.\nWhen combo count exceeds 8, activates [Sword Realm].\nWhen combo count exceeds 12, consumes combo count to unleash the Ultimate [Cloud Mountains and Mist Sea Invite Heaven Sword], dealing extremely powerful damage that ignores damage reduction effects.","was: Diancang Shuangzun's Yin and Yang Twin Blades: On hit, pursue with consecutive hits, increasing consecutive hits by +2, enhancing attack, defense, and spirit recovery as consecutive hits increase. When consecutive hits exceed 8, activate [Sword Realm]. When consecutive hits exceed 12, consume consecutive hits to unleash the Ultimate [Cloud Mountains and Mist Sea Invite Heaven Sword], dealing "
"CombatSkill/Desc/C555","Xiang Wuyou's Heart Sword Thunder God Kick: Each round has a high chance to significantly increase our Dodge rate. When dodging, there is a high chance to counterattack, increasing combo count by 1.\nAs combo count rises, there is a chance to unleash the Ultimate [Thunder God Kick], dealing massive damage and adding [Shock] status.","was: Xiang Wuyou's Heart Sword Thunder God Foot: Each round has a high chance to significantly increase our evasion. When evading, there is a high chance to counterattack, increasing the number of consecutive hits +1. As the number of consecutive hits increases, there is a chance to unleash the Ultimate [Thunder God Foot], dealing massive damage and adding the [Shock] status effect. | 迴避 is Dodge  | ruled 20260912 (q20): was Xiang Wuyou's Heart Sword Thunder God Foot: Each round has a"
"CombatSkill/Desc/C556","Painting Immortal's 'Formless Divine Skill': Significantly weakens enemy defense, Parry, and Dodge rates, while greatly increasing your crit dice. Each round deals minor damage and accumulates paralysis.","was: Painting Immortal's 'Shapeless Divine Skill': significantly weakens enemy defense, parrying, and evasion rates, while greatly increasing your critical hit dice. Each round deals minor damage and accumulates paralysis. | GLOSSARY's own worked example names this skill Formless Divine Skill; 招架/迴避 are Parry/Dodge; 爆擊骰 is crit dice; sentence-start capitalization."
"CombatSkill/Desc/C557","Ye Yunshang's Yue Diao · Leaning on the Balustrade · Vow of Growing Old Together: Each round, our side's Qi +3; when HP is below 50%, also recovers 10% HP per round.","was: Ye Yunshang's Yue Tiao · Peng Lan Ren · Vow of Growing Old Together: Each round, when our side's spirit is at +3 and health is below 50%, recover 10% per round. | Fixes the mode-name pinyin and unifies 憑欄人 with C527's translated form (also correcting its own wrong 'Peng' pinyin); corrects a false conditional - source has two separate, parallel effects, not one gating the other; Qi/HP terminol"
"CombatSkill/Desc/C558","Nan Xi's Seven Stars Sword Technique: Counteracts the damage reduction effect of [Reverse Step Big Dipper Seven Stars] on our side, dealing moderate damage each round.","was: Nan Xi's Seven Stars Sword Technique: Counteracts the damage reduction effect of [Reverse Step of the Seven Stars] on our side, dealing moderate damage each round. | Matches the actual established name of the referenced skill (C552), which this row paraphrased and dropped 'Big Dipper' from."
"CombatSkill/Desc/C903","Tang Moling's 'Furious Unpredictable Flying Shuttle': Furious, all Hidden Weapons are being launched.\nCauses 10 instances of minor damage per round, interrupting the enemy's action if the damage exceeds 40.","was: Tang Meling's 'Furious Unpredictable Flying Shuttle': Furious, all hidden weapons are being launched. Causes 10 instances of minor damage per round, interrupting the enemy's action if the damage exceeds 40. | Name fix; Hidden Weapons capitalized; a dropped \n is restored."
"CombatSkill/Desc/C906","Shangguan Ying's Suffering Fist · Destroying Heaven and Earth Style: Mad with rage, Suffering Fist has surpassed its limits. Each round has a 40% chance to deal super critical damage.","was: Shangguan Ying's Sorrowful Fist ‑ Destroying Heaven and Earth Style: Mad with rage, Sorrowful Fist has surpassed its limits. Each round has a 40% chance to deal super critical damage. | The source's ・ separator should render as the house ' · ' glyph, not a non-ASCII hyphen. | ruled 20260912 (q23): was Shangguan Ying's Sorrowful Fist · Destroying Heaven and Eart"
"CombatSkill/Desc/C907","Long Xiang's Longyuan Seven Absolutes Sword: Furious, his killing intent turns icy cold.","was: Long Xiang's Long Yuan Seven Absolutes Sword: furious, kill intent is icy cold. | Matches the joined Longyuan form from C529; sentence-start capitalization; 'kill intent' grammar."
"CombatSkill/Desc/C908","Tan Ba Dao's Ba Dao: While present, he swings his blade with tiger-like vigor and an overwhelming presence, granting the allied side extra Qi recovery +5. Deals significant damage once every two rounds.","was: Tan Ba Dao's Ba Dao: When present, swinging a large blade with a tiger‑like vigor, an overwhelming presence, causing the allied side to recover extra Qi +5. Deals significant damage once every two rounds. | Non-ASCII hyphen; cleans up the comma-spliced fragment and the 'recover...+5' grammar."
"CombatSkill/Desc/C909","Young Lord Yu's Wealthy Dashing Fan: While on the field, uses fan techniques to restrain the opponent. Reduces damage taken by the party by 20%. Deals moderate damage every two rounds.","was: Young Lord Yu's Wealthy Elegance Fan: While in the field, uses a restraining technique with the fan. Reduces damage taken by the party by 20%. Deals moderate damage every two turns. | 風流扇 is rendered Flowery Fan for the same base term elsewhere (C545); 'turns' changed to 'rounds' for consistency. | ruled 20260912 (q21): was Young Lord Yu's Wealthy Flowery Fan: While on the field, use"
"CombatSkill/Desc/C913","Tang Buyi's Battle Against Long Xiang: Don't bother me. Each round deals high critical damage to the enemy and accumulates paralysis buildup.","was: Tang Buyi's Battle Against Long Xiang: Don't bother me. Each round deals high explosive damage to the enemy and accumulates paralysis value. | 爆擊 is Crit, not explosive; 累積值 is buildup."
"CombatSkill/Desc/C916","Dog's 'Roar': Just barks, but doesn't bite. Each round causes the enemy to suffer minor Qi damage, with a chance to bite and kill a Poison Snake.","was: Dog Roar: Just barks, but doesn't bite. Each round causes the enemy to suffer minor damage and has a chance to bite and kill a poison snake. | Restores that the damage is Qi damage; restores the skill-name quoting; capitalizes the named unit Poison Snake."
"CombatSkill/Desc/C917","Tang Buyi's 'Talks but Doesn't Practice': Each round performs a Verbal Attack to provoke the enemy, slightly reducing their Qi and having a chance to cause Anger.","was: Tang Buyi 'Talks but Doesn't Practice': Each round performs verbal assaults to provoke the enemy, slightly reducing their strength and having a chance to cause Anger. | Missing possessive; 氣力 is Qi, not strength; 嘴攻 is the named Verbal Attack command."
"CombatSkill/Desc/C922_1","Emei Disciple's 'Five Tigers' Broken Gate Blade': Deals minor damage each round, with a 30% chance to add 'Imbalance'.","was: Emei Disciple's 'Five Tigers' Broken Gate Blade': causes minor damage each round, has a 30% chance to add 'Imbalance'. | Unifies phrasing/capitalization with the identical text used elsewhere for this same skill."
"CombatSkill/Desc/C922_2","Emei Disciple's 'Five Tigers' Broken Gate Blade': Deals minor damage each round, with a 30% chance to add 'Imbalance'.","was: Emei Disciple's 'Five Tigers' Broken Gate Blade': causes minor damage each round, has a 30% chance to add 'Imbalance'. | Same consistency fix."
"CombatSkill/Desc/C922_3","Emei Disciple's 'Five Tigers' Broken Gate Blade': Deals minor damage each round, with a 30% chance to add 'Imbalance'.","was: Emei Disciple's 'Five Tigers' Broken Gate Blade': causes minor damage each round, has a 30% chance to add 'Imbalance'. | Same consistency fix."
"CombatSkill/Desc/C922_4","Emei Disciple's 'Five Tigers' Broken Gate Blade': Deals minor damage each round, with a 30% chance to add 'Imbalance'.","was: Emei Disciple's 'Five Tigers' Broken Gate Blade': causes minor damage each round, has a 30% chance to add 'Imbalance'. | Same consistency fix."
"CombatSkill/Desc/C922_5","Emei Disciple's 'Five Tigers' Broken Gate Blade': Deals minor damage each round, with a 30% chance to add 'Imbalance'.","was: Emei Disciple's 'Five Tigers' Broken Gate Blade': causes minor damage each round, has a 30% chance to add 'Imbalance'. | Same consistency fix."
"CombatSkill/Desc/C924","Ye Yunshang's Intimidation: Harsh words are used, while simultaneously wielding a staff to intimidate, with a medium chance of causing the enemy's Qi to suffer minor damage.","was: Ye Yunshang's Intimidation: Harsh words are used, while simultaneously wielding a staff to intimidate, with a medium chance of causing the enemy's spirit to suffer minor damage. | 氣 is Qi, not spirit."
"CombatSkill/Desc/C925","Iron Crown Daoist's Celestial Master Sword Technique: Causes moderate damage each round, deals extra damage to villains, and has a 15% chance to cause Shock.","was: Iron Crown Daoist's Celestial Master Sword Technique: Causes moderate damage each round, deals extra damage to villains, and has a 15% chance to cause shock. | 震撼 is the named Shock status; capitalized for consistency with the rest of the file."
"CombatSkill/Desc/C926_1","Qingcheng Disciple's 'Eight Immortals Sword Technique': Deals minor damage each round, dealing extra damage to villains.","was: Qingcheng Disciple's 'Eight Immortals Sword Technique': deals minor damage each round, dealing extra damage to villains. | Sentence-start capitalization."
"CombatSkill/Desc/C926_2","Qingcheng Disciple's 'Eight Immortals Sword Technique': Deals minor damage each round, dealing extra damage to villains.","was: Qingcheng Disciple's 'Eight Immortals Sword Technique': deals minor damage each round, dealing extra damage to villains. | Sentence-start capitalization."
"CombatSkill/Desc/C927","Wolf's 'Bite': Causes minor damage each round.","was: Wolf 'Bite': Causes minor damage each round | Missing possessive and missing terminal period."
"CombatSkill/Desc/C929","Ye Yunshang's 'With You Together': All damage is halved, and each round clears 20 poison and paralysis buildup.","was: Ye Yunshang 'With You Together': All damage is halved, and each round recovers the accumulated poison value 20. | Missing possessive; the old text dropped 麻 (paralysis) entirely and garbled the buildup phrasing."
"CombatSkill/Desc/D006","Dihua Soft Muscle Powder: A colorless and odorless poison that reduces Hit Rate based on paralysis buildup.","was: Dihua Soft Muscle Powder: A colorless and odorless poison that reduces accuracy based on the cumulative paralysis value. | 命中率 is Hit Rate per GLOSSARY (Accuracy avoided); 累積值 is 'paralysis buildup', not 'cumulative value'."
"CombatSkill/Desc/D007","Other Shore Immortal Fragrance: A colorless and odorless rare poison that causes the poisoned to experience extremely realistic illusions, Hit Rate -30%.","was: Other Shore Immortal Fragrance: A colorless and odorless rare poison that causes the poisoned to experience extremely realistic illusions, Accuracy ‑30%. | 命中率 is Hit Rate per GLOSSARY, not Accuracy; replaced non-ASCII hyphen with ASCII."
"CombatSkill/Desc/D009","Mournful Deaf Spider: A rare poison of the Tang Clan. Those afflicted bleed from both ears and instantly go deaf, letting out a shrill scream. If Qi is not circulated in time to suppress the poison, the consequences are dire. On the next round, HP drops sharply by 40%, and the [Timidity] status is applied.","was: Mournful Deaf Spider: A rare poison from the Tang Clan. Those afflicted bleed from both ears and become deaf, emitting a piercing scream. If not treated promptly, their health will drop by 40% on the next turn, and the 'timidity' status will be applied. | The current patch actually mistranslates this: it drops 運氣鎮毒 ('circulate Qi to suppress the poison') and conflates 後果堪憂 with the following "
"CombatSkill/Desc/S7010_1","Hell Messenger Lv1: Each round has a 10% chance to inflict [Timidity] on timid individuals.","was: Hell's Messenger Lv1: Each round has a 10% chance to inflict [Timidity] on timid individuals. | Verified against row 971. The row's own Name (row 970) already reads 'Hell Messenger Lv1' (no possessive); this is the exact talent/buff-name mismatch NOMENCLATURE's intro flags as the commonest patch failure."
"CombatSkill/Desc/S7010_2","Hell Messenger Lv2: Each round has a 15% chance to inflict [Timidity] on timid individuals.","was: Hell's Messenger Lv2: Each round has a 15% chance to inflict [Timidity] on timid individuals. | Verified against row 973. Same Name-row consistency fix as Lv1."
"CombatSkill/Desc/S7010_3","Hell Messenger Lv3: Each round has a 20% chance to inflict [Timidity] on timid individuals.","was: Hell's Messenger Lv3: Each round has a 20% chance to inflict [Timidity] on timid people. | Verified against row 975. Same name fix, plus unifies 'timid people' -> 'timid individuals' to match the other three levels' wording."
"CombatSkill/Desc/S7010_4","Hell Messenger Lv4: Each round has a 25% chance to inflict [Timidity] on timid individuals.","was: Hell's Messenger Lv4: Each round has a 25% chance to inflict [Timidity] on timid individuals. | Verified against row 977. Same Name-row consistency fix."
"CombatSkill/Desc/S707_1","Heartburn Seal Lv1: When the attribute is Yang, poison buildup +35 each round, extra Qi +5. (Effect enhanced during Greater Yang)","was: Heartburn Seal Lv1: When the attribute is Yang, each round increases 35 poison accumulation, extra Qi +5. (Effect enhanced during Greater Yang) | Verified against row 957. 'buildup' matches GLOSSARY; the +N/+N parallel form matches this skill's own Lv2/Lv3 siblings. No meaning change."
"CombatSkill/Desc/S707_3","Heartburn Seal Lv3: When the attribute is Yang, poison buildup +80 each round, extra Qi +20. (Effect enhanced during Greater Yang)","was: Heartburn Seal Lv3: When the attribute is Yang, each round increases 80 poison accumulation, extra Qi +20. (Effect enhanced during Greater Yang) | Verified against row 961. Same buildup/parallel-format fix as Lv1/Lv2, kept consistent across the family."
"CombatSkill/Desc/S805","Flying Swallow Meteor Feather: Each round, automatically fires and deals damage.\nWhen the enemy launches a hidden weapon, it consumes its duration and blocks it.","was: Flying Swallow Meteor Feather: Each round automatically fires, dealing damage. When the enemy launches hidden weapons, it consumes their duration and deflects them. | Verified against row 989 (source \n before 敵方投射). \n restored; singular 'a hidden weapon' / 'it' is a defensible reading of the number-neutral Chinese and matches a duration-ticking block mechanic better than old's blanket plura"
"CombatSkill/Desc/S8125","Tongzhou Sword Technique: When the combo count exceeds 2, the Ultimate becomes [Tongzhou Sword Technique].","was: Tongzhou Sword Technique: When the number of consecutive hits exceeds 2, the Ultimate becomes [Tongzhou Sword Technique]. | Verified against row 1023. GLOSSARY row 57 explicitly lists 'consecutive hits' as an avoid-form for 連擊數 (combo count); this also matches the skill's own Lv1 sibling S8125_1."
"CombatSkill/Desc/S8125_1","Tongzhou Sword Technique: When the combo count exceeds 2, the Ultimate becomes [Tongzhou Sword Technique], with damage influenced by the current combo count. When the combo count exceeds 12, clear all combo counts.","was: Tongzhou Sword Technique: When the combo count exceeds 2, the ultimate becomes [Tongzhou Sword Technique], with damage influenced by the current combo count. When the combo count exceeds 12, clear all combo counts. | Verified against row 1025. Only change is capitalizing 'ultimate'->'Ultimate' as the proper term, matching every other row in the file."
"CombatSkill/Desc/S8126_1","First Ultimate: When the combo count exceeds 3, the Ultimate becomes [First Ultimate], with damage influenced by the current combo count and Qinggong. When the combo count exceeds 12, clear all combo counts.","was: First Extreme Move: When combo count exceeds 3, Ultimate becomes [First Extreme Move], with damage influenced by current combo count and Qinggong. When combo count exceeds 12, clear all combo counts. | Verified against row 1027. Renamed per register; added articles used everywhere else in the file."
"CombatSkill/Desc/S904_1","Breakthrough of Cloud Pass: When the combo count exceeds 2, the Ultimate becomes [Breakthrough of Cloud Pass], with damage influenced by the current combo count.\nWhen the combo count exceeds 8, clear all combo counts.","was: Breakthrough of Cloud Pass: When the combo count exceeds 2, the Ultimate becomes [Breakthrough of Cloud Pass], with damage influenced by the current combo count. When the combo count exceeds 8, clear all combo counts. | Verified against row 997 (source has \n between the two clauses that the old patch merged). Pure \n restoration, no wording change otherwise."
"CombatSkill/Desc/S9200_1","Acupoint Striking Rope: When your Qi is higher than your opponent's, the Hidden Weapon becomes [Acupoint Striking Rope], causing a large amount of paralysis buildup.","was: Acupoint Striking and Threading: When your Qi is higher than the opponent's, the Hidden Weapon becomes [Acupoint Striking and Threading], causing a large amount of paralysis accumulation. | Verified against row 1057. Renamed per register; accumulation -> buildup per GLOSSARY."
"CombatSkill/Name/A004","One-Handed","was: One‑Handed | Strips U+2011 hyphen per GLOSSARY."
"CombatSkill/Name/A006","Dog-Beating Fist","was: Dog Punch | NOMENCLATURE fixes 揍狗拳=Dog-Beating Fist; 'Dog Punch' explicitly listed as wrong."
"CombatSkill/Name/A012_1","Tang Clan Hidden Weapons Lv1","was: Tang Clan Hidden Weapon Lv1 | 唐門暗器 discipline name is plural per NOMENCLATURE; disagreed with its own correct Desc row."
"CombatSkill/Name/A012_2","Tang Clan Hidden Weapons Lv2","was: Tang Clan Hidden Weapon Lv2 | Discipline name is plural (NOMENCLATURE)."
"CombatSkill/Name/A012_3","Tang Clan Hidden Weapons Lv3","was: Tang Clan Hidden Weapon Lv3 | Discipline name is plural (NOMENCLATURE)."
"CombatSkill/Name/A012_4","Tang Clan Hidden Weapons Lv4","was: Tang Clan Hidden Weapon Lv4 | Discipline name is plural (NOMENCLATURE)."
"CombatSkill/Name/A012_5","Tang Clan Hidden Weapons Lv5","was: Tang Clan Hidden Weapon Lv5 | Discipline name is plural (NOMENCLATURE)."
"CombatSkill/Name/A012_6","Tang Clan Hidden Weapons Lv6","was: Tang Clan Hidden Weapon Lv6 | Discipline name is plural (NOMENCLATURE)."
"CombatSkill/Name/A012_7","Tang Clan Hidden Weapons Lv7","was: Tang Clan Hidden Weapon Lv7 | Discipline name is plural (NOMENCLATURE)."
"CombatSkill/Name/A012_8","Tang Clan Hidden Weapons Lv8","was: Tang Clan Hidden Weapon Lv8 | Discipline name is plural (NOMENCLATURE)."
"CombatSkill/Name/A012_9","Tang Clan Hidden Weapons Lv9","was: Tang Clan Hidden Weapon Lv9 | Discipline name is plural (NOMENCLATURE)."
"CombatSkill/Name/B0014","Emei Nineteen Stances","was: Emei Nineteen Stakes | NOMENCLATURE: 樁 is a standing stance not a stake; 'Stakes' explicitly listed as wrong."
"CombatSkill/Name/B114_1","Vajra Leg Lv1","was: Diamond Leg Lv1 | NOMENCLATURE fixes 金剛腿 as Vajra Leg everywhere; Diamond Leg explicitly avoided."
"CombatSkill/Name/B114_2","Vajra Leg Lv2","was: Diamond Leg Lv2 | 金剛腿=Vajra Leg per NOMENCLATURE."
"CombatSkill/Name/B114_3","Vajra Leg Lv3","was: Diamond Leg Lv3 | 金剛腿=Vajra Leg per NOMENCLATURE."
"CombatSkill/Name/B114_4","Vajra Leg Lv4","was: Diamond Leg Lv4 | 金剛腿=Vajra Leg."
"CombatSkill/Name/B114_5","Vajra Leg Lv5","was: Diamond Leg Lv5 | 金剛腿=Vajra Leg."
"CombatSkill/Name/B114_6","Vajra Leg Lv6","was: Diamond Leg Lv6 | 金剛腿=Vajra Leg."
"CombatSkill/Name/B114_7","Vajra Leg Lv7","was: Diamond Leg Lv7 | 金剛腿=Vajra Leg."
"CombatSkill/Name/B114_8","Vajra Leg Lv8","was: Diamond Leg Lv8 | 金剛腿=Vajra Leg."
"CombatSkill/Name/B114_9","Vajra Leg Lv9","was: Diamond Leg Lv9 | 金剛腿=Vajra Leg."
"CombatSkill/Name/C005_1","Tang Moling","was: Tang Meling | Old/zh verified at line 402. NOMENCLATURE: 唐默鈴 = Tang Moling (默 is mò); patch's own story text already says 'Mo ling', confirming Meling is the outlier."
"CombatSkill/Name/C005_2","Tang Moling","was: Tang Meling | Same fix as C005_1, verified at line 404."
"CombatSkill/Name/C021","Xu Dajing","was: Xu Daqing | Old/zh verified at line 448. 鯨 is pinyin jīng (not qīng), matching 唐大鯨 = Tang Dajing already in NOMENCLATURE; 'Daqing' is an objective mistransliteration."
"CombatSkill/Name/C023","Tang Jiaojiao","was: Tang Jiao Jiao | Old/zh verified at line 452. NOMENCLATURE explicitly lists 唐嬌嬌 = Tang Jiaojiao, 'Tang Jiao Jiao' listed as wrong (reduplicated given names join up)."
"CombatSkill/Name/C210","Lingnan Great Hero","was: Lingnan Hero | Old/zh verified at line 508. NOMENCLATURE Titles table: 大俠 = Great Hero (distinct from 少俠 Young Hero); 'Lingnan Hero' drops 'Great'. Length (18 chars) is far under the title-box budget so no clipping risk."
"CombatSkill/Name/C211","Xiangyang Great Hero","was: Xiangyang Hero | Old/zh verified at line 510. Same 大俠 = Great Hero fix as C210."
"CombatSkill/Name/C515","Ye Yunzhou","was: Ye Yunzhao | Old/zh verified at line 562. NOMENCLATURE: 舟 is zhōu; 'Ye Yunzhao' is flagged as the corpus-wide wrong form."
"CombatSkill/Name/C516","Ye Yunzhou","was: Ye Yunzhao | Same fix as C515, verified at line 564."
"CombatSkill/Name/C530","Tang Moling","was: Tang Meling | Register fixes this pinyin to Tang Moling; Meling is explicitly the wrong form."
"CombatSkill/Name/C547","Tang Moling","was: Tang Meling | Register pinyin fix."
"CombatSkill/Name/C554","Diancang Twin Venerables","was: Diancang Shuangzun | 雙尊 is a meaningful title, translated per the register's own convention for group titles (e.g. Kongtong Four Maidens). Judgment call, flagged for a human. Note: CombatLocalization_Talking.tsv (S0209_01_04_001, S0208_05_04_001) still renders the same characters as 'Diancang Shuangzun' - flag for cross-file sync if this rename is adopted."
"CombatSkill/Name/C558","Nan Xi","was: Nanxi | Matches the two-word form used one row later for the same character; single-syllable given names still take a space from the surname (cf. Xiahou Lan, Long Xiang) - 'Nanxi' wrongly ran them together."
"CombatSkill/Name/C903","Tang Moling","was: Tang Meling | Register pinyin fix."
"CombatSkill/Name/C905","Tang Moling and Ye Yunshang","was: Tang Meling and Ye Yunshang | Register pinyin fix."
"CombatSkill/Name/C910","Wood Immortal Maiden","was: Wood Fairy Mistress | Register explicitly rules 仙 = Immortal, not Fairy."
"CombatSkill/Name/F001","Dog-Beating Fist","was: Dog Punch | Register explicitly flags Dog Punch as the wrong form."
"CombatSkill/Name/F001_1","Dog-Beating Fist","was: Dog Punch | Register fix, same as F001."
"CombatSkill/Name/F002","Extreme Dog-Beating Fist","was: Extreme Dog Punch | Register's exact form for this name."
"CombatSkill/Name/G004","One-Toe Divine Power","was: One‑Toe Divine Skill | 神通=Divine Power per the Divine Skill/Divine Power collision split; ASCII hyphen."
"CombatSkill/Name/G004_1","One-Toe Divine Power","was: One‑Toe Divine Skill | Same Divine Power fix as G004."
"CombatSkill/Name/G004_2","One-Toe Wind Control","was: One‑Toe Wind Control | ASCII hyphen fix only; name already correct."
"CombatSkill/Name/S103","River-Churning Dragon King Blade","was: Reversal of Rivers Dragon King Dao | 刀 must be Blade, never Dao (explicit avoid-list term); reasonable compositional rendering of 翻江+龍王+刀."
"CombatSkill/Name/S1206_1","Soul-Stealing Phantom Claw","was: Soul‑Stealer Phantom Claw | NOMENCLATURE's exact form; 'Soul-Stealer Phantom Claw' is explicitly listed as wrong."
"CombatSkill/Name/S127","Life-Sustaining Pill","was: Life‑Sustaining Pill | Already the correct register term; ASCII hyphen fix only."
"CombatSkill/Name/S131","Greater Heartburn Seal","was: Heartburning Fire Seal | Keeps the established root 'Heartburn Seal' (NOMENCLATURE, kept because patch effect names/story text use it) and adds a modifier for the 大 variant rather than inventing an unrelated name; a reasonable judgment call the proposer itself flagged for confirmation."
"CombatSkill/Name/S131_1","Vajra Divine Spear Finger","was: Vajra Divine Spear Technique | NOMENCLATURE explicitly lists 'Technique' as the wrong form; 指=Finger."
"CombatSkill/Name/S803","Coin Dart","was: Money Dart | Verified against row 982. NOMENCLATURE Items table: 金錢鏢 = Coin Dart (matching 金錢劍 Coin Sword) by name."
"CombatSkill/Name/S806","Vajra Divine Spear Finger","was: Vajra Divine Spear Technique | Verified against row 990. NOMENCLATURE row 250: 金剛神槍指 = Vajra Divine Spear Finger (指 = Finger); 'Technique' is the named avoid-form."
"CombatSkill/Name/S806_1","Vajra Divine Spear Finger","was: Vajra Divine Spear Technique | Verified against row 992. Same register fix as S806."
"CombatSkill/Name/S8119_1","Heavenly Ladle Demon-Subduing Sword","was: Heavenly Gang Subduing Demon Sword | Verified against row 1018. NOMENCLATURE fixes this exact form; 天罡 is the Big Dipper's stars, not a 'gang' - the named avoid-form."
"CombatSkill/Name/S8121_1","Wind-Thunder God Kick","was: Wind Thunder God Foot | Verified against row 1020. Not its own NOMENCLATURE row, but every other 神-named art in the register (神功/神通/金剛神槍指/etc.) renders 神 as Divine with zero exceptions using 'God' anywhere - accepted as a consistency extension of an unbroken register pattern, flagged here for a human to confirm. | ruled 20260912 (q20): was Wind Thunder Divine Foot"
"CombatSkill/Name/S8126_1","First Ultimate","was: First Extreme Move | Verified against row 1026. NOMENCLATURE row 264 (劍聖第一極招 = Sword Saint's First Ultimate) establishes 極招 takes the same 'Ultimate' as 絕招; 'Extreme Move' breaks that mapping."
"CombatSkill/Name/S8127_1","Second Ultimate","was: Second Extreme Move | Verified against row 1028. Same 極招 = Ultimate fix as S8126_1."
"CombatSkill/Name/S9200_1","Acupoint Striking Rope","was: Acupoint Striking and Threading | Verified against row 1056. NOMENCLATURE row 364 gives 打穴娟索 = Acupoint Striking Rope by name."
"CombatSkill/Name/T001","Power of the Tang Clan","was: Power of Tang Clan | Corpus-wide convention is 'the Tang Clan' (confirmed by grep across dialogue/intro files); matches the corrected Desc row."
