"key","text","note"
"# 17_library_position: library titles (deaths/endings/achievements)"
"Position/type/free","Leisure","was: Freedom — option type tag, 106px box"
"Position/type/talk","Chat","was: Idle chat — option type tag, 106px box"
"Position/title/incense","Incense & Lamps","was: Burning incense. Lighting the lamp. — activity title; no sentences"
"Position/title/meditate","Meditation","was: Sitting meditation — activity title"
"Position/title/alchemy","Poisons & Medicines","was: Alchemy. Pharmaceuticals — activity title (煉丹．製藥); same wording as the work option Work/Content/Poison"
"Position/title/pickwood","Firewood & Water","was: Carrying firewood — activity title (挑柴); same wording as the work option Work/Content/BackMountain (挑柴/挑水)"
"Position/title/practice","Group Training","was: Group training — activity title, Title Case"
"Position/title/transaction","Peddling","was: Itinerant merchants — activity title; it is an activity, not a person"
"Position/title/forge","Blacksmithing","was: Forging. Blacksmithing — activity title"
"Position/title/forge2","Blacksmithing","was: Forging. Blacksmithing — activity title"
"Position/title/forge3","Blacksmithing","was: Forging. Blacksmithing — activity title"
"Position/title/origami","Paper Cranes","was: Paper crane — activity title, Title Case"
"Position/title/cook","Kitchen Duty","was: Head chef — activity title; it is an activity, not a rank | glossary: 掌廚 = Kitchen Duty (as Work/Content/Kitchen)"
"Position/title/book","Clerical Work","was: Miscellaneous duties — activity title (庶務: accounts/paperwork)"
"Position/title/doctor","Seeing Patients","was: Sitting for consultations — activity title (坐診)"
"Position/title/doctor2","Seeing Patients","was: Sitting for consultations — activity title (坐診)"
"Position/title/spa","Hot Spring","was: Hot spring — activity title, Title Case"
"Position/title/farm","Farming","was: Cultivating — activity title; avoid clash with Cultivation (修練)"
"Position/title/write","Reading","was: Reading books — activity title"
"Position/title/casino","Gambling Den","was: Gambling house — activity title"
"Position/title/arena","Arena","was: Duel platform — activity title (擂台)"
"Position/title/immortal","Immortal Cultivation","was: Cultivation — activity title (修仙); distinct from 修練 Cultivation"
"Position/title/chess","Chess","was: Play chess — activity title, noun"
"Position/title/walk2","Stroll","was: To take a walk — activity title"
"Position/title/cultivate","True Cultivation","was: True cultivation — activity title, Title Case"
"Position/title/out1","Down the Mountain","was: Daoist monk leaves the mountain — activity title (道士下山), 240px box"
"Position/desc/brother2","Someone seems to be there...?","was: It seems someone is......? — option description; grammar/ellipsis"
"Position/desc/brother3","Someone seems to be there...?","was: It seems someone is......? — option description; grammar/ellipsis"
"Position/desc/brother4","Someone seems to be there...?","was: It seems someone is......? — option description; grammar/ellipsis"
"Position/desc/sister1","Someone seems to be there...?","was: It seems someone is......? — option description; grammar/ellipsis"
"Position/desc/girl5","Someone seems to be there...?","was: It seems someone is......? — option description; grammar/ellipsis"
"Position/desc/girl6","Someone seems to be there...?","was: It seems someone is......? — option description; grammar/ellipsis"
"Position/desc/girl7","Someone seems to be there...?","was: It seems someone is......? — option description; grammar/ellipsis"
"Position/desc/girl8","Someone seems to be there...?","was: It seems someone is......? — option description; grammar/ellipsis"
"Position/Name/Mall","Zhengxin Hall","was: Hall of Correcting the Heart — location header (fs 81); patch's own dialog text already uses Zhengxin Hall"
"Position/Name/Center","Training Ground","was: Training ground — location header, Title Case"
"Position/Name/Room1","Men's Quarters","was: Male Disciple Room — location header; shorter"
"Position/Name/Room2","Women's Quarters","was: Female Disciple's Chamber — location header; shorter, parallel to Room1"
"Position/Name/Door","Main Gate","was: Main door — location header (大門 of a sect)"
"Position/Name/Downtown","Market","was: Bustling market — location header / facility card"
"Position/Name/Fortress","Outer Fort","was: Outer Fortress — 116px facility card; shorter"
"Position/Name/Teashop","Tea Shop","was: Tea shop — location header, Title Case (glossary)"
"Position/Name/Spa","Hot Spring","was: Hot spring — location header, Title Case"
"Position/Name/Forge","@table","label shows the served table text (@table): the scene layer has another line for this Chinese"
"MiddleMenu/GoOut","Go Out","was: Go out — menu button, Title Case"
"MiddleMenu/SectionFree01","Kongtong Daily Life","was: Kongtong's Daily Life — menu heading; parallel to Qingcheng Daily Life"
"Library/Title/10000","Hacked to Death","was: Chop to death — death title (Book of Life and Death); Title Case / grammar"
"Library/Title/10001","Fatal Fall","was: Fall to death — death title (Book of Life and Death); Title Case / grammar"
"Library/Title/10003","Poisoned to Death","was: Poisoned to death — death title (Book of Life and Death); Title Case / grammar"
"Library/Title/10005","Nobody Bullies My Junior Martial Sister","was: No one should think about bullying my Junior Martial Sister. — death title (Book of Life and Death); Title Case / grammar"
"Library/Title/10008","Gone Missing","was: Go missing — death title (Book of Life and Death); Title Case / grammar"
"Library/Title/10010","Mobbed to Death","was: Beaten to death — death title (Book of Life and Death); Title Case / grammar"
"Library/Title/10011","Cut Clean in Two","was: To cut cleanly in two — death title (Book of Life and Death); Title Case / grammar"
"Library/Title/10012","Murdered for Money","was: To scheme for wealth and harm lives — death title (Book of Life and Death); Title Case / grammar"
"Library/Title/10013","Beaten to Death","was: Beaten to death — death title (Book of Life and Death); Title Case / grammar"
"Library/Title/10014","Reaping What You Sow","was: Reap what one sows — death title (Book of Life and Death); Title Case / grammar"
"Library/Title/10015","Killed by a Rival in Love","was: Killed by a rival in love — death title (Book of Life and Death); Title Case / grammar"
"Library/Title/10016","Injustice Unspoken","was: Injustice remains unspoken — death title (Book of Life and Death); Title Case / grammar"
"Library/Title/10017","Scalded to Death","was: Scalded to death — death title (Book of Life and Death); Title Case / grammar"
"Library/Title/10018","Silenced","was: Murder to silence — death title (Book of Life and Death); Title Case / grammar"
"Library/Title/10019","Burst Apart","was: To die an explosive death — death title (Book of Life and Death); Title Case / grammar"
"Library/Title/10021","Trampled in the Melee","was: Trampled to death in the chaos of battle. — death title (Book of Life and Death); Title Case / grammar"
"Library/Title/10022","Trampled to Death Over a Grudge","was: Crushed to death by public vengeance — death title (Book of Life and Death); Title Case / grammar"
"Library/Title/10024","Died of Pretension","was: Pretentiousness can lead to death — death title (Book of Life and Death); Title Case / grammar"
"Library/Title/10025","Trampled by a Horse","was: Crushed to death by a horse — death title (Book of Life and Death); Title Case / grammar"
"Library/Title/10026","Beaten to Death for Meddling in Love","was: Interfering with others' romantic relationships can lead to dire consequences. — death title (Book of Life and Death); Title Case / grammar"
"Library/Title/10027","Killed by a Quarreling Couple","was: A couple fighting was killed by the Fist and Sword Combined. — death title (Book of Life and Death); Title Case / grammar"
"Library/Title/10028","Refined to Death","was: Be refined to death — death title (Book of Life and Death); Title Case / grammar"
"Library/Title/10029","Purged from the Sect","was: Cleanse the sect — death title (Book of Life and Death); Title Case / grammar"
"Library/Title/10030","Fatal Brawl","was: Fatal fight — death title (Book of Life and Death); Title Case / grammar"
"Library/Title/10031","Killed by a Chicken Leg","was: Killed by a chicken leg — death title (Book of Life and Death); Title Case / grammar"
"Library/Title/10032","Accidentally Killed by Long Xiang","was: Killed by Long Xiang by mistake — death title (Book of Life and Death); Title Case / grammar"
"Library/Title/10033","Too Weak to Live","was: It's a mess — death title (Book of Life and Death); Title Case / grammar"
"Library/Title/10034","Split in Two","was: Die by splitting oneself — death title (Book of Life and Death); Title Case / grammar"
"Library/Title/10035","Hammered by an Angry Blacksmith","was: Killed by the angered blacksmith's hammer — death title (Book of Life and Death); Title Case / grammar"
"Library/Title/10036","Ambushed by a Lady Thief","was: Ambushed and assassinated by a Female Bandit — death title (Book of Life and Death); Title Case / grammar"
"Library/Title/10038","Caught in the Crossfire","was: Died as a result of being implicated — death title (Book of Life and Death); Title Case / grammar"
"Library/Title/10039","Died for Money","was: People die for wealth — death title (Book of Life and Death); Title Case / grammar"
"Library/Title/10040","Crushed to Death","was: Crushed to death by someone — death title (Book of Life and Death); Title Case / grammar"
"Library/Title/10041","A Stray Dog's End","was: The End of a Dog from a Fallen House — death title (Book of Life and Death); Title Case / grammar"
"Library/Title/10042","Evil Beyond Measure","was: Evil deeds have reached their peak — death title (Book of Life and Death); Title Case / grammar"
"Library/Title/10043","Executed After a Failed Escape","was: Failed to escape and was executed — death title (Book of Life and Death); Title Case / grammar"
"Library/Title/10045","Died of Fear","was: Die of fear — death title (Book of Life and Death); Title Case / grammar"
"Library/Title/10046","A Tiger's Minion","was: To act as a tiger's minion — death title (Book of Life and Death); Title Case / grammar"
"Library/Title/10047","Died in Someone Else's Feud","was: Caught in someone else's feud and met with death. — death title (Book of Life and Death); Title Case / grammar"
"Library/Title/10049","Killed in a Show of Force","was: Killed instantly by a show of power — death title (Book of Life and Death); Title Case / grammar"
"Library/Title/10050","Slain by the Diancang Sword","was: The souls perished under the Diancang sword — death title (Book of Life and Death); Title Case / grammar"
"Library/Title/10052","Caught Between Dueling Masters","was: A master was accidentally killed during a duel. — death title (Book of Life and Death); Title Case / grammar"
"Library/Title/10053","You Quack","was: Mongolian Doctor, you — death title (Book of Life and Death); Title Case / grammar"
"Library/Title/10054","Death by Sunlight","was: Died from sun exposure — death title (Book of Life and Death); Title Case / grammar"
"Library/Title/10055","Fed to the Fish by Pirates","was: Killed by pirates while feeding fish — death title (Book of Life and Death); Title Case / grammar"
"Library/Title/10056","Struck by Lightning","was: Struck dead by lightning — death title (Book of Life and Death); Title Case / grammar"
"Library/Title/10057","Brought It on Yourself","was: Reap what one sows — death title (Book of Life and Death); Title Case / grammar"
"Library/Title/10058","Life as Cheap as Grass","was: Life is as insignificant as a blade of grass. — death title (Book of Life and Death); Title Case / grammar"
"Library/Title/10059","Killed by Mistake","was: Killed by mistake — death title (Book of Life and Death); Title Case / grammar"
"Library/Title/10060","Driven to Ruin by Piracy","was: Driven to a dead end by piracy — death title (Book of Life and Death); Title Case / grammar"
"Library/Title/10061","Food Poisoning","was: Food poisoning death — death title (Book of Life and Death); Title Case / grammar"
"Library/Title/10062","Worked to Death","was: Exhausted — death title (Book of Life and Death); Title Case / grammar"
"Library/Title/10063","Killed Trying to Catch a Bandit","was: Captured the river bandit but was killed in retaliation. — death title (Book of Life and Death); Title Case / grammar"
"Library/Title/10064","Fallen Before Victory","was: Born with great promise, yet dying before achieving it. — death title (Book of Life and Death); Title Case / grammar"
"Library/Title/10065","Mistaken for a Monster by a Daoist","was: Mistakenly killed by a Daoist as a monster. — death title (Book of Life and Death); Title Case / grammar"
"Library/Title/10066","Died in Resentment","was: Die with resentment — death title (Book of Life and Death); Title Case / grammar"
"Library/Title/10067","Pummeled to Death","was: Beaten to death — death title (Book of Life and Death); Title Case / grammar"
"Library/Title/10068","Asked for It","was: Seeking death — death title (Book of Life and Death); Title Case / grammar"
"Library/Title/10070","Watched You Die","was: Watching you die with wide‑open eyes — death title (Book of Life and Death); Title Case / grammar"
"Library/Title/10071","Gored by a Boar","was: Gored to death by a pig — death title (Book of Life and Death); Title Case / grammar"
"Library/Title/10072","Death of a Side Dish","was: Death of Xiao Cai — death title (Book of Life and Death); verified: 小菜 is not a character (only occurrence; the entry text is the pun 'you were just a small dish, and a badly plated one'), so the literal reading stands"
"Library/Title/10073","Buried with Flowers","was: Buried together with flowers — death title (Book of Life and Death); Title Case / grammar"
"Library/Title/10074","Died, Whatever","was: Die as you please — death title (Book of Life and Death); Title Case / grammar"
"Library/Title/10075","Courting Death","was: Courting death — death title (Book of Life and Death); Title Case / grammar"
"Library/Title/10076","Killed for Being an Eyesore","was: Killed for Displeasure — death title (Book of Life and Death); Title Case / grammar"
"Library/Title/10077","Died of Recklessness","was: Died recklessly — death title (Book of Life and Death); Title Case / grammar"
"Library/Title/10078","Heaven and Earth Are Silent","was: World is silent — death title (Book of Life and Death); Title Case / grammar"
"Library/Title/10079","Killed by a Borrowed Blade","was: Killed by someone using a blade — death title (Book of Life and Death); Title Case / grammar"
"Library/Title/10080","Killed Venting Your Anger","was: Vent their anger but end up being killed. — death title (Book of Life and Death); Title Case / grammar"
"Library/Title/10082","Died for Love","was: Die for love — death title (Book of Life and Death); Title Case / grammar"
"Library/Title/10083","Scared to Death","was: Scared to death — death title (Book of Life and Death); Title Case / grammar"
"Library/Title/10084","Bitten by a Snake","was: Bitten to death by a snake — death title (Book of Life and Death); Title Case / grammar"
"Library/Title/10085","Choked on a Meat Bun","was: Choked to death by a meat bun — death title (Book of Life and Death); Title Case / grammar"
"Library/Title/10086","Failed to Rob a Robber","was: Black eats black fails — death title (Book of Life and Death); Title Case / grammar"
"Library/Title/10087","Bitten by a Performer's Snake","was: Bitten to death by a poison snake from a street performer. — death title (Book of Life and Death); Title Case / grammar"
"Library/Title/10088","Killed Over a Private Grudge","was: Killing for personal vendetta — death title (Book of Life and Death); Title Case / grammar"
"Library/Title/10089","Killed by Your Father-in-law for Cheating","was: Caught eating secretly, they were killed by their father‑in‑law. — death title (Book of Life and Death); Title Case / grammar"
"Library/Title/10090","The Fat Man Who Knows No Kin","was: The fat person who doesn't recognize their own kin. — death title (Book of Life and Death); Title Case / grammar"
"Library/Title/10091","Playing Dead for Real","was: Feigning death turns into real death — death title (Book of Life and Death); Title Case / grammar"
"Library/Title/10092","Bones Beneath a General's Feet","was: The withered bones beneath the feet of accomplished generals. — death title (Book of Life and Death); Title Case / grammar"
"Library/Title/10093","Killed by a Startled Sister","was: Accidentally killed by a frightened senior sister — death title (Book of Life and Death); Title Case / grammar"
"Library/Title/10094","Swift Blade to the Throat","was: Swift sword sealing the throat — death title (Book of Life and Death); Title Case / grammar"
"Library/Title/10095","Subdued Instead of Subduing","was: Failing to subdue the demons, one instead becomes subdued. — death title (Book of Life and Death); Title Case / grammar"
"Library/Title/10096","Family Meal","was: Family meal — death title (Book of Life and Death); Title Case / grammar"
"Library/Title/10098","Didn't Watch Your Step","was: Walking without looking at the road can lead to death. — death title (Book of Life and Death); Title Case / grammar"
"Library/Title/10099","Died of Itchy Fingers","was: Died from being too careless — death title (Book of Life and Death); Title Case / grammar"
"Library/Title/10100","Killed by the Rebound","was: Killed by aftershocks — death title (Book of Life and Death); Title Case / grammar"
"Library/Title/10101","Wolf's Midnight Snack","was: Wolf's midnight snack — death title (Book of Life and Death); Title Case / grammar"
"Library/Title/10103","Died Inhaling Poison","was: Died from drug use — death title (Book of Life and Death); Title Case / grammar"
"Library/Title/11000","Died Suddenly","was: Suddenly, they died — death title (Book of Life and Death); Title Case / grammar"
"Library/Title/20001","Destructive Sonic Attack","was: Destructive sonic attack — ending title (Chronicles of the Tempest); Title Case / grammar"
"Library/Title/20002","Twilight of Youth, Dregs of Dreams","was: The twilight of youth, the remnants of dreams. — ending title (Chronicles of the Tempest); Title Case / grammar"
"Library/Title/20004","Looking Out for Yourself","was: To cultivate oneself alone — ending title (Chronicles of the Tempest); 獨善其身 = keeping to / looking after oneself (the entry: you chose to save yourself over the sect), not cowardice"
"Library/Title/20005","Slept to Death","was: Sleep to death — ending title (Chronicles of the Tempest); Title Case / grammar"
"Library/Title/20006","Lonely Death","was: Lonely death — ending title (Chronicles of the Tempest); Title Case / grammar"
"Library/Title/20007","The Boiled Dog","was: Boiled dog — ending title (Chronicles of the Tempest); Title Case / grammar"
"Library/Title/20010","Soul Returns Home","was: The soul returns to its homeland — ending title (Chronicles of the Tempest); Title Case / grammar"
"Library/Title/20011","Alone to the End","was: Lonely until old age — ending title (Chronicles of the Tempest); Title Case / grammar"
"Library/Title/20017","Locked Away for Life","was: Locked away until old age — ending title (Chronicles of the Tempest); Title Case / grammar"
"Library/Title/20022","Rise and Fall in Officialdom","was: The ups and downs of the officialdom — ending title (Chronicles of the Tempest); Title Case / grammar"
"Library/Title/20025","Old Man of the Mountain","was: Elderly person in the mountains — ending title (Chronicles of the Tempest); Title Case / grammar"
"Library/Title/20026","Paradise on Earth","was: Paradise on earth — ending title (Chronicles of the Tempest); Title Case / grammar"
"Library/Title/20031","Died for an Ideal","was: Die for one's ideals — ending title (Chronicles of the Tempest); Title Case / grammar"
"Library/Title/20032","Total Defeat","was: Total defeat — ending title (Chronicles of the Tempest); Title Case / grammar"
"Library/Title/20034","Heroic Sacrifice","was: Heroic sacrifice — ending title (Chronicles of the Tempest); Title Case / grammar"
"Library/Title/20038","Wealthy Beyond Compare","was: Wealthy beyond compare — ending title (Chronicles of the Tempest); Title Case / grammar"
"Library/Title/20045","Crosstalk Duo","was: Crosstalk duo — ending title (Chronicles of the Tempest); Title Case / grammar"
"Library/Title/20048","Stray Dog","was: A dog of a bereaved family — ending title (Chronicles of the Tempest); Title Case / grammar"
"Library/Title/20050","Wretched Death","was: Utterly useless — ending title (Chronicles of the Tempest); Title Case / grammar"
"Library/Title/20051","Living in Disgrace","was: To live a life of compromise — ending title (Chronicles of the Tempest); Title Case / grammar"
"Library/Title/20052","A Prison of Your Own Making","was: To draw a line and establish a boundary. — ending title (Chronicles of the Tempest); Title Case / grammar"
"Library/Title/20053","Walking With You","was: Walking with you — ending title (Chronicles of the Tempest); Title Case / grammar"
"Library/Title/30000","It Is Fated","was: Hit rate is predictable — achievement title; Title Case / mistranslation"
"Library/Title/30006","Single-Minded","was: Single‑mindedly — achievement title; Title Case / mistranslation"
"Library/Title/30008","Hit Me","was: Hit me — achievement title; Title Case / mistranslation"
"Library/Title/30009","Rising Star","was: Emerge as a rising star — achievement title; Title Case / mistranslation"
"Library/Title/30010","This Is My Home","was: This is my home — achievement title; Title Case / mistranslation"
"Library/Title/30015","The Last Hidden Weapon","was: Final hidden weapon — achievement title; Title Case / mistranslation"
"Library/Title/30019","Evil Meets Its Match","was: Evil people will always encounter evil people — achievement title; Title Case / mistranslation"
"Library/Award/30000","Unlocks New Game+\nEarly Month +1\nFate +2","was: Unlocking the second chapter elements: Early +1 Fate +2. — achievement reward box (264x130, wraps); 3 lines as in source"
"Library/Award/30015","Mid Month +1","was: Mid‑+1 — achievement reward; period name"
"Library/Award/30016","Unlocks Fate Convergence","was: Unleash the power of fate's convergence — achievement reward"
"Library/Award/30017","Late Month +1","was: Late +1 — achievement reward; period name"
"Library/Title/10023","Xiao Mei's Thousand-Mile Pursuit","was: Xiao Mei's Thousand‑Mile Pursuit — death title; ASCII hyphen (was U+2011) for font safety"
"Library/Title/30013","Son-in-Law of the Tang Clan","was: Son‑in‑law of the Tang Clan — achievement title; Title Case, ASCII hyphens (was U+2011)"
"Library/Title/20009","Retired from the Jianghu","was: Retire from the Jianghu — ending title; past participle like the other ending titles, not an imperative"
"Library/Title/20020","Retired from the Jianghu","was: Retire from the Jianghu — ending title; past participle like the other ending titles, not an imperative"
"Library/Title/20024","Retired from the Jianghu","was: Retire from the Jianghu — ending title; past participle like the other ending titles, not an imperative"
"Library/Title/20042","Fallen Out of Favor","was: Fallen out of favor — ending title; Title Case"
"Position/Name/Section_01_02","Soul-Stealing Forest","was: Soul‑Stealer Forest — location header; ASCII hyphen (was U+2011) for font safety | ruled 20260912 (q15): was Soul-Stealer Forest"
"Position/Name/Section_01_05","Soul-Stealing Peak","was: Soul‑Stealer Peak — location header; ASCII hyphen (was U+2011) for font safety | ruled 20260912 (q15): was Soul-Stealer Peak"
"Position/desc/chess","Playing chess at Iron Chess Ridge on Soul-Stealing Peak; this is a money bet.","was: Playing chess at Iron Chess Ridge on Soul‑Stealer Peak‑this is a money bet. — option description; ASCII hyphen, the U+2011 used as a dash becomes a semicolon | ruled 20260912 (q15): was Playing chess at Iron Chess Ridge on Soul-Stealer Peak; this"
"DiceHeader/Ch_0_4_001","Let's do something","was: (no English entry) — dice-check header (做點事情吧); shown untranslated, code appends '......'"
"DiceHeader/Ch_0_4_002","Junior Martial Sister's thoughts","was: (no English entry) — dice-check header (小師妹的想法); shown untranslated, code appends '......'"
"DiceHeader/Ch_0_5_001","The runaway Tang Clan disciple","was: (no English entry) — dice-check header (落跑的唐門弟子); shown untranslated, code appends '......'"
"DiceHeader/Ch_0_5_002","Who goes there","was: (no English entry) — dice-check header (來者何人); shown untranslated, code appends '......'"
"DiceHeader/Ch_0_M_02_001","What you want to say","was: (no English entry) — dice-check header (你想說的事情); shown untranslated, code appends '......'"
"DiceHeader/Ch_0_M_03_02_001","A gift for the Flying Stone Gang leader","was: (no English entry) — dice-check header (送給飛石幫主的禮物); shown untranslated, code appends '......'"
"DiceHeader/Ch_0_M_04_01_001","The examiner","was: (no English entry) — dice-check header (段考的考官); shown untranslated, code appends '......'"
"DiceHeader/Ch_1_1_001","Recruitment results","was: (no English entry) — dice-check header (招募弟子結果); shown untranslated, code appends '......'"
"DiceHeader/Ch_1_1_1_001","Why the Sect Leader summoned you","was: (no English entry) — dice-check header (掌門找你的原因); shown untranslated, code appends '......'"
"DiceHeader/Ch_1_1_1_002","What you did","was: (no English entry) — dice-check header (你幹了哪件事); shown untranslated, code appends '......'"
"DiceHeader/Ch_1_1_2","Anger level","was: (no English entry) — dice-check header (憤怒指數); shown untranslated, code appends '......'"
"DiceHeader/Ch_1_2_1_001","The examiner","was: (no English entry) — dice-check header (段考的考官); shown untranslated, code appends '......'"
"DiceHeader/Ch_1_2_3_001","Third Senior Brother wants to train you","was: (no English entry) — dice-check header (三師兄想教你練功); shown untranslated, code appends '......'"
"DiceHeader/Ch_1_2_3_002","Fright level","was: (no English entry) — dice-check header (驚嚇指數); shown untranslated, code appends '......'"
"DiceHeader/Ch_1_2_3_3","Eldest Senior Brother orders a fight with the Flying Stone Gang","was: (no English entry) — dice-check header (大師兄要求與飛石幫戰鬥); shown untranslated, code appends '......'"
"DiceHeader/Ch_1_4_2_1","Heard of the Apricot-Tip Brocade Pouch","was: Heard of Xingshao Jinang | Replaces stale pinyin with the string table's established Apricot-Tip Brocade Pouch. | was: (no English entry) — dice-check header (是否聽過杏梢錦囊); shown untranslated, code appends '......'"
"DiceHeader/Ch_1_4_2_2","Your reaction","was: (no English entry) — dice-check header (你的反應); shown untranslated, code appends '......'"
"DiceHeader/Ch_1_4_2_3","Grasping its meaning","was: (no English entry) — dice-check header (領悟其中之意); shown untranslated, code appends '......'"
"DiceHeader/Ch_1_4_3_4","What to do","was: (no English entry) — dice-check header (要做什麼呢); shown untranslated, code appends '......'"
"DiceHeader/Ch_1_4_3_5","Heard of the Three Fiends of Yan Pass","was: (no English entry) — dice-check header (是否聽過閻關三煞的名號); shown untranslated, code appends '......'"
"DiceHeader/Ch_1_5_1","Pastimes at the inn","was: (no English entry) — dice-check header (客棧的消遣); shown untranslated, code appends '......'"
"DiceHeader/Ch_1_5_1_1","Did you win","was: (no English entry) — dice-check header (贏錢了嗎); shown untranslated, code appends '......'"
"DiceHeader/Ch_1_5_1_2","What to read","was: (no English entry) — dice-check header (要讀什麼書呢); shown untranslated, code appends '......'"
"DiceHeader/Ch_1_5_1_3","Job hunting","was: (no English entry) — dice-check header (找工作的際遇); shown untranslated, code appends '......'"
"DiceHeader/Ch_1_5_4","Understanding Second Senior Brother's meaning","was: (no English entry) — dice-check header (瞭解二師兄的深意); shown untranslated, code appends '......'"
"DiceHeader/Ch_1_5_5_1","Odds the spit hits you","was: (no English entry) — dice-check header (這口痰命中你的機率); shown untranslated, code appends '......'"
"DiceHeader/Ch_1_5_5_2","How menacing your suspicious behavior is","was: (no English entry) — dice-check header (可疑行徑的威懾力); shown untranslated, code appends '......'"
"DiceHeader/Ch_1_5_6_1","Understanding Second Senior Brother's meaning","was: (no English entry) — dice-check header (理解二師兄的深意); shown untranslated, code appends '......'"
"DiceHeader/Ch_1_5_6_2","Why you were poisoned","was: (no English entry) — dice-check header (為何你會身中此毒); shown untranslated, code appends '......'"
"DiceHeader/Ch_1_5_6_3","The result of jumping","was: (no English entry) — dice-check header (往下跳的結果); shown untranslated, code appends '......'"
"DiceHeader/Ch_1_5_7_1_1","Your awareness","was: (no English entry) — dice-check header (你的察覺); shown untranslated, code appends '......'"
"DiceHeader/Ch_1_5_7_1_2","Your choice","was: (no English entry) — dice-check header (你的抉擇); shown untranslated, code appends '......'"
"DiceHeader/Ch_1_5_7_2_1","Rage level","was: (no English entry) — dice-check header (暴怒指數); shown untranslated, code appends '......'"
"DiceHeader/Ch_1_5_7_2_2","Actual injuries","was: (no English entry) — dice-check header (實際的傷勢); shown untranslated, code appends '......'"
"DiceHeader/Ch_1_5_7_2_3_1","Heard of Wanli Pengcheng","was: (no English entry) — dice-check header (是否聽過萬里鵬程); shown untranslated, code appends '......'"
"DiceHeader/Ch_1_5_7_2_3_2","Grasping its meaning","was: (no English entry) — dice-check header (領悟其中之意); shown untranslated, code appends '......'"
"DiceHeader/Ch_1_5_7_2_3_3","Your singing voice","was: (no English entry) — dice-check header (你的歌喉); shown untranslated, code appends '......'"
"DiceHeader/Ch_1_5_8_3","Your awareness","was: (no English entry) — dice-check header (你的察覺); shown untranslated, code appends '......'"
"DiceHeader/Ch_1_5_8_4_1","How out of hand things get","was: (no English entry) — dice-check header (現場的失控程度); shown untranslated, code appends '......'"
"DiceHeader/Ch_1_5_8_5_1","The poison you plan to use","was: (no English entry) — dice-check header (打算下的毒); shown untranslated, code appends '......'"
"DiceHeader/Ch_1_5_8_5_2_1","Potency of the poison","was: (no English entry) — dice-check header (毒藥的威力); shown untranslated, code appends '......'"
"DiceHeader/Ch_1_5_8_5_4_1","Result of the bluff","was: (no English entry) — dice-check header (唬爛結果); shown untranslated, code appends '......'"
"DiceHeader/Ch_1_6_1","Understanding Second Senior Brother's actions","was: (no English entry) — dice-check header (理解二師兄的行為); shown untranslated, code appends '......'"
"DiceHeader/Ch_1_6_2","Considering leaving the Tang Clan","was: (no English entry) — dice-check header (考慮離開唐門); shown untranslated, code appends '......'"
"DiceHeader/S9100_01_001","Who goes there","was: (no English entry) — dice-check header (來者何人); shown untranslated, code appends '......'"
"DiceHeader/S9100_01_002","Can you read between Second Senior Brother's lines","was: (no English entry) — dice-check header (能否領會二師兄的言外之意); shown untranslated, code appends '......'"
"DiceHeader/S8000_01_01","Did the brewing succeed","was: (no English entry) — dice-check header (練藥是否成功); shown untranslated, code appends '......'"
"DiceHeader/S8400_02_001","The manual from the masked man","was: (no English entry) — dice-check header (蒙面人送你的秘笈); shown untranslated, code appends '......'"
"DiceHeader/S9904_01_001","Something interesting","was: (no English entry) — dice-check header (有趣的事情); shown untranslated, code appends '......'"
"DiceHeader/S9904_01_02_001","Your thoughts","was: (no English entry) — dice-check header (你的想法); shown untranslated, code appends '......'"
"DiceHeader/S9905_01_001","Who goes there","was: (no English entry) — dice-check header (來者何人); shown untranslated, code appends '......'"
"DiceHeader/S9905_01_002","Hidden weapons fly at you","was: (no English entry) — dice-check header (暗器向你射來); shown untranslated, code appends '......'"
"DiceHeader/Live_Demo_01","Pre-order Legend of Mortal","was: (no English entry) — dice-check header (是否預購活俠傳呢); shown untranslated, code appends '......'"
"DiceHeader/Dice_pv_1_2","Leaping the broken plank road","was: (no English entry) — dice-check header (飛渡破損棧道); shown untranslated, code appends '......'"
"DiceHeader/Talk_Brother3_03_01","Something important","was: (no English entry) — dice-check header (重要的事情); shown untranslated, code appends '......'"
"DiceHeader/Talk_Brother4_01_01","What you asked about","was: (no English entry) — dice-check header (打聽的事); shown untranslated, code appends '......'"
"DiceHeader/PV_02_001","Trying to persuade the Tang Clan disciples","was: (no English entry) — dice-check header (試圖說服唐門弟子); shown untranslated, code appends '......'"
"DiceHeader/Back_Work_M_02_001","An uninvited guest closes in","was: (no English entry) — dice-check header (不速之客向你逼近); shown untranslated, code appends '......'"
"DiceHeader/Back_Work_501_001","Ye Yunshang's impact","was: (no English entry) — dice-check header (葉雲裳的衝擊); shown untranslated, code appends '......'"
"DiceHeader/Room_Work_02","Gambling with the disciples","was: (no English entry) — dice-check header (與弟子賭博); shown untranslated, code appends '......'"
"DiceHeader/Ch_2_2_2_001","The opinion adopted","was: (no English entry) — dice-check header (被採納的意見是); shown untranslated, code appends '......'"
"DiceHeader/Ch_2_2_3_2_001","Result of cutting the herbs","was: (no English entry) — dice-check header (剪藥的結果); shown untranslated, code appends '......'"
"DiceHeader/Ch_2_2_3_4_3_Break_01_01_01_001","Who goes there","was: (no English entry) — dice-check header (來者何人); shown untranslated, code appends '......'"
"DiceHeader/Ch_2_2_3_4_3_Break_01_04_02_001","Your credibility","was: (no English entry) — dice-check header (你的信用); shown untranslated, code appends '......'"
"DiceHeader/Ch_2_2_5_4_001","They seem to be discussing something","was: (no English entry) — dice-check header (似乎在討論什麼); shown untranslated, code appends '......'"
"DiceHeader/Ch_2_2_6_5_001","Do you catch on","was: (no English entry) — dice-check header (是否會意); shown untranslated, code appends '......'"
"DiceHeader/Ch_2_4_1_001","What you noticed","was: (no English entry) — dice-check header (你察覺了什麽); shown untranslated, code appends '......'"
"DiceHeader/Ch_2_4_5_1_001","Your reaction","was: (no English entry) — dice-check header (你的反應); shown untranslated, code appends '......'"
"DiceHeader/Ch_2_4_5_1_002","Your reaction","was: (no English entry) — dice-check header (你的反應); shown untranslated, code appends '......'"
"DiceHeader/Ch_2_4_5_3_Break_01_001","Your criminal intent","was: (no English entry) — dice-check header (你的犯意); shown untranslated, code appends '......'"
"DiceHeader/Ch_2_4_5_3_Break_01_002","Your criminal intent","was: (no English entry) — dice-check header (你的犯意); shown untranslated, code appends '......'"
"DiceHeader/Ch_2_4_6_2_2_001","Where the ghost soldier's fork points","was: (no English entry) — dice-check header (鬼卒的叉尖所向); shown untranslated, code appends '......'"
"DiceHeader/Ch_2_4_7_1_001","Your way up the mountain","was: (no English entry) — dice-check header (你的上山之路); shown untranslated, code appends '......'"
"DiceHeader/Ch_2_4_7_1_002","Your way up the mountain","was: (no English entry) — dice-check header (你的上山之路); shown untranslated, code appends '......'"
"DiceHeader/Ch_2_4_8_10_001","Third Senior Brother's discovery","was: (no English entry) — dice-check header (三師兄的發現); shown untranslated, code appends '......'"
"DiceHeader/Ch_2_4_8_11_001","What befalls you","was: (no English entry) — dice-check header (你的遭遇); shown untranslated, code appends '......'"
"DiceHeader/Ch_2_4_8_11_002","Where are your men","was: (no English entry) — dice-check header (你的人馬呢？); shown untranslated, code appends '......'"
"DiceHeader/Ch_2_4_9_2_001","Where is Junior Martial Sister","was: (no English entry) — dice-check header (小師妹呢？); shown untranslated, code appends '......'"
"DiceHeader/Ch_2_4_10_2_001","Your approach","was: (no English entry) — dice-check header (你的對應方針); shown untranslated, code appends '......'"
"DiceHeader/Ch_2_4_10_2_002","Outcome of the debate","was: (no English entry) — dice-check header (這場論戰的勝負); shown untranslated, code appends '......'"
"DiceHeader/Ch_2_5_1_1_001","Sect lottery result","was: (no English entry) — dice-check header (門派抽籤結果); shown untranslated, code appends '......'"
"DiceHeader/Ch_2_5_2_2_001","How hard it hits","was: (no English entry) — dice-check header (打擊程度); shown untranslated, code appends '......'"
"DiceHeader/Ch_2_5_3_2_001","Heartbeat level","was: (no English entry) — dice-check header (心跳程度); shown untranslated, code appends '......'"
"DiceHeader/Ch_2_5_3_3_3_001","Your thoughts","was: (no English entry) — dice-check header (你的想法); shown untranslated, code appends '......'"
"DiceHeader/Ch_2_5_3_4_1_001","Before that","was: (no English entry) — dice-check header (在那之前); shown untranslated, code appends '......'"
"DiceHeader/Ch_2_8_1_001","Where to next","was: (no English entry) — dice-check header (接下來去哪); shown untranslated, code appends '......'"
"DiceHeader/Ch_2_8_1_002","How many left","was: (no English entry) — dice-check header (走了多少人); shown untranslated, code appends '......'"
"DiceHeader/Ch_3_2_3_2_Break_04_001","Result of the duel","was: (no English entry) — dice-check header (決鬥結果); shown untranslated, code appends '......'"
"DiceHeader/Ch_3_2_3_2_5_001","Tianwu Sect's reaction","was: (no English entry) — dice-check header (天武門的反應); shown untranslated, code appends '......'"
"DiceHeader/Ch_3_3_1_2_001","Your spoils","was: (no English entry) — dice-check header (你的戰利品); shown untranslated, code appends '......'"
"DiceHeader/Ch_3_3_2_1_Break_01_001","Your supper","was: (no English entry) — dice-check header (你的晚膳); shown untranslated, code appends '......'"
"DiceHeader/Ch_3_3_2_2_001","Ye Yunshang's snack of the day","was: (no English entry) — dice-check header (葉雲裳的今日點心); shown untranslated, code appends '......'"
"DiceHeader/Ch_3_3_2_2_002","Ye Yunshang's snack of the day","was: (no English entry) — dice-check header (葉雲裳的今日點心); shown untranslated, code appends '......'"
"DiceHeader/Ch_3_5_2_001","Outcome of the troops vs the Beggar Sect","was: (no English entry) — dice-check header (官兵大戰丐幫的結果); shown untranslated, code appends '......'"
"DiceHeader/Ch_3_5_2_002","And me? What about me","was: (no English entry) — dice-check header (我呢？我又如何); shown untranslated, code appends '......'"
"DiceHeader/Ch_3_5_3_1_001","The captured Beggar Sect disciple","was: (no English entry) — dice-check header (抓獲的丐幫弟子); shown untranslated, code appends '......'"
"DiceHeader/Ch_3_5_3_7_Break_01_001","Where Eldest Senior Brother is","was: (no English entry) — dice-check header (大師兄所在); shown untranslated, code appends '......'"
"DiceHeader/Ch_3_5_3_7_Break_01_002","Outcome of the war of wits","was: (no English entry) — dice-check header (思想戰的勝負); shown untranslated, code appends '......'"
"DiceHeader/Ch_3_6_3_001","Your opponent","was: (no English entry) — dice-check header (你的對手); shown untranslated, code appends '......'"
"DiceHeader/Ch_3_6_4_001","Encountered on your day off","was: (no English entry) — dice-check header (休沐日遭遇的是); shown untranslated, code appends '......'"
"DiceHeader/Ch_3_6_4_1_001","Your Cultivation","was: Your composure | 修養 is the glossary's Cultivation stat, and this dice check tests that stat. | was: (no English entry) — dice-check header (你的修養); shown untranslated, code appends '......'"
"DiceHeader/Ch_3_6_4_3_001","Nangong Yuan's move","was: (no English entry) — dice-check header (南宮遠的行動); shown untranslated, code appends '......'"
"DiceHeader/Ch_3_8_2_001","What are you humming","was: (no English entry) — dice-check header (你是在哼什麼？); shown untranslated, code appends '......'"
"DiceHeader/Ch_3_9_1_Break_01_001","Your battle record","was: (no English entry) — dice-check header (你的戰績); shown untranslated, code appends '......'"
"DiceHeader/Ch_3_11_2_001","The challenger is","was: (no English entry) — dice-check header (挑戰者是); shown untranslated, code appends '......'"
"DiceHeader/Ch_3_11_3_001","Healing with Internal Force","was: (no English entry) — dice-check header (運功療傷); shown untranslated, code appends '......' | ruled 20260912 (q04): was Healing with inner strength"
"DiceHeader/Ch_4_2_3_1_001","Winning over the disciples","was: (no English entry) — dice-check header (收服弟子); shown untranslated, code appends '......'"
"DiceHeader/Ch_4_2_3_3_001","Outcome of the dispute","was: (no English entry) — dice-check header (爭執的結果); shown untranslated, code appends '......'"
"DiceHeader/Ch_4_2_4_1_001","Your criminal impulse","was: (no English entry) — dice-check header (你的犯罪衝動); shown untranslated, code appends '......'"
"DiceHeader/Ch_4_3_2_001","Your urge to talk back","was: (no English entry) — dice-check header (你的嘴攻衝動); shown untranslated, code appends '......'"
"DiceHeader/Ch_4_4_1_001","Your summoning chant","was: (no English entry) — dice-check header (你的召喚咒文); shown untranslated, code appends '......'"
"DiceHeader/Ch_4_5_1_001","Bring more helpers","was: (no English entry) — dice-check header (需要多帶幫手嗎？); shown untranslated, code appends '......'"
"DiceHeader/Ch_4_5_3_Break_001","Your insight","was: (no English entry) — dice-check header (你的領悟); shown untranslated, code appends '......'"
"DiceHeader/Ch_4_5_3_Break_002","Persuasion","was: (no English entry) — dice-check header (說服); shown untranslated, code appends '......'"
"DiceHeader/Ch_4_5_4_001","Aunt Zhu's intentions","was: (no English entry) — dice-check header (朱嬸的意向); shown untranslated, code appends '......'"
"DiceHeader/Ch_4_6_1_001","She is","was: (no English entry) — dice-check header (她就是); shown untranslated, code appends '......'"
"DiceHeader/Ch_4_6_2_001","Eldest Senior Brother's ultimate move","was: (no English entry) — dice-check header (大師兄的絕招); shown untranslated, code appends '......'"
"DiceHeader/Ch_4_6_5_2_001","The winner is","was: (no English entry) — dice-check header (勝利者是); shown untranslated, code appends '......'"
"DiceHeader/Ch_4_6_11_001","Your resolve","was: (no English entry) — dice-check header (你的覺悟); shown untranslated, code appends '......'"
"DiceHeader/Ch_4_6_13_001","Your decision","was: (no English entry) — dice-check header (你的決定); shown untranslated, code appends '......'"
"DiceHeader/Ch_4_6_13_1_001","Lead attacker","was: (no English entry) — dice-check header (主攻者); shown untranslated, code appends '......'"
"DiceHeader/Ch_4_6_16_001","Your courage","was: (no English entry) — dice-check header (你的勇氣); shown untranslated, code appends '......'"
"DiceHeader/Ch_4_7_2_Break_001","What now","was: (no English entry) — dice-check header (怎麼辦); shown untranslated, code appends '......'"
"DiceHeader/Ch_4_7_4_1_001","Your reaction","was: (no English entry) — dice-check header (你的反應); shown untranslated, code appends '......'"
"DiceHeader/Ch_4_7_4_1_002","Long Xiang's purse","was: (no English entry) — dice-check header (龍湘的錢包); shown untranslated, code appends '......'"
"DiceHeader/Ch_4_8_1_001","Who lets go first","was: (no English entry) — dice-check header (誰先放手); shown untranslated, code appends '......'"
"DiceHeader/Ch_4_8_6_001","Your opponent","was: (no English entry) — dice-check header (你的對手); shown untranslated, code appends '......'"
"DiceHeader/Ch_4_8_7_1_001","Your reaction","was: (no English entry) — dice-check header (你的反應); shown untranslated, code appends '......'"
"DiceHeader/Ch_4_8_9_3_001","What wine is it","was: (no English entry) — dice-check header (是什麼酒); shown untranslated, code appends '......'"
"DiceHeader/Ch_4_9_3_4_001","Ye Yunshang's move","was: (no English entry) — dice-check header (葉雲裳採取的行動); shown untranslated, code appends '......'"
"DiceHeader/Ch_5_2_5_001","Number of matchmakers brought","was: (no English entry) — dice-check header (帶媒人的數量); shown untranslated, code appends '......'"
"DiceHeader/Ch_5_2_5_002","Sleep","was: (no English entry) — dice-check header (睡覺); shown untranslated, code appends '......'"
"DiceHeader/Ch_5_2_7_1_001","Your guess","was: (no English entry) — dice-check header (你的猜測); shown untranslated, code appends '......'"
"DiceHeader/Ch_5_3_3_001","Why would it be fine","was: (no English entry) — dice-check header (憑何無妨？); shown untranslated, code appends '......'"
"DiceHeader/Ch_5_3_4_1_001","Xie Wuchen's purpose","was: (no English entry) — dice-check header (解無塵的來意); shown untranslated, code appends '......' | ruled 20260912 (q09): was Jie Wuchen's purpose"
"DiceHeader/Ch_5_4_2_001","The winner is","was: (no English entry) — dice-check header (勝利者是); shown untranslated, code appends '......'"
"DiceHeader/Ch_5_4_2_002","Gambling outcome","was: (no English entry) — dice-check header (賭博勝負); shown untranslated, code appends '......'"
"DiceHeader/Ch_5_4_2_003","Gambling outcome","was: (no English entry) — dice-check header (賭博勝負); shown untranslated, code appends '......'"
"DiceHeader/Ch_5_4_2_004","The winner is","was: (no English entry) — dice-check header (勝利者是); shown untranslated, code appends '......'"
"DiceHeader/Ch_5_4_2_005","Everyone falls","was: (no English entry) — dice-check header (集體墜落); shown untranslated, code appends '......'"
"DiceHeader/Ch_5_4_7_3_2_001","Escape","was: (no English entry) — dice-check header (逃脫); shown untranslated, code appends '......'"
"DiceHeader/Ch_5_4_7_3_4_001","Escape","was: (no English entry) — dice-check header (逃脫); shown untranslated, code appends '......'"
"DiceHeader/Ch_5_4_7_3_6_001","Escape","was: (no English entry) — dice-check header (逃脫); shown untranslated, code appends '......'"
"DiceHeader/Ch_5_4_7_3_7_001","Noticing","was: (no English entry) — dice-check header (發覺); shown untranslated, code appends '......'"
"DiceHeader/Ch_5_4_7_4_2_001","Your opponent","was: (no English entry) — dice-check header (你的對手); shown untranslated, code appends '......'"
"DiceHeader/Ch_5_4_8_3_001","Dodge","was: (no English entry) — dice-check header (閃避); shown untranslated, code appends '......'"
"DiceHeader/Ch_5_4_8_4_3_001","Your choice","was: (no English entry) — dice-check header (你的抉擇); shown untranslated, code appends '......'"
"DiceHeader/Ch_5_4_8_4_3_002","Your choice","was: (no English entry) — dice-check header (你的抉擇); shown untranslated, code appends '......'"
"DiceHeader/Ch_5_4_8_4_3_003","Your choice","was: (no English entry) — dice-check header (你的抉擇); shown untranslated, code appends '......'"
"DiceHeader/Ch_5_4_8_4_3_004","Your choice","was: (no English entry) — dice-check header (你的抉擇); shown untranslated, code appends '......'"
"DiceHeader/Ch_5_4_8_7_1_001","Your thoughts","was: (no English entry) — dice-check header (你的想法); shown untranslated, code appends '......'"
"DiceHeader/Ch_5_4_8_8_1_001","Interception","was: (no English entry) — dice-check header (攔截); shown untranslated, code appends '......'"
"DiceHeader/Ch_5_4_8_8_1_002","Interception","was: (no English entry) — dice-check header (攔截); shown untranslated, code appends '......'"
"DiceHeader/Ch_5_4_8_9_001","Your thoughts","was: (no English entry) — dice-check header (你的想法); shown untranslated, code appends '......'"
"DiceHeader/Ch_5_5_1_001","Your choice","was: (no English entry) — dice-check header (你的抉擇); shown untranslated, code appends '......'"
"DiceHeader/Ch_5_5_2_Break_01_001","Who breaks the silence","was: (no English entry) — dice-check header (打破沉默的是); shown untranslated, code appends '......'"
"DiceHeader/Ch_6_2_3_001","So, the candidate","was: (no English entry) — dice-check header (那麼人選); shown untranslated, code appends '......'"
"DiceHeader/Ch_6_3_4_001","Done, you say","was: (no English entry) — dice-check header (辦妥了是說); shown untranslated, code appends '......'"
"DiceHeader/Ch_6_4_2_001","Your choice","was: (no English entry) — dice-check header (你的抉擇); shown untranslated, code appends '......'"
"DiceHeader/Ch_6_4_3_1_001","Your companion is","was: (no English entry) — dice-check header (遊伴是); shown untranslated, code appends '......'"
"DiceHeader/Ch_6_4_3_3_001","Today's opponent","was: (no English entry) — dice-check header (你今日的對手); shown untranslated, code appends '......'"
"DiceHeader/Ch_6_4_3_4_001","Who fights","was: (no English entry) — dice-check header (由誰出戰); shown untranslated, code appends '......'"
"DiceHeader/Ch_6_4_4_1_001","Xiao Zhu's plan","was: (no English entry) — dice-check header (小竹的方針); shown untranslated, code appends '......'"
"DiceHeader/Ch_6_4_4_3_001","Lady Wen's thoughts","was: (no English entry) — dice-check header (溫夫人的想法); shown untranslated, code appends '......'"
"DiceHeader/Ch_6_4_4_3_002","Lady Wen's thoughts","was: (no English entry) — dice-check header (溫夫人的想法); shown untranslated, code appends '......'"
"DiceHeader/Ch_6_4_4_4_2_001","Effect of the sound wave on you","was: (no English entry) — dice-check header (聲波對你的影響); shown untranslated, code appends '......'"
"DiceHeader/Ch_6_5_2_Break_01_001","Your reaction","was: (no English entry) — dice-check header (你的反應); shown untranslated, code appends '......'"
"DiceHeader/Ch_6_5_3_001","Your intention","was: (no English entry) — dice-check header (你的意圖); shown untranslated, code appends '......'"
"DiceHeader/Ch_6_5_3_1_001","Strategy for dealing with Shangguan Sun","was: (no English entry) — dice-check header (對上官隼溝通策略); shown untranslated, code appends '......' | ruled 20260912 (q23): was Strategy for dealing with Shangguan Jun"
"DiceHeader/Ch_6_6_1_001","Your choice","was: (no English entry) — dice-check header (你的抉擇); shown untranslated, code appends '......'"
"DiceHeader/Ch_6_6_2_Break_01_001","Your reaction","was: (no English entry) — dice-check header (你的反應); shown untranslated, code appends '......'"
"DiceHeader/Ch_6_6_2_Break_01_002","Your reaction","was: (no English entry) — dice-check header (你的反應); shown untranslated, code appends '......'"
"DiceHeader/Ch_6_7_3_001","The Painting Immortal's choice","was: (no English entry) — dice-check header (畫中仙的抉擇); shown untranslated, code appends '......'"
"DiceHeader/Ch_6_8_2_Break_01_001","Tang Clan casualties","was: (no English entry) — dice-check header (唐門傷亡); shown untranslated, code appends '......'"
"DiceHeader/Ch_6_8_2_Break_01_002","Long Xiang's suspicion","was: (no English entry) — dice-check header (龍湘的懷疑); shown untranslated, code appends '......'"
"DiceHeader/Ch_6_8_2_3_1_001","Your choice","was: (no English entry) — dice-check header (你的抉擇); shown untranslated, code appends '......'"
"DiceHeader/Ch_6_8_2_3_3_001","Fright level","was: (no English entry) — dice-check header (驚嚇程度); shown untranslated, code appends '......'"
"DiceHeader/Ch_6_8_3_001","Quanzhen Sect's impression","was: (no English entry) — dice-check header (全真派印象); shown untranslated, code appends '......'"
"DiceHeader/Ch_6_8_3_002","Songshan Sect's impression","was: (no English entry) — dice-check header (嵩山派印象); shown untranslated, code appends '......'"
"DiceHeader/Ch_6_8_3_003","Qingcheng Sect's impression","was: (no English entry) — dice-check header (青城派印象); shown untranslated, code appends '......'"
"DiceHeader/Ch_6_8_3_004","Diancang Sect's impression","was: (no English entry) — dice-check header (點蒼派印象); shown untranslated, code appends '......'"
"DiceHeader/Ch_6_8_3_005","Emei Sect's impression","was: (no English entry) — dice-check header (峨嵋派印象); shown untranslated, code appends '......'"
"DiceHeader/Ch_6_8_3_006","Kongtong Sect's impression","was: (no English entry) — dice-check header (崆峒派印象); shown untranslated, code appends '......'"
"DiceHeader/Ch_6_8_3_007","Nangong Family's impression","was: (no English entry) — dice-check header (南宮世家印象); shown untranslated, code appends '......'"
"DiceHeader/Ch_6_9_2_Break_01_001","Retiring from the Jianghu","was: (no English entry) — dice-check header (退隱江湖); shown untranslated, code appends '......'"
"DiceHeader/Ch_6_10_1_001","The villagers' thoughts","was: (no English entry) — dice-check header (村民的想法); shown untranslated, code appends '......'"
"DiceHeader/Ch_6_10_3_Break_01_001","Gambling outcome","was: (no English entry) — dice-check header (賭博勝負); shown untranslated, code appends '......'"
"DiceHeader/Ch_6_10_3_Break_01_002","What did you say","was: (no English entry) — dice-check header (你說了啥); shown untranslated, code appends '......'"
"DiceHeader/Ch_6_10_4_001","Say something","was: (no English entry) — dice-check header (說點什麼); shown untranslated, code appends '......'"
"DiceHeader/Ch_6_10_4_002","How to respond","was: (no English entry) — dice-check header (如何回應); shown untranslated, code appends '......'"
"DiceHeader/Ch_7_1_3_1_001","The disciple's intention","was: (no English entry) — dice-check header (弟子的意圖); shown untranslated, code appends '......'"
"DiceHeader/Ch_7_3_2_1_001","Has Junior Martial Sister decided","was: (no English entry) — dice-check header (小師妹想好了嗎); shown untranslated, code appends '......'"
"DiceHeader/Ch_7_3_2_1_002","Everyone's opinion","was: (no English entry) — dice-check header (大家的意見); shown untranslated, code appends '......'"
"DiceHeader/Ch_7_3_2_3_001","Xiao Mei's opinion","was: (no English entry) — dice-check header (小梅的意見); shown untranslated, code appends '......'"
"DiceHeader/Ch_7_3_2_8_001","Shangguan Ying's advice","was: (no English entry) — dice-check header (上官螢的建言); shown untranslated, code appends '......'"
"DiceHeader/Ch_7_4_3_1_001","Third Senior Brother's decision","was: (no English entry) — dice-check header (三師兄的決策); shown untranslated, code appends '......'"
"DiceHeader/Ch_7_4_3_1_002","Third Senior Brother's decision","was: (no English entry) — dice-check header (三師兄的決策); shown untranslated, code appends '......'"
"DiceHeader/Ch_7_4_3_1_003","Fourth Senior Brother's decision","was: (no English entry) — dice-check header (四師兄的決策); shown untranslated, code appends '......'"
"DiceHeader/Ch_7_4_3_1_004","Fourth Senior Brother's decision","was: (no English entry) — dice-check header (四師兄的決策); shown untranslated, code appends '......'"
"DiceHeader/Ch_7_4_3_1_005","Junior Martial Sister's decision","was: (no English entry) — dice-check header (小師妹的決策); shown untranslated, code appends '......'"
"DiceHeader/Ch_7_5_2_8_1_001","Your heart's wish","was: (no English entry) — dice-check header (你的心意); shown untranslated, code appends '......'"
"DiceHeader/Ch_7_5_3_1_001","Long Xiang's thoughts","was: (no English entry) — dice-check header (龍湘的想法); shown untranslated, code appends '......'"
"DiceHeader/Ch_7_5_4_1_001","Third Senior Brother hesitates","was: (no English entry) — dice-check header (三師兄正在猶豫); shown untranslated, code appends '......'"
"DiceHeader/Ch_7_5_4_2_1_001","You, an hour later","was: (no English entry) — dice-check header (一個小時之後的你); shown untranslated, code appends '......'"
"DiceHeader/Ch_7_5_4_2_1_002","You, an hour later","was: (no English entry) — dice-check header (一個小時之後的你); shown untranslated, code appends '......'"
"DiceHeader/Ch_7_5_4_8_001","The Sect Leader's token","was: (no English entry) — dice-check header (掌門令牌); shown untranslated, code appends '......'"
"DiceHeader/Ch_7_5_4_8_002","Your ambition","was: (no English entry) — dice-check header (你的野心); shown untranslated, code appends '......'"
"DiceHeader/Ch_7_5_4_9_1_001","Third Senior Brother's response","was: (no English entry) — dice-check header (三師兄的回應); shown untranslated, code appends '......'"
"DiceHeader/Ch_7_5_4_9_1_002","The disciples' response","was: (no English entry) — dice-check header (弟子的回應); shown untranslated, code appends '......'"
"DiceHeader/Ch_7_5_5_2_001","Visit to the Beggar Sect Dayi Branch","was: (no English entry) — dice-check header (丐幫大義分舵之行); shown untranslated, code appends '......'"
"DiceHeader/Ch_7_5_5_2_002","Visit to the Beggar Sect Dayi Branch","was: (no English entry) — dice-check header (丐幫大義分舵之行); shown untranslated, code appends '......'"
"DiceHeader/Ch_7_5_5_3_001","Result of the mission to Emei","was: (no English entry) — dice-check header (出使峨嵋派的結果); shown untranslated, code appends '......'"
"DiceHeader/Ch_7_5_5_3_002","Result of the mission to Emei","was: (no English entry) — dice-check header (出使峨嵋派的結果); shown untranslated, code appends '......'"
"DiceHeader/Ch_7_5_5_3_003","Xiang Wuyou's attitude","was: (no English entry) — dice-check header (向無憂的態度); shown untranslated, code appends '......'"
"DiceHeader/Ch_7_5_5_3_004","Xiang Wuyou's attitude","was: (no English entry) — dice-check header (向無憂的態度); shown untranslated, code appends '......'"
"DiceHeader/Ch_7_5_5_4_001","Result of the mission to Qingcheng","was: (no English entry) — dice-check header (出使青城派的結果); shown untranslated, code appends '......'"
"DiceHeader/Ch_7_5_5_4_002","Result of the mission to Qingcheng","was: (no English entry) — dice-check header (出使青城派的結果); shown untranslated, code appends '......'"
"DiceHeader/Ch_7_5_5_5_001","The smaller sects' reply","was: (no English entry) — dice-check header (中小門派答覆); shown untranslated, code appends '......'"
"DiceHeader/Ch_7_5_5_6_001","Kongtong Sect's reply","was: (no English entry) — dice-check header (崆峒派的答覆); shown untranslated, code appends '......'"
"DiceHeader/Ch_8_1_2_001","Your countermeasure","was: (no English entry) — dice-check header (你的對策); shown untranslated, code appends '......'"
"DiceHeader/Ch_8_1_2_002","Your countermeasure","was: (no English entry) — dice-check header (你的對策); shown untranslated, code appends '......'"
"DiceHeader/Ch_8_1_2_003","Your countermeasure","was: (no English entry) — dice-check header (你的對策); shown untranslated, code appends '......'"
"DiceHeader/Ch_8_1_2_004","Your countermeasure","was: (no English entry) — dice-check header (你的對策); shown untranslated, code appends '......'"
"DiceHeader/Ch_8_2_1_001","Your next move","was: (no English entry) — dice-check header (你接下來); shown untranslated, code appends '......'"
"DiceHeader/Ch_8_2_5_1_001","The first assassin is","was: (no English entry) — dice-check header (第一個刺客是); shown untranslated, code appends '......'"
"DiceHeader/Ch_8_2_5_1_002","The first assassin is","was: (no English entry) — dice-check header (第一個刺客是); shown untranslated, code appends '......'"
"DiceHeader/Ch_8_2_5_5_001","The second assassin is","was: (no English entry) — dice-check header (第二個刺客是); shown untranslated, code appends '......'"
"DiceHeader/Ch_8_2_5_5_002","The second assassin is","was: (no English entry) — dice-check header (第二個刺客是); shown untranslated, code appends '......'"
"DiceHeader/Ch_8_2_5_6_1_001","Your reply","was: (no English entry) — dice-check header (你的回應); shown untranslated, code appends '......'"
"DiceHeader/Ch_8_2_5_6_1_002","Xiaomei's heart","was: Xiao Mei's heart | 小梅 is Xiaomei, one word, per owner ruling; not Xiao Mei. | was: (no English entry) — dice-check header (小梅的心); shown untranslated, code appends '......'"
"DiceHeader/Ch_8_2_5_8_1_001","The waiter's heart","was: (no English entry) — dice-check header (店小二的心); shown untranslated, code appends '......'"
"DiceHeader/Ch_8_2_5_10_Break_01_001","Effect of regulating your breath","was: (no English entry) — dice-check header (調息的效果); shown untranslated, code appends '......'"
"DiceHeader/Ch_8_2_6_3_2_001","The Wulin's response","was: (no English entry) — dice-check header (武林人的回應); shown untranslated, code appends '......'"
"DiceHeader/Ch_8_2_6_3_2_002","The Wulin Alliance's losses","was: (no English entry) — dice-check header (武林盟的消耗); shown untranslated, code appends '......'"
"DiceHeader/Ch_8_1_1_1_001","Outcome of the disciples' departure","was: (no English entry) — dice-check header (弟子出走結果); shown untranslated, code appends '......'"
"DiceHeader/Ch_8_1_1_2_001","First battle","was: (no English entry) — dice-check header (第一戰); shown untranslated, code appends '......'"
"DiceHeader/Ch_8_1_1_2_2_001","Your opponent","was: (no English entry) — dice-check header (你的對手); shown untranslated, code appends '......'"
"DiceHeader/Ch_8_1_1_4_001","Next","was: (no English entry) — dice-check header (接下來); shown untranslated, code appends '......'"
"DiceHeader/Ch_8_3_1_1_001","The Wulin Alliance's losses","was: (no English entry) — dice-check header (武林盟的消耗); shown untranslated, code appends '......'"
"DiceHeader/Ch_8_3_1_2_001","Xiang Wuyou's target","was: (no English entry) — dice-check header (向無憂的目標); shown untranslated, code appends '......'"
"DiceHeader/Ch_8_3_1_3_2_001","Which is the real Eldest Senior Brother","was: (no English entry) — dice-check header (哪個是真的大師兄); shown untranslated, code appends '......'"
"DiceHeader/Ch_8_3_2_1_001","Situation in the courtyard","was: (no English entry) — dice-check header (大院的情況); shown untranslated, code appends '......'"
"DiceHeader/Ch_8_3_2_2_001","Your opponent","was: (no English entry) — dice-check header (你的對手); shown untranslated, code appends '......'"
"DiceHeader/Ch_8_3_2_2_3_001","Nangong Shen's reaction","was: (no English entry) — dice-check header (南宮深的反應); shown untranslated, code appends '......'"
"DiceHeader/Ch_8_4_1_001","Long Xiang's resolve","was: (no English entry) — dice-check header (龍湘的覺悟); shown untranslated, code appends '......'"
"DiceHeader/Ch_8_4_2_1_001","Long Xiang's true face","was: (no English entry) — dice-check header (龍湘的真面目); shown untranslated, code appends '......'"
"DiceHeader/Ch_8_4_3_4_001","Which is the real Eldest Senior Brother","was: (no English entry) — dice-check header (哪個是真的大師兄); shown untranslated, code appends '......'"
"DiceHeader/Ch_8_4_5_1_001","Long Xiang's traits","was: (no English entry) — dice-check header (龍湘的特徵); shown untranslated, code appends '......'"
"DiceHeader/Ch_8_6_1_001","Choice","was: (no English entry) — dice-check header (抉擇); shown untranslated, code appends '......'"
"DiceHeader/Ch_8_6_3_2_001","Your reaction","was: (no English entry) — dice-check header (你的反應); shown untranslated, code appends '......'"
"DiceHeader/Meeting_Option_501_01_001","Fourth Senior Brother's feedback","was: (no English entry) — dice-check header (四師兄的回饋); shown untranslated, code appends '......'"
"DiceHeader/Meeting_Option_703_01_001","Challenging the Flying Stone Gang","was: (no English entry) — dice-check header (挑戰飛石幫); shown untranslated, code appends '......'"
"DiceHeader/Meeting_Option_704_01_001","The examiner is","was: (no English entry) — dice-check header (考官是); shown untranslated, code appends '......'"
"DiceHeader/Meeting_Option_704_01_002","The examiner is","was: (no English entry) — dice-check header (考官是); shown untranslated, code appends '......'"
"DiceHeader/Travel_401_501_001","Who fights","was: (no English entry) — dice-check header (由誰出戰); shown untranslated, code appends '......'"
"DiceHeader/Travel_401_501_002","Who fights","was: (no English entry) — dice-check header (由誰出戰); shown untranslated, code appends '......'"
"DiceHeader/Travel_401_502_001","Who fights","was: (no English entry) — dice-check header (由誰出戰); shown untranslated, code appends '......'"
"DiceHeader/Travel_401_502_002","Who fights","was: (no English entry) — dice-check header (由誰出戰); shown untranslated, code appends '......'"
"DiceHeader/Travel_401_503_001","Who fights","was: (no English entry) — dice-check header (由誰出戰); shown untranslated, code appends '......'"
"DiceHeader/Travel_401_503_002","Who fights","was: (no English entry) — dice-check header (由誰出戰); shown untranslated, code appends '......'"
"DiceHeader/Travel_401_504_001","Who fights","was: (no English entry) — dice-check header (由誰出戰); shown untranslated, code appends '......'"
"DiceHeader/Travel_401_504_002","Who fights","was: (no English entry) — dice-check header (由誰出戰); shown untranslated, code appends '......'"
"DiceHeader/Travel_401_501_01_001","Outcome of the debate","was: (no English entry) — dice-check header (論戰勝負); shown untranslated, code appends '......'"
"DiceHeader/Section_01_Free_06_03_001","Death-match opponent","was: (no English entry) — dice-check header (死亡擂台對手); shown untranslated, code appends '......'"
"DiceHeader/Section_01_Free_00_901_001","Your opponent","was: (no English entry) — dice-check header (你的對手); shown untranslated, code appends '......'"
"DiceHeader/Section_01_Free_00_901_002","Your opponent","was: (no English entry) — dice-check header (你的對手); shown untranslated, code appends '......'"
"DiceHeader/Section_01_Free_00_901_003","Your opponent","was: (no English entry) — dice-check header (你的對手); shown untranslated, code appends '......'"
"DiceHeader/Travel_310_502_001","Someone falls off a horse","was: (no English entry) — dice-check header (有人墜馬); shown untranslated, code appends '......'"
"DiceHeader/Travel_601_101_001","Persuasion","was: (no English entry) — dice-check header (說服); shown untranslated, code appends '......'"
"DiceHeader/Travel_601_102_001","Persuasion","was: (no English entry) — dice-check header (說服); shown untranslated, code appends '......'"
"DiceHeader/Travel_601_103_001","Persuasion","was: (no English entry) — dice-check header (說服); shown untranslated, code appends '......'"
"DiceHeader/Travel_601_904_01_001","How to deal with it","was: (no English entry) — dice-check header (如何處置); shown untranslated, code appends '......'"
"DiceHeader/S0002_07_02_01","Currying favor","was: (no English entry) — dice-check header (巴結行動); shown untranslated, code appends '......'"
"DiceHeader/S0002_08_01_01","Who goes there","was: (no English entry) — dice-check header (來者何人); shown untranslated, code appends '......'"
"DiceHeader/S0002_08_01_02_01","Result of tending the medicine","was: (no English entry) — dice-check header (顧藥的結果); shown untranslated, code appends '......'"
"DiceHeader/S0002_08_02_01","What to do","was: (no English entry) — dice-check header (怎麼辦呢); shown untranslated, code appends '......'"
"DiceHeader/S0002_08_01_03_01","Choosing a book","was: (no English entry) — dice-check header (決定看的書); shown untranslated, code appends '......'"
"DiceHeader/S0003_01_02_001","Helping the man in the bamboo hat","was: (no English entry) — dice-check header (出手相助斗笠人); shown untranslated, code appends '......'"
"DiceHeader/S0003_01_03_001","Doctor Li's opinion of you","was: (no English entry) — dice-check header (李大夫對你的好感度); shown untranslated, code appends '......'"
"DiceHeader/S0003_02_01_001","Odd jobs for quick money","was: (no English entry) — dice-check header (找零工賺點快錢); shown untranslated, code appends '......'"
"DiceHeader/S0003_02_04_001","Bluffing the Three Fiends of Yan Pass","was: (no English entry) — dice-check header (對閻關三煞唬爛); shown untranslated, code appends '......'"
"DiceHeader/S0003_02_06_001","Your cunning","was: (no English entry) — dice-check header (你的智謀); shown untranslated, code appends '......'"
"DiceHeader/S0003_02_09_001","How smitten you are","was: (no English entry) — dice-check header (你的心動程度); shown untranslated, code appends '......'"
"DiceHeader/S0012_01_02_001","Next","was: (no English entry) — dice-check header (接下來); shown untranslated, code appends '......'"
"DiceHeader/S0012_01_03_001","What bit you","was: (no English entry) — dice-check header (咬你的是); shown untranslated, code appends '......'"
"DiceHeader/S0014_01_01_001","Result","was: (no English entry) — dice-check header (結果); shown untranslated, code appends '......'"
"DiceHeader/S0014_01_03_001","Xiaomei's cooking","was: Xiao Mei's cooking | 小梅 is Xiaomei, one word, per owner ruling; not Xiao Mei. | was: (no English entry) — dice-check header (小梅的廚藝); shown untranslated, code appends '......'"
"DiceHeader/S0017_01_001","You are","was: (no English entry) — dice-check header (你正在); shown untranslated, code appends '......'"
"DiceHeader/S0017_02_001","Roast the chicken","was: (no English entry) — dice-check header (是否烤雞); shown untranslated, code appends '......'"
"DiceHeader/S0017_02_002","Poisoning level","was: (no English entry) — dice-check header (中毒程度); shown untranslated, code appends '......'"
"DiceHeader/S0017_03_001","Your alertness","was: (no English entry) — dice-check header (你的警覺); shown untranslated, code appends '......'"
"DiceHeader/S0018_03_001","Ye Yunshang's plan","was: (no English entry) — dice-check header (葉雲裳的辦法); shown untranslated, code appends '......'"
"DiceHeader/S0018_06_001","The nominated candidate","was: (no English entry) — dice-check header (推舉出的人選); shown untranslated, code appends '......'"
"DiceHeader/S0020_02_03_001","Long Xiang's reaction","was: (no English entry) — dice-check header (龍湘的反應); shown untranslated, code appends '......'"
"DiceHeader/S0020_02_03_002","Long Xiang's reaction","was: (no English entry) — dice-check header (龍湘的反應); shown untranslated, code appends '......'"
"DiceHeader/S0021_02_04_001","Your awareness","was: (no English entry) — dice-check header (你的察覺); shown untranslated, code appends '......'"
"DiceHeader/S0021_03_01_001","Your reaction","was: (no English entry) — dice-check header (你的反應); shown untranslated, code appends '......'"
"DiceHeader/S0022_01_02_001","Eldest Senior Brother's choice","was: (no English entry) — dice-check header (大師兄的抉擇); shown untranslated, code appends '......'"
"DiceHeader/S0022_01_02_002","Your flight path","was: (no English entry) — dice-check header (你的飛行方向); shown untranslated, code appends '......'"
"DiceHeader/S0023_01_001","Your awareness","was: (no English entry) — dice-check header (你的察覺); shown untranslated, code appends '......'"
"DiceHeader/S0023_01_002","Your awareness","was: (no English entry) — dice-check header (你的察覺); shown untranslated, code appends '......'"
"DiceHeader/S0023_01_02_01_001","Your choice","was: (no English entry) — dice-check header (你的抉擇); shown untranslated, code appends '......'"
"DiceHeader/S0023_01_03_01_001","Summoning Eldest Senior Brother","was: (no English entry) — dice-check header (大師兄召喚術); shown untranslated, code appends '......'"
"DiceHeader/S0024_01_001","The disciples' reaction","was: (no English entry) — dice-check header (弟子的反應); shown untranslated, code appends '......'"
"DiceHeader/S0024_01_002","Second Senior Brother's reaction","was: (no English entry) — dice-check header (二師兄的反應); shown untranslated, code appends '......'"
"DiceHeader/S0024_01_02_001","Duel of the beggar and the monk","was: (no English entry) — dice-check header (乞丐與和尚的決鬥); shown untranslated, code appends '......'"
"DiceHeader/S0026_01_001","Your reaction","was: (no English entry) — dice-check header (你的反應); shown untranslated, code appends '......'"
"DiceHeader/S0106_01_001","Great Aunt's mood today","was: (no English entry) — dice-check header (大師姑今日的心情); shown untranslated, code appends '......'"
"DiceHeader/S0106_01_002","Result","was: (no English entry) — dice-check header (結果); shown untranslated, code appends '......'"
"DiceHeader/S0203_01_001","How many herbs Tang Fang recovers","was: (no English entry) — dice-check header (唐芳藥材回收程度); shown untranslated, code appends '......'"
"DiceHeader/S0205_01_001","Junior Martial Sister's resistance","was: (no English entry) — dice-check header (小師妹的抵抗); shown untranslated, code appends '......'"
"DiceHeader/S0301_02_001","You must be","was: (no English entry) — dice-check header (閣下便是); shown untranslated, code appends '......'"
"DiceHeader/S0301_02_002","Your reaction","was: (no English entry) — dice-check header (你的反應); shown untranslated, code appends '......'"
"DiceHeader/S0502_01_001","Result","was: (no English entry) — dice-check header (結果); shown untranslated, code appends '......'"
"DiceHeader/S0502_01_002","Result","was: (no English entry) — dice-check header (結果); shown untranslated, code appends '......'"
"DiceHeader/S0602_01_001","Xiao Zhu's courage","was: (no English entry) — dice-check header (小竹的勇氣); shown untranslated, code appends '......'"
"DiceHeader/S0603_02_001","Ye Yunshang's conduct","was: (no English entry) — dice-check header (葉雲裳的行徑); shown untranslated, code appends '......'"
"DiceHeader/S0603_02_002","Your explanation","was: (no English entry) — dice-check header (你的解釋); shown untranslated, code appends '......'"
"DiceHeader/S0701_01_001","Let's do something","was: (no English entry) — dice-check header (做點事情吧); shown untranslated, code appends '......'"
"DiceHeader/S0701_02_001","Junior Martial Sister's thoughts","was: (no English entry) — dice-check header (小師妹的想法); shown untranslated, code appends '......'"
"DiceHeader/S0702_01_001","Junior Martial Sister's thoughts","was: (no English entry) — dice-check header (小師妹的想法); shown untranslated, code appends '......'"
"DiceHeader/S2001_01_001","Your choice","was: (no English entry) — dice-check header (你的抉擇); shown untranslated, code appends '......'"
"DiceHeader/S2001_01_002","Reading to pass the time","was: (no English entry) — dice-check header (打發時間讀書); shown untranslated, code appends '......'"
"DiceHeader/S2001_01_003","Lu Weng's proposal","was: (no English entry) — dice-check header (呂翁的提議); shown untranslated, code appends '......'"
"DiceHeader/S2001_01_03_001","Result of the pursuit","was: (no English entry) — dice-check header (追擊結果); shown untranslated, code appends '......'"
"DiceHeader/S2002_01_001","Any gifts","was: (no English entry) — dice-check header (有禮物嗎); shown untranslated, code appends '......'"
"DiceHeader/S2002_03_Break_001","The tea you brewed","was: (no English entry) — dice-check header (你泡的茶); shown untranslated, code appends '......'"
"DiceHeader/S2100_01_001","The examiner is","was: (no English entry) — dice-check header (考官是); shown untranslated, code appends '......'"
"DiceHeader/S2100_02_02_001","The medicine you tested","was: (no English entry) — dice-check header (你試的藥); shown untranslated, code appends '......'"
"DiceHeader/S2200_02_01_001","Outcome","was: (no English entry) — dice-check header (勝負); shown untranslated, code appends '......'"
"DiceHeader/S2200_03_001","Your next opponent","was: (no English entry) — dice-check header (你的下一個對手); shown untranslated, code appends '......'"
"DiceHeader/S2200_03_01_001","Your next opponent","was: (no English entry) — dice-check header (你的下一個對手); shown untranslated, code appends '......'"
"DiceHeader/S2200_03_02_001","Fan Xiaotian's sanity","was: (no English entry) — dice-check header (樊嘯天的理智); shown untranslated, code appends '......'"
"DiceHeader/S2200_03_02_002","The grass Fan Xiaotian pulled","was: (no English entry) — dice-check header (樊嘯天拔的草); shown untranslated, code appends '......'"
"DiceHeader/S2200_04_001","Your reaction","was: (no English entry) — dice-check header (你的反應); shown untranslated, code appends '......'"
"DiceHeader/S2500_01_001","Treehouse specifications","was: (no English entry) — dice-check header (樹屋規格); shown untranslated, code appends '......'"
"DiceHeader/S2502_01_001","Your lunch","was: (no English entry) — dice-check header (你們的午飯); shown untranslated, code appends '......'"
"DiceHeader/S2504_02_001","Xiahou Lan's approval","was: (no English entry) — dice-check header (夏侯蘭的首肯); shown untranslated, code appends '......'"
"DiceHeader/S2504_02_03_001","Xiahou Lan's decision","was: (no English entry) — dice-check header (夏侯蘭的決定); shown untranslated, code appends '......'"
"DiceHeader/S2504_02_03_002","What Di San Xiang gives you","was: (no English entry) — dice-check header (第三香給的東西); shown untranslated, code appends '......'"
"DiceHeader/S2504_02_04_001","Your resistance","was: (no English entry) — dice-check header (你的抵抗); shown untranslated, code appends '......'"
"DiceHeader/S2504_02_04_002","Your resistance","was: (no English entry) — dice-check header (你的抵抗); shown untranslated, code appends '......'"
"DiceHeader/S2504_02_04_003","Your resistance","was: (no English entry) — dice-check header (你的抵抗); shown untranslated, code appends '......'"
"DiceHeader/S2504_02_04_004","Your resistance","was: (no English entry) — dice-check header (你的抵抗); shown untranslated, code appends '......'"
"DiceHeader/S0120_01_001","Third Senior Brother's decision","was: (no English entry) — dice-check header (三師兄的決定); shown untranslated, code appends '......'"
"DiceHeader/Door_Free_102_001","Deliberately bumping into you","was: (no English entry) — dice-check header (故意朝你撞過來); shown untranslated, code appends '......'"
"DiceHeader/Kitchen_Work_903_001","A new dish","was: (no English entry) — dice-check header (新花樣); shown untranslated, code appends '......'"
"DiceHeader/Talk_Girl_05_01_001","What to do","was: (no English entry) — dice-check header (做什麼); shown untranslated, code appends '......'"
"DiceHeader/Talk_Girl_05_02_001","Choice of bride","was: (no English entry) — dice-check header (新娘子人選); shown untranslated, code appends '......'"
"DiceHeader/Talk_Girl_05_02_002","Your reassurance","was: (no English entry) — dice-check header (你的安撫); shown untranslated, code appends '......'"
"DiceHeader/Talk_Girl_05_02_01_001","Training results","was: (no English entry) — dice-check header (修練成效); shown untranslated, code appends '......'"
"DiceHeader/PV_03_01_001","This person is","was: (no English entry) — dice-check header (此人就是); shown untranslated, code appends '......'"
"DiceHeader/PV_03_01_002","Is that really so","was: (no English entry) — dice-check header (真的是這樣嗎？); shown untranslated, code appends '......'"
"DiceHeader/Act_1_001","You are","was: (no English entry) — dice-check header (你是); shown untranslated, code appends '......'"
"DiceHeader/Act_2_1_001","The opponent is","was: (no English entry) — dice-check header (對手是); shown untranslated, code appends '......'"
"DiceHeader/Act_2_3_001","Who is it","was: (no English entry) — dice-check header (是誰？); shown untranslated, code appends '......'"
"DiceHeader/Act_3_2_001","The challenger is","was: (no English entry) — dice-check header (挑戰者是); shown untranslated, code appends '......'"
"DiceHeader/Talk_Brother4_02_01_01_001","What you asked about","was: (no English entry) — dice-check header (你打聽的事情); shown untranslated, code appends '......'"
"DiceHeader/Talk_Brother4_02_03_01_001","Your excuse","was: (no English entry) — dice-check header (你的辯解); shown untranslated, code appends '......'"
"DiceHeader/S0202_02_03_001","Your candied hawthorn business","was: (no English entry) — dice-check header (你的冰糖葫蘆生意); shown untranslated, code appends '......'"
"DiceHeader/S3001_01_001","Your reaction","was: (no English entry) — dice-check header (你的反應); shown untranslated, code appends '......'"
"DiceHeader/S3001_01_002","Shentu Long struggles","was: (no English entry) — dice-check header (申屠龍掙扎中); shown untranslated, code appends '......'"
"DiceHeader/S3002_01_001","The manual Ye Yunshang gave you","was: (no English entry) — dice-check header (葉雲裳給的秘笈); shown untranslated, code appends '......'"
"DiceHeader/S3003_01_001","The manual Ye Yunshang gave you","was: (no English entry) — dice-check header (葉雲裳給的秘笈); shown untranslated, code appends '......'"
"DiceHeader/Ch_3_1_2_1_001","An enemy appears","was: (no English entry) — dice-check header (仇敵現身); shown untranslated, code appends '......'"
"DiceHeader/Section_02_Free_01_02_901_001","Shentu Long's arrangement for you","was: (no English entry) — dice-check header (申屠龍對你的安排); shown untranslated, code appends '......'"
"DiceHeader/S3004_01_001","Fourth Senior Brother's gift","was: (no English entry) — dice-check header (四師兄送你的東西); shown untranslated, code appends '......'"
"DiceHeader/S3005_01_001","Your action","was: (no English entry) — dice-check header (你的行動); shown untranslated, code appends '......'"
"DiceHeader/Ch_3_1_4_3_1_001","Duan Zhixiu's question","was: (no English entry) — dice-check header (段智秀的問題); shown untranslated, code appends '......'"
"DiceHeader/Ch_3_1_5_2_001","Only you remain","was: (no English entry) — dice-check header (還剩下你); shown untranslated, code appends '......'"
"DiceHeader/Ch_3_1_6_4_001","Your struggle","was: (no English entry) — dice-check header (你的掙扎); shown untranslated, code appends '......'"
"DiceHeader/Ch_3_1_7_1_001","Bring herbs along","was: (no English entry) — dice-check header (是否攜帶藥材); shown untranslated, code appends '......'"
"DiceHeader/Ch_3_1_7_4_001","Who blocks the way","was: (no English entry) — dice-check header (攔路者何人); shown untranslated, code appends '......'"
"DiceHeader/Ch_3_1_7_2_01_001","Standing watch","was: (no English entry) — dice-check header (站哨); shown untranslated, code appends '......'"
"DiceHeader/Ch_3_1_7_5_001","Your thoughts","was: (no English entry) — dice-check header (你的想法); shown untranslated, code appends '......'"
"DiceHeader/Ch_2_6_3_1_001","Second Senior Brother's verdict","was: (no English entry) — dice-check header (二師兄的決斷); shown untranslated, code appends '......'"
"DiceHeader/Ch_2_6_2_1_001","Mental damage check","was: (no English entry) — dice-check header (精神傷害判定); shown untranslated, code appends '......'"
"DiceHeader/Ch_2_6_2_1_002","Mental damage assessment","was: (no English entry) — dice-check header (精神傷害鑑定); shown untranslated, code appends '......'"
"DiceHeader/S0027_01_001","Your fate","was: (no English entry) — dice-check header (你的下場); shown untranslated, code appends '......'"
"DiceHeader/S0028_02_Break_01_001","Scolding Duan Zhixiu","was: (no English entry) — dice-check header (罵段智秀); shown untranslated, code appends '......'"
"DiceHeader/S0208_02_03_001","Contest of Internal Force","was: (no English entry) — dice-check header (比拼內力); shown untranslated, code appends '......' | ruled 20260912 (q04): was Contest of inner strength"
"DiceHeader/S0208_03_01_001","Are you asleep","was: (no English entry) — dice-check header (你睡了嗎); shown untranslated, code appends '......'"
"DiceHeader/S0209_01_001","Life-Sustaining Pill","was: (no English entry) — dice-check header (養命丹); shown untranslated, code appends '......'"
"DiceHeader/S0210_01_001","Your thoughts","was: (no English entry) — dice-check header (你的想法); shown untranslated, code appends '......'"
"DiceHeader/S0208_04_01_04_001","Healing with Internal Force","was: (no English entry) — dice-check header (運功療傷); shown untranslated, code appends '......' | ruled 20260912 (q04): was Healing with inner strength"
"DiceHeader/S0208_04_02_001","Today's meal","was: (no English entry) — dice-check header (今日伙食); shown untranslated, code appends '......'"
"DiceHeader/S0208_04_02_002","Today's meal","was: (no English entry) — dice-check header (今日伙食); shown untranslated, code appends '......'"
"DiceHeader/S0208_04_03_001","Ye Yunshang is trash-talking","was: (no English entry) — dice-check header (葉雲裳在喇逼鵰); shown untranslated, code appends '......'"
"DiceHeader/S0208_04_03_002","Ye Yunshang's findings","was: (no English entry) — dice-check header (葉雲裳的探索成果); shown untranslated, code appends '......'"
"DiceHeader/S0208_04_03_003","Ye Yunshang's findings","was: (no English entry) — dice-check header (葉雲裳的探索成果); shown untranslated, code appends '......'"
"DiceHeader/S0204_01_001","Ye Yunzhao's thoughts","was: (no English entry) — dice-check header (葉雲舟的想法); shown untranslated, code appends '......'"
"DiceHeader/Ch_6_8_3_008","Lingnan Sect's opinion","was: (no English entry) — dice-check header (嶺南派的意見); shown untranslated, code appends '......'"
"DiceHeader/Ch_7_5_6_6_001","Will Long Xiang overthink it","was: (no English entry) — dice-check header (龍湘要不要鑽牛角尖？); shown untranslated, code appends '......'"
"DiceHeader/Ch_8_4_1_002","Nangong Shen's answer","was: (no English entry) — dice-check header (南宮深的回答); shown untranslated, code appends '......'"
"DiceHeader/Ch_8_4_11_1_001","A gust strikes from behind","was: (no English entry) — dice-check header (背後勁風來襲); shown untranslated, code appends '......'"
"DiceHeader/S0213_01_001","Someone is coming","was: (no English entry) — dice-check header (有人來了); shown untranslated, code appends '......'"
"DiceHeader/S0213_02_001","Your insight","was: (no English entry) — dice-check header (你的領悟); shown untranslated, code appends '......'"
"DiceHeader/S0701_01_01_001","Junior Martial Sister's reaction","was: (no English entry) — dice-check header (小師妹的反應); shown untranslated, code appends '......'"
"Library/Desc/10000","After being cut, you bled, and then died.","was: After being cut, they bled and then died. | Player-death descriptions in this file consistently address the player as 'you' (10001, 10004, 10008); 'they' breaks that convention with no antecedent."
"Library/Desc/10008","You went missing, and no one could find you. It doesn't matter; no one cares about your feelings anyway.","was: You went missing, and no one can find you. It doesn't matter; no one cares about your feelings anyway. | Tense mismatch ('went' vs 'can find') within the same clause; 'could' agrees with the past-tense narration."
"Library/Desc/10012","Not only were you brutally murdered, but your wealth was also completely looted.","was: Not only were they brutally murdered, but their wealth was also completely looted. | Player-death descriptions use 'you,' not 'they.'"
"Library/Desc/10013","In a martial arts duel, injuries are inevitable. The opponent initially had no intention of taking your life, but once they started hitting you, it felt so good that they accidentally threw over two hundred extra punches. Who knew you would stop breathing partway through? That's not my problem!","was: In a martial arts duel, injuries are inevitable. The opponent initially had no intention of taking your life, but once they started hitting you, it felt so good that they accidentally threw over two hundred extra punches. Who knew you would run out of breath halfway through? That's not my problem! | 沒氣了 means 'stopped breathing' (died), not merely 'ran out of breath' (winded); the old wording"
"Library/Desc/10021","If you die, then die, but you still made the person who stepped on you sprain their ankle. How inconsiderate of you.","was: If you die, then die, but you still cause others to trip and sprain their ankles. How ungrateful. | 缺德 means 'wicked/inconsiderate,' not 'ungrateful'; also tightens to the one person who stepped on you, matching the singular implication of the source."
"Library/Desc/10022","You should have behaved yourself when you had the chance.","was: Usually, I just want you to be a good person. | 平時就讓你好好做人了 is a retrospective rebuke ('[I] already told you to behave'), not a present-tense wish; matches the death-caption's too-late-now tone."
"Library/Desc/10028","You were thrown into the furnace and refined alive. The pill made from you was thrown into the river to feed the fish.","was: You were thrown into the furnace, burned alive. The elixir made from you was thrown into the river to feed the fish. | 煉 is alchemical refining (matches the 丹藥 made from you), not simply 'burned'; NOMENCLATURE explicitly lists 'Elixir' as an avoid form for 丹 - 'Pill' is the fixed term."
"Library/Desc/10029","You Tang Clan traitor - you deserve to die.","was: You traitor of the Tang Clan, you deserve to die. | Smoother phrasing of the direct address, same meaning, ASCII hyphen."
"Library/Desc/10033","Your martial arts skills are truly lacking. Eldest Senior Brother thought you could handle it, but in the end, it was too late to even try to save you.","was: Your martial arts skills are truly lacking. The senior brother thought you could handle it, but in the end, it was too late to even try to save you. | 大師兄 is the fixed register title 'Eldest Senior Brother,' not a generic 'the senior brother.'"
"Library/Desc/10036","Ambushed and assassinated by a female thief.","was: Ambushed and assassinated by a Female Bandit | Same nomenclature fix as the title; sentence case with terminal period for a description row."
"Library/Desc/10044","As an enemy of Kongtong, you have finally paid for your countless evils, put to death by execution.","was: Your enemy from Kongtong has finally met their just end, having committed countless evils and perished by execution. | The source addresses the player directly (你這崅峽之敵, 'you, this enemy of Kongtong'); the old text wrongly turned it into a third party ('your enemy'), so no one actually dies in the old sentence - a serious subject error for a record of the player's own death."
"Library/Desc/10049","The vulgar villain wanted to show their power, often casually killing a few passersby to demonstrate their ruthlessness. And so, you were killed.","was: The vulgar villain wanted to show their power, often casually killing a few passerby to demonstrate their ruthlessness. And so, you were killed. | 'passerby' is singular; the correct plural is 'passersby.'"
"Library/Desc/10050","You should know that Diancang and the Tang Clan have a longstanding grudge. Since blades are drawn on both sides, taking a life to add another feat under the sword should be met without complaint or regret.","was: You should know that the Diancang Tang Clan has a longstanding grudge. Since blades and swords are drawn against each other, taking a life to add a new achievement under the sword should be without complaint or regret. | 'The Diancang Tang Clan' wrongly merges two separate rival factions into one; NOMENCLATURE's own worked example for 恩怨 (grudge) is verbatim 'A longstanding grudge between Dia"
"Library/Desc/10051","Life is truly precious; how could you have such a crazy thought?","was: Health is truly precious; how could you have such a crazy thought? | 生命 is 'life,' not 'health' - this is the famous 'life is dear' line, and 'health' is a plain mistranslation."
"Library/Desc/10052","You are as fragile as furniture that can't withstand a single blow; just a couple of knocks and you fall apart.","was: You are as fragile as furniture that hasn't been properly assembled; just a couple of knocks and you fall apart. | 不經打 means 'can't take a hit,' not 'hasn't been properly assembled' - the old gloss is fabricated."
"Library/Desc/10053","The doctor advised you to rest seriously; it wasn't a joke. You insisted on creating your own excuses and moving around, and now look what happened: you'll never have to move again.","was: The Doctor advised you to rest seriously; it wasn't a joke. You insisted on creating your own excuses and moving around, and now look what happened‑you'll never have to move again. | 'doctor' is generic here, not a name/title, so it shouldn't be capitalized; also removes the disallowed U+2011 hyphen."
"Library/Desc/10054","The blood poison developed by Second Senior Brother caused you to perish under direct sunlight. Later generations referred to this condition as porphyria.","was: The blood poison developed by Second Senior Brother caused you to perish under direct sunlight. Later generations referred to this condition as purpura. | 紫質症 is porphyria (the sunlight-sensitivity disease the joke is about), not purpura, an unrelated bleeding condition."
"Library/Desc/10055","If fish had souls, they would surely be very angry: ""Don't dump any trash into the sea!""","was: If fish had souls, they would surely be very angry: Don't dump any trash into the sea! | The source quotes the fish's outburst (「」); the old English dropped the quotation marks entirely."
"Library/Desc/10057","As a villain, one should have self-awareness; colliding with righteous individuals is no different from delivering oneself to death.","was: As a villain, one should have self‑awareness; colliding with righteous individuals is no different from delivering oneself to death. | Removes the disallowed U+2011 hyphen (ASCII '-' only)."
"Library/Desc/10063","After killing you, the bounty on the notorious bandit reached a new peak, but this is nothing to boast about - it's not as if you were tired of living.","was: After killing you, the bounty for the notorious bandit reached a new peak, but this is not something to be proud of; it's not as if they are tired of living. | 'they' in the old text is ambiguous where the idiom 嫁命太長 ('tired of living,' i.e. reckless) more naturally describes the player's own fatal recklessness, not the bandit."
"Library/Desc/10072","You are just a small side dish, and it looks very unappetizing.","was: You are just a small dish, and it looks very unappetizing. | Matches the corrected title's 'side dish' wording."
"Library/Desc/10073","Xiahou Lan held your lifeless body, softly singing a lullaby. She placed you in the grave and then jumped in herself, joining the martyrs of Snow Mountain in eternal rest.","was: Xiahou Lan held your lifeless body, softly singing a lullaby. They placed you in the grave and then jumped in themselves, joining the martyrs of the snowy mountains in eternal rest. | 'They/themselves' should be 'she/herself' (Xiahou Lan is a single named character); NOMENCLATURE fixes 雪山 as 'Snow Mountain' and explicitly lists 'Snowy Mountains' as an avoid form."
"Library/Desc/10076","It's not that there's any deep-seated hatred, but you just look unpleasant, so people don't want you to live.","was: It's not that there's any deep‑seated hatred, but you just look unpleasant, so people don't want you to live. | Removes the disallowed U+2011 hyphen."
"Library/Desc/10077","You perished under Shangguan Sun's blade, and none of the junior disciples who followed you were able to leave Fengyu Mountain alive.","was: You perished under Shangguan Jun's blade, and none of your junior disciples who accompanied you survived the separation at Fengyu Mountain. | Clearer rendering of 生離 ('left alive') than the old's garbled 'survived the separation.' | ruled 20260912 (q23): was You perished under Shangguan Jun's blade, and none of the ju"
"Library/Desc/10082","You quickly caught up with Xiaomei, who was both amused and exasperated, hoping that you wouldn't be so impulsive next time.","was: You quickly caught up with Xiao Mei, who was both amused and exasperated, hoping that you wouldn't be so impulsive next time. | NOMENCLATURE fixes the short form as one word, 'Xiaomei.'"
"Library/Desc/10089","You have nothing to be proud of; your father-in-law doesn't need to tolerate you at all. He could chop you up and feed you to the dogs, then find a better and more handsome partner for his daughter.","was: You have nothing to be proud of; your father‑in‑law doesn't need to tolerate you at all. He could chop you up and feed you to the dogs, then find a better and more handsome partner for his daughter. | Removes the disallowed U+2011 hyphen."
"Library/Desc/10092","Killing you increased the experience points of the Young Hero of the Jianghu. In the future, he will kill many more lackeys like you and gain money and items.","was: Killing you has increased the experience points of the Jianghu Hero. In the future, they will kill many more lackeys like you and gain money and items. | 少侠 is NOMENCLATURE's fixed 'Young Hero,' not a fabricated 'Jianghu Hero'; also the source says 他 (he), not 'they.'"
"Library/Desc/10094","The Ye siblings have laid down their heavy burdens, hoping to be reborn into good families. As for you, you beast, you must naturally go to the Beast Path.","was: The siblings of Ye family have laid down their heavy burdens and hope to be reborn into good families. As for you beast, you naturally must go to the Beast Path. | Grammar fix ('siblings of Ye family' to 'the Ye siblings,' matching NOMENCLATURE's transliteration of the family name) and clearer direct address."
"Library/Desc/10095","History is written by the victors; only the words of the winners count.\nYou will lose, for justice must prevail! Die, you evil heretic!","was: History is written by the victors; only the words of the winners count. You will lose, for justice must prevail! Die, you evil and wicked beings! | Restores the source's dropped \n (verified position matches); singular 'evil heretic' matches 邪魔歪道 addressed at you alone, correcting the old's softening plural 'beings.'"
"Library/Desc/10097","Only the victor is the Great Hero; the ones who die are merely corpses.","was: Only the victor is the hero; the ones who die are merely corpses. | 大俠 is the register's fixed 'Great Hero,' used every time it appears, including mid-sentence."
"Library/Desc/10100","They hadn't even made a move, and you had already fallen.","was: They haven't even made a move, and you have already fallen. | Past-tense narration to match sibling Records entries instead of present perfect."
"Library/Desc/10102","You were useless in life,\nbut at least after your body decays, it can turn into spring mud and still protect the flowers.","was: You were useless in life, but at least after your body decays, you can turn into spring mud to protect the flowers. | Restores the dropped \n at the verified position; matches the subject to 'your body' (the thing that decays and becomes mud) rather than 'you' directly."
"Library/Desc/20000","You feared being hunted down by Second Senior Brother, so you fled from the Tang Clan, seeking refuge far away in the Western Regions to avoid disaster. You were forced into marriage by a strong Miao woman, and after marriage, you had many children and grandchildren. Yet, you remained melancholic and unhappy, passing away before reaching your forties without any illness.","was: You feared being hunted down by Second Senior Brother, so you fled from the Tang Clan, seeking refuge far away in the Xinjiang region to avoid disaster. You were forced into marriage by a strong Miao woman, and after marriage, you had many children and grandchildren. Yet, you remained melancholic and unhappy, passing away before reaching your forties without any illness. | Matches this same e"
"Library/Desc/20002","You bid farewell to your dreams and became an adult, after which you no longer dreamed. You have heard news of them since, but those old days feel as distant as a past life, hard to recapture.","was: You bid farewell to your dreams and became an adult, after which you no longer dreamed. You have heard their news, but those old days feel as distant as a past life, difficult to reclaim. | 'Heard their news' is unnatural word order; memories are 'recaptured' rather than 'reclaimed.'"
"Library/Desc/20003","You betrayed the Tang Clan. You said it was for survival, for wealth and glory, but deep down, you knew you had betrayed that bond between master and disciple, thicker than blood.","was: You betrayed the Tang Clan. You said it was for survival, for wealth and glory, but deep down, you know you have betrayed that bond of master and disciple that is thicker than blood. | Past-tense narration for consistency."
"Library/Desc/20004","Compared to the sect, you chose to protect yourself and fled. Even though it was understandable, you never quite let it go for the rest of your life, often dreaming of the past and moved to tears.","was: Compared to the sect, you chose to protect yourself and turned to flee. Even though it is understandable, you will find it hard to let go for the rest of your life, often dreaming of the past and being filled with tears. | Past-tense narration for consistency."
"Library/Desc/20010","Welcome home.","was: Welcome home | Descriptions are sentences and take terminal punctuation."
"Library/Desc/20013","Wielding a sword across the vast world, accustomed to the colors of solitude. Vast as the world is, no one else can win her gentle smile in your place. You deserve a lifetime of torment, to atone for her tears.","was: Wielding a sword across the vast world, accustomed to the colors of solitude. In this great land, no one can replace her gentle smile. It is only right that she endures a lifetime of suffering to atone for her tears. | 活該一生煎熬，來贖她眼淚 puts the torment on the addressee ('you'), not 'her' - the old translation swapped who suffers; also fixes 'win her smile' instead of the nonsensical 'replace her "
"Library/Desc/20014","Wielding a sword across distant horizons, accustomed to the colors of solitude. In this vast world, no one else can win her enchanting smile in your place. You deserve a lifetime of torment, to atone for her tears.","was: Wielding a sword across distant horizons, accustomed to the colors of solitude. In this vast world, no one can replace her enchanting smile. She is destined to endure a lifetime of torment to atone for her tears. | Same subject fix as 20013 - the torment belongs to 'you,' not 'her.'"
"Library/Desc/20018","Wandering the world sounds carefree, but to put it plainly, it's just being a vagrant. You have no home.","was: Wandering the world sounds carefree, but to put it plainly, it's just being a drifter. You have no home. | Matches this entry's own Records title ('Vagrant') instead of switching to a different English word for the same Chinese term."
"Library/Desc/20019","The way that can be spoken of is not the eternal way.\nThe deeper your understanding, the fewer words you can express; ultimately, all sound ceases, and heaven and earth fall silent.\nYou leave no trace, neither giving nor owing, as if you had never existed at all.","was: The way that can be spoken of is not the eternal way. The deeper your understanding, the fewer words you can express; ultimately, all sounds cease, and heaven and earth are silent. You leave no traces, neither giving nor taking, as if you have never existed from the beginning to the end. | Restores the source's two dropped \n's; also fixes 不施不欠 - 欠 means 'owing,' not 'taking.'"
"Library/Desc/20020","You sheathed your sword and withdrew from the world, never to fight again, and lived until you turned fifty.\nOccasionally someone was kind to you, but many more harbored baseless disdain, hatred, and mockery toward you.\nMalice is everywhere; it does not stop just because you left the Jianghu - that is simply how the world is.","was: You sheathed your sword and withdrew from the world, never to engage in combat again, living until the end of your days. Occasionally, some were kind to you, but many more harbored unwarranted disdain, animosity, and mockery towards you. Malice is everywhere; even away from Jianghu, this is how the world is. | 天命之年 names a specific age (fifty, the Confucian idiom), not a vague 'end of your da"
"Library/Desc/20021","Your anger has set the clouds at the horizon ablaze with crimson.\nYou repaid your debts of kindness, and settled your vengeance. All grudges turned to ash, swept up into the heavens, carried far away by the wind.","was: Your anger has set the clouds at the horizon ablaze with crimson. You have repaid both kindness and vengeance. All grievances have turned to ash, swept up to the heavens, and carried away by the wind. | Restores the dropped \n. GLOSSARY fixes 恩怨 as 'grudge' specifically and lists 'grievances' as an avoid-term; the proposal correctly dropped 'grievances' but substituted an invented 'accounts' "
"Library/Desc/20022","You have mastered the art of socializing in official circles, flattering your superiors and treating your subordinates with ruthless disdain.\nEven with an ugly reputation, as long as your power is great enough, no one dares to speak ill of you.\nBut whether those silenced people, and those old friends from the Jianghu who never once come to visit you, secretly look down on you in their hearts - that is hard to say.","was: You have mastered the art of socializing in official circles, flattering those above you and being ruthless to those below. Even if your demeanor is ugly, as long as your power is great enough, no one dares to speak ill of you. However, those who remain silent, those old friends from the Jianghu who never come to visit you, it's hard to say whether they truly look down on you in their hearts."
"Library/Desc/20024","After your retreat, you paid no more heed to news of the Jianghu.\nThe turmoil was all in those first twenty years; the rest of your life went untouched by fame. You came, you went, and perhaps no one noticed, but you yourself know it.","was: After your retreat, Jianghu Tales have faded into silence. The waves of the past twenty years have settled, and the rest of your life is no longer swayed by fame. You came, you left, and perhaps no one cares, but you know it yourself. | 不聞不問 says you stopped listening/asking about the Jianghu (your own choice), not that 'Jianghu Tales' passively 'faded into silence'; also restored the dropped"
"Library/Desc/20025","In your old age, you become known as the Old Man of the Mountain, forefather of assassins the world over.\nThe legend of the Thousand Faced Demon lives on, and fear blankets this land.","was: In your old age, you are known as the Elder of the Mountains, the ancestor of all assassins in the world. The legend of the Thousand Faced Demon continues to endure, casting fear over this land. | Matches the title fix above (one term, one rendering), and restores the dropped \n."
"Library/Desc/20026","Past grudges scatter on the wind, and the years drift by unstained by dust. May the rest of your lives together be slow and good.","was: Past grievances scatter with the wind, and the years flow by without taint. May the two of you enjoy a slow and good life in the days to come. | GLOSSARY lists 'grievances' as an avoid-term for 恩怨."
"Library/Desc/20027","People of the Jianghu are blinded by greed, and none can guess your ill intent.\nYou used this blade to avenge the Tang Clan. Though it never struck a single person, ten thousand corpses already lie in its shadow, and blood flows like a river.","was: People in the Jianghu are blinded by greed, and no one can guess your ill intentions. You used this blade to take revenge for the Tang Clan, yet without slaying a single person, countless bodies lie beneath your blade, and rivers of blood flow. | Restores the dropped \n and tightens the paradox, but the proposal's 'your true intentions' drops the negative sense of 不懷好意 (harboring ill/evil int"
"Library/Desc/20028","Deep schemes and long-term planning are a lie; only your unremarkable looks are the truth.\nThanks to you, the Tang Clan's grievance has been redressed. Although everyone has gone their separate ways, they all breathe easier now.","was: Deep schemes and long‑term considerations are false; only the unremarkable appearance is true. Thanks to you, the grievances of the Tang Clan have been vindicated. Although everyone has gone their separate ways, they all feel a sense of pride and relief. | The patch's U+2011 hyphen in 'long‑term' must be an ASCII hyphen; also restored the dropped \n."
"Library/Desc/20029","You two are reclusive scholars; this era is unworthy of you. Why not appreciate your own company, cultivate your character, and spend sunny days farming and herding while reading on rainy days? Enjoy lotus flowers in summer and snow in winter - wouldn't that bring joy?","was: You two are reclusive scholars; this era is unworthy of you. Why not appreciate your own company, cultivate your character, and spend sunny days farming and herding while reading on rainy days? Enjoy the lotus flowers in summer and the snow in winter‑doesn't that bring joy? | The patch's U+2011 hyphen ran two words together ('winter‑doesn't'); replaced with an ASCII space and hyphen."
"Library/Desc/20030","The world buzzes with speculation, everyone wanting to know who that senior expert behind the human-skin mask really is. But that day, you weren't wearing a mask at all.","was: The world is abuzz with speculation, all wanting to know who that senior expert is, wearing a human skin mask. However, you weren't wearing a mask at all that day. | Fixed the dangling modifier ('who that senior expert is, wearing a human skin mask') to attach to the right noun."
"Library/Desc/20032","On this day, the Tang Clan's rebels were wiped out entirely at Meishan; not one survived. The Outer Fort was burned to the ground, and all merit and blame turned to nothing. You once lived, only no one remembers it anymore.","was: On this day, the rebels of the Tang Clan were completely annihilated at Meishan, with not a single one surviving. The fortress outside the courtyard was set ablaze, and all achievements and failures have turned to nothing. You have survived, but no one remembers you. | 'You have survived' directly contradicts 'not a single one surviving' just stated - 你們活過 means they once lived, not that they"
"Library/Desc/20033","You are alive, yet you have been dead for a long time.\nXiahou Lan regrets that she bound you that day, making you suffer decades more than you should have.","was: You are alive, yet you have been dead for a long time. Xiahou Lan regrets that day when they bound you, making you suffer for several more decades. | Xiahou Lan is established as female in the register (her sobriquet's 蘭 echoes her real name); fixed 'they' to 'she,' and restored the dropped \n."
"Library/Desc/20035","When a person dies, it is like a lamp going out - you burned through the last of your life's fire and paid your enemies back in kind.\nDecades later, the world still remembers that peerless final stand of the Tang Clan.","was: When a person dies, it's like a lamp extinguished; you have burned out the fire of life, yet still, you leave behind colors. Decades later, the world will still remember the Tang Clan's exquisite echoes. | 還以顏色 is the idiom 'to give someone a taste of their own medicine,' not literally 'to leave behind colors'; also restored the dropped \n."
"Library/Desc/20036","There is no longer a Tang Clan in this world, but its flame has never gone out. There is you, and Junior Martial Sister, and the family you will yet have together.\nThe Tang Clan began as one family, and in the end, it remains one family. The Tang family's flame will carry on.","was: There is no longer a Tang Clan in this world, but the flame has not been extinguished. With you, Junior Martial Sister, and your future family, the Tang Clan was originally one family, and in the end, it remains one family. The legacy of the Tang family will continue to be passed down. | 'With you...the Tang Clan was originally one family' did not connect grammatically; restructured, and rest"
"Library/Desc/20037","Your journey never stopped from the day you set out, playing your way wherever you went - she paid for it, you risked your life for it. You visited old friends without holding back, roamed the length of the Divine Land, and your footsteps finally came to rest at Mount Kunlun.","was: Your journey has not stopped since the day you set off, playing wherever you go. They pay for everything while you give your all, visiting old friends without holding back your feelings, traveling all over the land, with your footsteps finally resting at Kunlun Mountain. | 她 marks a specific 'she,' not 'they'; also 你賣命 is closer to 'you risked your life' than the vaguer 'you give your all'; '"
"Library/Desc/20038","Thanks to Shangguan Ying, the Zhao family became one of the wealthiest households in the region.\nShangguan Ying gradually handed the business over to you, while she took charge of running the household.\nAs a virtuous wife and mother, she never struck the children; if they misbehaved, she struck you instead.","was: Thanks to Shangguan Ying, the Zhao family became one of the wealthiest households in the region. Shangguan Ying gradually handed over the business to you, while she took charge of the household affairs. As a virtuous wife and mother, she never hit the children; if the children made a mistake, she would discipline you instead. | Restored the two dropped \n's."
"Library/Desc/20039","Xiaomei is usually wise and gentle, but when provoked, she can become fierce and overpowering. She once wielded a blade to threaten every woman within a hundred-mile radius, warning them to stay away from you.","was: Xiao Mei is usually wise and gentle, but when provoked, she can become fierce and overpowering. She once wielded a blade to intimidate all the women within a hundred‑mile radius, warning them not to come near you. | Matches the name fix above, and fixes the patch's U+2011 hyphen in 'hundred‑mile.'"
"Library/Desc/20040","You and Xiaozhu built an exquisitely intricate automaton and hid it beneath the water of a pond. Because its mechanism was too complex, it had to be built larger, split into a man, a lion, and an eagle that could combine into one.\nSuch an achievement was enough to earn a place in history, but for fear the automaton might be put to evil use, you ultimately chose to destroy it.","was: You and Xiao Zhu created an exquisitely intricate automaton, hidden beneath the water of the pond. Due to the complexity of its mechanisms, it had to be made larger, divided into a human, a lion, and an eagle, which could combine into one. Such an achievement was enough to be remembered in history, but fearing that the automaton might be misused, you ultimately decided to destroy it. | Restor"
"Library/Desc/20041","You and your spouse have integrity without arrogance.\nScholars and refined gentlemen, peddlers and errand-runners alike are all welcomed without exception.\nYou converse with great scholars, yet you never turn away the common folk either; scholar, farmer, artisan, or merchant, all can be your friends - you treat everyone in your life with equal respect and sincerity.","was: You and your spouse possess noble character without arrogance. Scholars and refined individuals, as well as merchants and common folk, all welcome you without reservation. You engage in conversation with learned scholars and do not refuse the company of ordinary people; you can be friends with everyone from scholars to farmers and merchants, treating each person with equality, respect, and si"
"Library/Desc/20042","After having a child, Xiahou Lan's cold heart finally melted - and you fell out of favor.\nShe devoted herself entirely to raising the child, often relieved that it took after her rather than you, and refused to let you scold or discipline it, spoiling it rotten.\nTo make sure the child had a good education, she went out one day and captured Wei Ju to bring home as its tutor.","was: After having a child, Xiahou Lan's cold heart finally melted, and you fell out of favor. She devoted herself to raising the child, often feeling grateful that the child resembled her and not you, forbidding you from scolding or punishing the little one, indulging them excessively. In order to provide the child with a good education, one day she went out and captured Wei Ju to come home as the"
"Library/Desc/20043","Long Yuan came quietly to see you both. For a moment his eyes blazed with fury, but thinking of his own lack of accomplishment, he decided to just let you be.\nAfter all, whether lived gloriously or lived quietly, it is still a life either way. Your father-in-law doesn't ask much of you - he doesn't need you to look after the world, just to protect your own family. Being her hero is enough.","was: Long Yuan quietly came to see you all, and for a moment, they were so angry that their vision blurred. Thinking about their own lack of accomplishments, they decided to let you be. After all, living a grand life or passing through peacefully is still a life. Your father‑in‑law does not ask much of you; you don't need to care for the world's people, just protect your own family. Being her hero"
"Library/Desc/20045","Sometimes you don't even need a script; you can make people laugh just by talking off the cuff. The stranger you look, the more popular you become - which is how you learn that crosstalk is your true calling. In this field, you're even more popular than Eldest Senior Brother, with a talent he can only envy and never match.","was: Sometimes you don't even need to prepare a script; just speaking off the cuff can make people laugh. The stranger you look, the more popular you become, which makes it clear that cross‑talk is your calling. In this field, you are even more popular than Senior Brother, possessing talents that they can't help but envy. | 大師兄 is the register's 'Eldest Senior Brother,' not the bare 'Senior Brothe"
"Library/Desc/20047","Gengyang Reading Studio will compile your deeds into a book and publish it in the market.\nThe name of the Tang Clan's Living Hero will spread across the Central Plains overnight, known to every last person.\nFrom now on, your name will be legend, revered by thousands.","was: Gengyang Reading Studio will compile your deeds into a book and publish it in the market. The renowned reputation of the Tang Clan's chivalrous hero will soon spread throughout the Central Plains, known by all and acknowledged by everyone. From now on, your name will become a legend, revered by thousands. | 俠 in a compound renders as 'Hero' per the register (as in 飛俠 = Flying Hero); applied t"
"Library/Desc/20049","You became an Emei Disciple, enjoying the same treatment and duties as everyone else.\nAs a member of the Wulin, you took part in a few major events of the martial world, neither gaining great merit nor incurring blame, and retired into seclusion in your old age.","was: You became an Emei Disciple, enjoying the same treatment and obligations as others. As a member of the Wulin, you participated in several significant events, neither achieving great merit nor incurring blame, and eventually retired in seclusion when you grew old. | Restored the dropped \n."
"Library/Desc/20050","Beaten down by random blows from this heartless world, your heart died long before your body ever did.","was: In this ruthless world, being struck by chaotic fists, your heart has a shorter lifespan than your body; it has long since died. | The original was an awkward run-on; tightened into one clear clause."
"Library/Desc/20051","Your backbone vanished the instant your actual bones broke.","was: Your spirit vanished the moment your bones were broken. | 骨氣 (backbone/integrity) puns on 骨頭 (bones) in the source; 'backbone' keeps that wordplay, which 'spirit' loses."
"Library/Desc/20052","No one kept you there, yet you could not bear to leave. For the rest of your life, you stayed trapped before her grave, weeping in repentance - but how could she ever answer?","was: No one has kept you, yet you are reluctant to walk away. Throughout your life, you remain trapped before her grave, shedding tears of remorse, but how could she ever respond? | Past-tense narration for consistency with the rest of the entry."
"Library/Desc/20053","No matter how many times I am reborn, I am willing to cross the River Styx and pass through hell for her.","was: No matter how many times I reincarnate, I am willing to traverse the River of Oblivion and cross through hell for her. | 冥 means 'the underworld,' not 'oblivion' (forgetting); 'River Styx' is the genre-appropriate underworld river."
"Library/Desc/30001","From this moment on, you are a changed person - just as you once looked up to Eldest Senior Brother, your junior brothers and sisters now trust you too.","was: From this moment on, you will be reborn, just as you once looked up to Senior Brother; your junior brothers and sisters will also trust you. | 大師兄 is the register's 'Eldest Senior Brother,' not the bare 'Senior Brother.'"
"Library/Desc/30003","Who doesn't want to be favored by fate, to turn the world upside down, and return home to a harem? But you still have to stay alive and remain clear-headed.","was: Who doesn't want to be favored by fate, to turn the world upside down, and return home to a harem? But you still have to stay alive and remain clear‑headed. | Fixed the patch's U+2011 hyphen to an ASCII hyphen."
"Library/Desc/30008","The wounds left on you by the Wulin Alliance Leader and the Thousand Faced Demon are marks of your honor.","was: The wound left by the Leader of the Wulin Alliance and the Thousand Faced Demon is a mark of your honor. | The register's fixed English for 武林盟主 is 'Wulin Alliance Leader,' not 'Leader of the Wulin Alliance.'"
"Library/Desc/30010","I am not going anywhere.","was: I am not going anywhere | Descriptions are sentences and take terminal punctuation."
"Library/Desc/30012","Also the Sect Leader's companion.","was: The companion of the sect leader | 兼 ('concurrently/also') marks this as a secondary title, which the patch dropped; also capitalizes 'Sect Leader' per the register and adds the terminal period descriptions take."
"Library/Desc/30014","Traveling far and wide, living by chivalry and justice, she has fallen completely for your heroic spirit.","was: Traveling far and wide, acting with chivalry, they have fallen in love with your heroic spirit. | 她 marks a specific 'she,' not 'they'; also renders the full idiom 行俠仗義 ('chivalry and justice') instead of dropping its 仗義 half."
"Library/Desc/30017","He has his own opportunities, but without you, the Flying Hero's return would have been delayed indefinitely.","was: They have their own opportunities, but without you, the return of the Flying Hero will be indefinitely delayed. | 他 refers to the (male) Flying Hero, not a generic 'they.'"
"Library/Desc/40000","You and Junior Martial Sister are married, and the two of you travel together. It is said that the daughters of the Tang Clan are cold as ice and rarely smile, yet travelers who see her by your side find that she always wears a bright smile.","was: You and Junior Martial Sister have become a couple and are traveling together. It is said that the daughters of the Tang Clan are as cold as ice and rarely smile, yet passersby see her by your side and always wear bright smiles. | Verified against the live row (line 382) and the quoted old text matches exactly. 結為夫妻 is a wedding, not merely 'a couple becoming a thing' - the old wording unders"
"Library/Desc/40003","Yunshang and you journey hand in hand through Jiangnan, taking a boat and dozing off to the sound of rain. With you indulging and pampering her, she fears nothing; her mischief never quiets down, even into old age, yet this life is complete and she has no regrets. In this era of strict moral codes, with no parents' command and no matchmaker's word, they stay together purely because they suit each other.","was: Yunshang and you hold hands to wander through Jiangnan, taking a boat to listen to the rain and sleep. With you by their side, cherished and adored, they are fearless, their past filled with misdeeds, never settling down until old age, living this life without regrets. In this era of strict moral teachings, without the orders of parents and not relying on the words of matchmakers, they stay t"
"Library/Title/10002","I Detest the World, Just as the World Detests Me","was: I detest the world, just as the world detests me. | Title Case, no trailing period, per house style for Records titles (GLOSSARY line 8)."
"Library/Title/10006","Fart-Power Scorched Frog","was: Pili Jiao Frog | 屁力焦蛙 is a joke technique name built from meaningful characters (fart-power / scorched / frog); NOMENCLATURE rule 2 requires such names be translated as a noun phrase, never left as pinyin like 'Pili Jiao Frog.' The crude literal rendering matches the source's lowbrow joke register."
"Library/Title/10007","I Am at the Bottom of the Tang Clan Valley","was: I am at the bottom of the Tang Clan valley. | Title Case, no period; Tang Clan matches NOMENCLATURE."
"Library/Title/10037","Stabbed by Xiaomei","was: Stabbed by Xiao Mei | NOMENCLATURE fixes the short form as one word, 'Xiaomei.'"
"Library/Title/10044","Jianghu Vendetta Order · Kongtong","was: Jianghu Vendetta Order: Kongtong | House style uses ' · ' (U+00B7) as the name/subtitle separator (GLOSSARY, and NOMENCLATURE's own worked example 'Kongtong Sect · Flying Heaven Gate'), not a colon."
"Library/Title/10081","Like the Dark Grand Sorcerer","was: Like the Dark Sorcerer | The paired description explains the epithet as both 'darkness' and 'Grand Sorcerer' combined; the old title dropped 'Grand,' contradicting its own explanation."
"Library/Title/20013","The Loneliest Thing in the World Is Parting from You","was: The world is desolate, especially when I am apart from you. | 寂寥事 names parting from her as the loneliest thing in the world, not a general claim about the world; Title Case, no trailing period."
"Library/Title/20014","The Loneliest Thing in the World Is Parting from You","was: The world is desolate, especially when I am apart from you. | Identical source text to Library/Title/20013 must render identically."
"Library/Title/20015","Apes and Cranes, Insects and Sand","was: Yuanhe Chongsha | A meaningful classical allusion (explained in full in the description) should be translated, not left as untranslated pinyin."
"Library/Title/20019","Enter the Gate of Infinity, Roam the Boundless Fields","was: Enter the gate of infinity, roam the boundless fields. | Title Case, no trailing period."
"Library/Title/20021","The End of Grace and Vengeance","was: The End of Grudges and Affections | 恩 here is a debt of kindness/gratitude repaid, not romantic 'affection'; matches the description's 'repaid both kindness and vengeance.'"
"Library/Title/20035","Tang Clan Hidden Weapons","was: The Hidden Weapons of the Tang Clan | The register's fixed English for 唐門暗器 is 'Tang Clan Hidden Weapons'; use it verbatim rather than a paraphrase."
"Library/Title/20039","Xiaomei's Secret Collection","was: Xiao Mei's Secret Collection | The register fixes the short form of 虞小梅 as one word, 'Xiaomei,' not 'Xiao Mei.'"
"Library/Title/20046","What You Wish For, Let It Be a Journey Through Jianghu","was: What you wish for, let it be a journey through Jianghu. | Title Case, no trailing period."
"Library/Title/30002","Annoying Immortal Cultivation","was: Annoying Cultivation | The register's fixed compound for 修仙 is 'Immortal Cultivation,' not bare 'Cultivation' (reserved for the 修養 stat)."
"Library/Title/30014","Carefree Heroic Couple","was: Carefree Heroes | 侶 specifically means a couple/pair, which plain 'Heroes' loses; the description confirms a romantic pairing."
"MapPosition/Name/015","Fujian","was: Fujian Province | NOMENCLATURE explicitly says to drop 'Province' unless the source has 省, which this row does not; 'Fujian Province' is the avoid-term."
"Position/Dialog/Alchemy_001","Go to the dark and dim Alchemy Room to be at someone's disposal.","was: Go to the dark and dim alchemy room to be at someone's disposal. | Matches the established place name Alchemy Room (Position/Name/Alchemy) elsewhere in this file."
"Position/Dialog/Alchemy_2_4_8_001","Although the Alchemy Room is the most important, since the Second Senior Brother is at home, there's no need for others to interfere, is there?","was: Although the alchemy room is the most important, since the Second Senior Brother is at home, there's no need for others to interfere, is there? | Matches the established place name Alchemy Room."
"Position/Dialog/Alchemy_7_5_2_001","The fire in the alchemy room, burning steadily for years without fail, will finally go out today.","was: The fire in the alchemy room, which has burned for years without dying, is finally going to go out today, oh. | The trailing 'oh' literally renders the sentence-final particle 啊, reading as an unintended interjection in English."
"Position/Dialog/Back_001","Prepare enough firewood and daily water for the whole Tang Clan for tomorrow. No one wants this exhausting chore. Plus, the path is steep - you have to watch every step to avoid a deadly fall. Then again, making a few more trips might improve your Qinggong, heh.","was: Prepare enough firewood and daily water for the Tang Clan for tomorrow. No one wants to do this arduous task, as it's exhausting. In addition, the path is steep, so one must take each step carefully to avoid falling to death. Running multiple trips might inadvertently improve their light steps, heh. | NOMENCLATURE: 輕功 is Qinggong, never 'light steps'; also fixes the pronoun shift and tightens"
"Position/Dialog/Back_7_5_2_001","Go to the back mountain to pay respects to the Eldest Senior Brother.","was: Go to the back mountain to pay respects to Master Brother. | NOMENCLATURE/GLOSSARY: 大師兄 is Eldest Senior Brother; Master Brother is the explicitly flagged wrong, patch-only rendering."
"Position/Dialog/Center_001","Since the hidden weapons used for practice are loaded with ink, no matter how thoroughly you sweep, the place is bound to be a mess again after each morning's exercises. Someone has to keep it tidy.","was: Due to the fact that the practice hidden weapons are loaded with ink, no matter how clean you sweep, after daily morning exercises, it will definitely become very messy. Someone has to tidy up the environment. | Trims the wordy 'due to the fact that' filler."
"Position/Dialog/Center_2_4_8_001","Training Ground... does it need someone guarding it? Where should I hide? Behind the pillar?","was: Training ground... do we need someone to guard it? Where should I hide? Behind the pillar? | Capitalizes 'Training Ground' as the place name, matching the register's Training Ground place-name convention (same location as Position/Name/Center)."
"Position/Dialog/Door_001","Head down the mountain to purchase daily necessities. It's good to get some fresh air, but often, once you go, you can't come back for days.","was: Head down to the mountain to purchase daily necessities. It's good to get some fresh air, but often, once you go, you can't come back for days. | 'Down to the mountain' reverses/obscures the intended direction of 下山 (descending from the mountain)."
"Position/Dialog/Door_2_4_8_001","Or perhaps I should just stay out of this mess; I can tell there's no reward. Whether I'm there or not, the Tang Clan doesn't care. If things go wrong, I might even lose my life, and no one would even mourn me. ...Perhaps I should just carry a lantern and go down the mountain.","was: Or perhaps I should just stay out of this mess; I can tell there's no reward. Whether I'm there or not, the Tang Clan doesn't care. If I do something wrong, I might even lose my life, and no one would mourn. ...Perhaps I should just carry a lantern and go down the mountain. | 一個不好 means 'if things go badly' (bad luck), not 'if I do something wrong' (personal fault)."
"Position/Dialog/Forge_001","Go to that scorching Forge to be at someone's disposal.","was: Go to that scorching forge to be at someone's disposal. | Matches the established place name Forge, consistent with the Alchemy Room/Kitchen/Training Ground fixes elsewhere in this file."
"Position/Dialog/Forge_2_4_8_001","There are many mechanisms and hidden weapons in the Forge, so it's not strange that bandits would covet them.","was: There are many mechanisms and hidden weapons in the forge, so it's not strange that bandits would covet them. | Matches the established place name Forge."
"Position/Dialog/Forge_7_5_2_001","No more hammering and forging.","was: No longer need to knock and beat | Restores the missing period and reads more naturally than the literal 'knock and beat' for onomatopoeic 敲敲打打."
"Position/Dialog/GirlRoom_001","To avoid being discovered, I had to hide on the cliff outside the Women's Quarters starting in broad daylight, keeping watch and waiting patiently for my chance. When night fell, the Junior Martial Sister would fold paper cranes by the window. I didn't intend to do anything wrong - I just wanted to listen to her breathing!","was: To avoid being discovered, I had to hide outside the female disciple's room on the cliff edge during the day, waiting like a rabbit in a trap. When night fell, the junior martial sister would fold paper cranes by the window. I didn't intend to do anything wrong; I just wanted to listen to her breathing! | Fixes nomenclature (Women's Quarters, Junior Martial Sister) and corrects 守株待兔, which de"
"Position/Dialog/GirlRoom_002","If it weren't broad daylight, the moment I got near the Women's Quarters, the sisters would surround me and beat me senseless without a word of warning.","was: If it's not daylight, I would be surrounded and beaten up by the sisters without hesitation as soon as I approach the female disciple's room. | Nomenclature fix (Women's Quarters) and clearer cause-then-effect reading."
"Position/Dialog/GirlRoom_2_4_8_001","Is it really my place to worry about the Women's Quarters?","was: Is the female disciple Fang Lun worried about me coming? | 輪得到 is a set phrase for 'is it even my place/turn to...', not a person's name - the patch mis-parsed it as a character called 'Fang Lun'. Also fixes 女弟子房 to Women's Quarters."
"Position/Dialog/GirlRoom_7_5_2_001","The sisters of the sect are leaving this place, and who knows where they'll find shelter in the days ahead.","was: The sisters of the sect are leaving this place; in the future, they do not know where to take shelter. | Fixes the tense mismatch and renders the impersonal 不知 idiomatically."
"Position/Dialog/Kitchen_2_4_8_001","If Fourth Senior Brother is present, he would definitely guard the Kitchen. Why would bandits launch a surprise attack on the Kitchen? To destroy our stored grain?","was: If Fourth Senior Brother is present, he would definitely guard the mess hall. Why would bandits launch a surprise attack on the mess hall? To destroy our stored grain? | 伙房 = Kitchen, already fixed for this exact location in this file; 'mess hall' is an unregistered term."
"Position/Dialog/Kitchen_7_5_2_001","The Tang Clan's food was never any more fragrant than an ordinary household's, but I'll surely miss it after this.","was: The Tang Clan's food didn't smell as fragrant as that of ordinary households, but in the future, they couldn't help but miss it. | Fixes the pronoun shift ('they') that breaks the first-person voice used throughout this scene."
"Position/Dialog/M0003_001","Hurry up and get to the training ground for morning exercises.","was: Hurry up and go to the school yard for morning exercises. | 校場 is a martial drill/training ground, not a children's 'school yard'."
"Position/Dialog/M0006_001","Afraid that if someone tried to talk me into staying, I might waver, so I left without a word.","was: In case they were comforted by others, it might cause hesitation, so they left without saying goodbye. | 慰留 means 'persuade someone to stay', not 'comfort'; restores the first-person voice used elsewhere in this scene."
"Position/Dialog/M2003_01_001","Let's prepare to depart for Kui Prefecture.","was: Let's prepare to depart for Kui Prefecture | Restores the missing final period."
"Position/Dialog/M2003_02_001","Go find the Second Senior Brother.","was: Go find the Second Senior Brother | Restores the missing final period."
"Position/Dialog/M3001_02_001","Hurry up and go to the Alchemy Room!","was: Hurry up and go to the alchemy room! | Matches the established place name Alchemy Room."
"Position/Dialog/M5001_00_001","Go to Zhengxin Hall for the meeting - the Third Senior Brother is waiting for me.","was: Go to Zhengxin Hall for the meeting, Third Senior Brother is waiting for me. | Fixes the comma splice."
"Position/Dialog/M6003_01_001","Third Senior Brother needs to bathe, burn incense, fast, and observe a three-day abstinence to offer prayers to the ancestors of the Tang family. I'll go do something else first.","was: Third Senior Brother needs to bathe, burn incense, fast, and observe a three‑day abstinence to offer prayers to the ancestors of the Tang family. I'll go do something else first. | Strips the non-ASCII U+2011 hyphen."
"Position/Dialog/Mall_001","Serving as a day attendant at Zhengxin Hall involves only simple and refined tasks. Not only does it not cause mental strain, but it also aids in self-cultivation. However, always choosing such light work might draw envy.","was: Serving as a day attendant at Zhengxin Hall involves only simple and refined tasks. Not only does it not cause mental strain, but it also aids in self‑cultivation. However, always choosing such light work might draw envy. | Strips the non-ASCII U+2011 hyphen."
"Position/Dialog/Mall_2_4_8_001","Zhengxin Hall is guarded by the Sect Leader; even the wildest bandits wouldn't be reckless enough to throw their lives away there, would they? Would it be too pretentious of me to go guard Zhengxin Hall?","was: Zhengxin Hall is guarded by the master; even if the bandits are as reckless as they can be, they wouldn't go to their death, would they? Would it be too pretentious for me to guard Zhengxin Hall? | GLOSSARY explicitly warns against 'Master' for 掌門; the correct title is Sect Leader."
"Position/Dialog/Mall_7_5_2_001","Go and prostrate yourself before the Sect Leader, and put out the lights of Zhengxin Hall.","was: Go and prostrate yourself before the sect leader, and put out the lights of Zhengxin Hall. | NOMENCLATURE capitalizes 掌門 as the title Sect Leader."
"Position/Dialog/Room_2_4_8_001","I'd better not go in and ask for trouble - Senior Brother has no intention of letting me get a word in. He says the same thing every time, and his fist comes swinging before I even finish.","was: I'd better not go in to challenge him; Senior Brother had no intention of letting me speak. He was saying the same words, and his fist swung over. | 'His fist swung over' is an awkward literal phrasing; tightened for a natural habitual-tense reading."
"Position/Dialog/Room_7_5_2_001","In the past, I always complained the dormitory was too crowded; now it won't be nearly as lively.","was: In the past, I always found the common place too crowded, but later it wasn't as lively anymore. | 通舖 is a shared dormitory bunk, not 'the common place' (which the old text mis-parsed as a place name)."
"Position/Dialog/Study_001","I'm the Third Senior Brother's assistant, helping to handle all the sect's miscellaneous affairs, and doubling as librarian for the Scripture Hall's collection, keeping track of lending records. In my spare time, I get to browse the books myself, which is rather nice.","was: Serving as the assistant to the Third Senior Brother, helping to handle all the miscellaneous affairs of the sect. Also serving as the librarian for the lecture hall's collection, specializing in lending records. In their spare time, they can also browse through books themselves, which is quite nice. | Names the location by its register name (Scripture Hall, matching Position/Name/Study = 講經堂"
"Position/Dialog/Study_2_4_8_001","The Scripture Hall once suffered a calamity by fire, and holds few martial arts manuscripts these days, but it's still a key location of the Tang Clan. The Third Senior Brother is surely among those guarding it.","was: The Lecturing Hall once suffered a calamity of the fire god, with few martial arts manuscripts, but it is still a key location of the Tang Clan. One might think that the Third Senior Brother must be among those guarding it. | Uses the register's place name (Scripture Hall, from Position/Name/Study) instead of the inconsistent 'Lecturing Hall' for what is the same building."
"Position/Dialog/Study_7_5_2_001","The Tang Clan's history really ought to be written down, so it can be passed on for posterity.","was: Regarding the Tang Clan's affairs, they should be written down and passed down for the good. | 'Passed down for the good' is not idiomatic English."
"Position/Name/Pharmacy","Apothecary","was: Pharmacy | GLOSSARY/NOMENCLATURE: this shop = Apothecary, avoid 'Pharmacy'; confirmed by the paired Position/desc/doctor row which already renders the same shop as 'apothecary'."
"Position/Name/Section_02_02","Shangqing Palace","was: Shangqing Temple | NOMENCLATURE's suffix table maps 宮 to Palace; no override entry exists for this landmark, so the suffix rule governs."
"Position/desc/alchemy","Developing poisons to carry on the sect's arts, and compounding everyday remedies to sell down the mountain - all to make a living.","was: Developing poison to pass on the sect's skills, compounding common remedies to sell in the mountains, maintaining a livelihood. | 下山變售 means selling down/off the mountain, not 'in the mountains'; the old text reversed the direction."
"Position/desc/arena","Make a living by fighting on the duel platform.","was: Make a living by fighting on the fighting platform. | Removes the duplicated 'fighting...fighting platform' and matches the Duel Platform label."
"Position/desc/casino","Not many people strike it rich - far more lose everything. Yet the naive marks keep lining up all the same.","was: Not many people achieve wealth and success; instead, many lose everything. Yet the naive sheep still follow one after another. | 羊牯 is gambling slang for a mark/sucker, not literally sheep; literal rendering reads oddly in English."
"Position/desc/cook","Preparing dishes in the kitchen - usually no one will fight you for the wok and spatula - and the menu is entirely up to your whim.","was: Preparing dishes in the kitchen, usually no one will try to take the wok and spatula from you, the menu entirely depends on your whim. | Fixes the comma-spliced run-on."
"Position/desc/cultivate","True Cultivators should receive the Zhengyi register, practice the Heavenly Heart Righteous Law, and eliminate the false to preserve the true.","was: True Cultivators should receive the Zhengyi register, practice the Heavenly Heart Righteous Law, and eliminate falsehoods to preserve the true. | 去偽存真 is a fixed parallel idiom (discard the false, retain the true); 'the false' restores the needed parallel to 'the true'."
"Position/desc/doctor2","Cover for the perpetually late Tang Fang as the doctor on duty for a while - the consultation fees are yours to keep.","was: Help Tang Fang be a sitting‑in doctor for a while; the consultation fee is yours. | Fixes the non-ASCII hyphen and clarifies the substitution sense of 慣性遲到 (habitually late); Tang Fang's name kept per the register."
"Position/desc/farm","Working under the blazing sun at the Righteous Field teaches you the hardships of common life, and leaves the heart steadier and more grounded.","was: Under the great sun, going to the Righteous Field to cultivate teaches one about the hardships of life, making the heart become more steady and grounded. | Fixes the clumsy gerund-headed opener; 義田 = Righteous Field kept intact, meaning preserved."
"Position/desc/forge","Forge iron tools, produce essential household items, and sell them to sustain the sect's livelihood.","was: Forge iron tools, produce essential household items, and sell them to sustain the family's livelihood. | 師門 means 'the sect', not 'the family'."
"Position/desc/forge2","At Kongtong's great ironworks, they forge tools and produce daily necessities, then sell them for a profit.","was: In Kongtong's large iron forge, they forge ironware, produce daily necessities, and sell them to make a profit. | Removes the redundant 'forge...forge ironware'."
"Position/desc/forge3","This isn't your home; you have to pay to borrow a hammer from the smithy.","was: This isn't your home; you have to pay to borrow a hammer from the iron shop. | 'Iron shop' implies a retail store; sibling desc (forge2) calls the same kind of place a forge, so 'smithy' fits a place where a hammer is borrowed for work."
"Position/desc/immortal","All who join my Flying Heaven Gate seek to become immortals - sitting in meditation, practicing the Kongtong Immortal Arts, striving to ascend to the heavens in broad daylight, transcending the Three Realms and beyond the Five Elements.","was: Enter my Flying Heaven Gate, all are seekers of immortality. Meditate and practice Kongtong Immortal Arts, seeking to ascend to heaven by day, breaking through the three realms, beyond the five elements. | Fixes the comma-spliced opener and clarifies 白日飛昇 (ascending while alive, in daylight); no placeholder/\n was present to lose (the old row already lacked one)."
"Position/desc/incense","Burning incense and brewing tea - the easy work of attending study sessions and waiting on your elders. Constant exposure may rub off a touch of refinement, but it hardly counts as an accomplishment.","was: Burning incense and brewing tea, the relaxed task of accompanying reading and serving the master. Gradually influenced by hearing and seeing, one can absorb a bit of refined atmosphere, but it doesn't count as much of a merit. | Fixes the dangling gerund opener and the uncountable misuse of 'merit'."
"Position/desc/origami","In the past, the Junior Martial Sister loved folding paper cranes too - now the scene remains, but she is gone. You can no longer see her face; only folding paper cranes can offer you comfort.","was: In the past, the junior martial sister also loved folding paper cranes. Now, things are different. You can't see her face; only folding paper cranes can console you. | Capitalizes the register title and restores the 'the setting remains, the person is gone' sense of 物是人非 that 'things are different' flattens."
"Position/desc/out1","The Oath of Zhengyi Mengwei: A Daoist priest should take it as their duty to subdue demons and eliminate evil spirits!","was: The Oath of Zhengyi Mengwei: A Taoist priest should take it as their duty to subdue demons and eliminate evil spirits! | NOMENCLATURE is explicit: use Dao- spellings, never Tao-."
"Position/desc/pickwood","Go to the back mountain to cut firewood and carry it back to the sect for use. Not only is it arduous, but the mountain path has been neglected for years, and every time one walks it, it's a heart-pounding experience.","was: Go to the back mountain to cut firewood and carry it back to the sect for use. Not only is it arduous, but the mountain path has been neglected for years, and every time one walks it, it's a heart‑pounding experience. | Strips the non-ASCII U+2011 hyphen."
"Position/desc/practice","Participate in group training, strengthen your physique, pour out youthful sweat, and build camaraderie with your fellow disciples.","was: Participate in group training, strengthen your physique, spill the sweat of youth, and enhance camaraderie among fellow disciples. | 'Spill the sweat of youth' is an overly literal rendering of 揮灑汗水青春; the fix reads more naturally in English."
"Position/desc/sleep","Rest is meant to help you go further. But moderate rest is called taking a break, while rest without restraint is called laziness.","was: Rest is to go further. However, moderate rest is called taking a break, and uncontrolled rest is called laziness. | 'Rest is to go further' is an incomplete literal rendering."
"Position/desc/teashop","Doing the work of a tea server, stove tender, and water carrier all at once - naturally, for only one salary.","was: Working as a tea worker, fire worker, and water carrier, of course only one salary. | Fixes the comma-spliced run-on; meaning (three jobs, one salary) preserved."
"Position/desc/training","Hiding from prying eyes, secretly training in martial arts.","was: To cover up, they hid and secretly practiced martial arts. | Fixes the awkward dangling infinitive opener; 修練 rendered as 'training' to match the register."
"Position/desc/training2","You are the target of discrimination; even if you humbly seek guidance, no one pays attention, and instead you are mocked. All you can do is go off alone to find a quiet, secluded spot and train by yourself.","was: You are the target of discrimination; even if you humbly seek guidance, no one pays attention, and instead you are mocked. You can only be alone, seeking a quiet place to practice on your own. | Fixes the dangling 'You can only be alone, seeking...' construction; 'train' also aligns with the 修練 = Training fix on the paired title."
"Position/desc/training3","Practicing martial arts under your master's guidance.","was: Under the master's guidance, practice martial arts | Restores the missing final period and fixes the stray imperative fragment; 師父 = Master (one's own teacher) correctly kept."
"Position/desc/training4","The Qingcheng Skill-Transmission Elder guides disciples in martial arts here; you can seek guidance from nearby.","was: Qingcheng Master of Skill Transmission guides disciples in martial arts. You can seek guidance from the side. | NOMENCLATURE fixes 長老 as Elder, and explicitly disallows 'Master' outside 師父; 'Master of Skill Transmission' violated that."
"Position/desc/transaction","Carrying medicinal pills, chopping knives, hoes, and other exclusive goods, they sell them on the way down the mountain while purchasing daily necessities and miscellaneous goods. It is time-consuming and often requires enduring the elements, facing wind and rain.","was: Carrying medicinal pills, chopping knives, hoes, and other exclusive goods, they sell them on the way down the mountain while purchasing daily necessities and miscellaneous goods. It is time‑consuming and often requires enduring the elements, facing wind and rain. | Strips the non-ASCII U+2011 hyphen."
"Position/desc/voyeur","(Unauthorized) serving as the guardian of the Junior Martial Sister, waiting under the window of the Women's Quarters from morning until night.","was: (Unauthorized) serving as the guardian of the Junior Martial Sister, waiting under the window of the female disciples' room from morning until night. | NOMENCLATURE/GLOSSARY: 女弟子房 = Women's Quarters."
"Position/desc/walk2","The scenery is beautiful - the thirty-six peaks of Yin and Yang are each more stunning than the last - well worth a walk.","was: The scenery is beautiful, the thirty‑six peaks of Yin and Yang, no place is not extraordinary, you should go take a walk. | Fixes the non-ASCII hyphen and the four-clause comma splice."
"Position/title/training","Training","was: Cultivation | GLOSSARY/NOMENCLATURE: 修練 is never Cultivation (reserved for 修養); 修練 = Training."
"Position/title/training2","Training","was: Cultivation | Same 修練 = Training fix as Position/title/training."
"Position/title/training3","Training","was: Cultivation | Same 修練 = Training fix."
"Position/title/training4","Training","was: Cultivation | Same 修練 = Training fix."
